2026-06-16 13:31:14.273 [main] INFO  c.l.n.NotificationServiceApplication trace=,span= - Starting NotificationServiceApplication v0.0.1-SNAPSHOT using Java 25.0.2 with PID 51547 (/Users/Dzianis_Padbiarezski/projects/loadup/microservices-assessment-dzianis.padbiarezski/notification-service/build/libs/notification-service-0.0.1-SNAPSHOT.jar started by Dzianis_Padbiarezski in /Users/Dzianis_Padbiarezski/projects/loadup/microservices-assessment-dzianis.padbiarezski)
2026-06-16 13:31:14.275 [main] DEBUG c.l.n.NotificationServiceApplication trace=,span= - Running with Spring Boot v4.0.7, Spring v7.0.8
2026-06-16 13:31:14.276 [main] INFO  c.l.n.NotificationServiceApplication trace=,span= - No active profile set, falling back to 1 default profile: "default"
2026-06-16 13:31:14.447 [background-preinit] INFO  o.h.validator.internal.util.Version trace=,span= - HV000001: Hibernate Validator 9.0.1.Final
2026-06-16 13:31:14.718 [main] INFO  o.s.d.r.c.RepositoryConfigurationDelegate trace=,span= - Multiple Spring Data modules found, entering strict repository configuration mode
2026-06-16 13:31:14.720 [main] INFO  o.s.d.r.c.RepositoryConfigurationDelegate trace=,span= - Bootstrapping Spring Data Redis repositories in DEFAULT mode.
2026-06-16 13:31:14.744 [main] INFO  o.s.d.r.c.RepositoryConfigurationDelegate trace=,span= - Finished Spring Data repository scanning in 8 ms. Found 0 Redis repository interfaces.
2026-06-16 13:31:14.854 [main] INFO  o.s.i.c.DefaultConfiguringBeanFactoryPostProcessor trace=,span= - No bean named 'errorChannel' has been explicitly defined. Therefore, a default PublishSubscribeChannel will be created.
2026-06-16 13:31:14.859 [main] INFO  o.s.i.c.DefaultConfiguringBeanFactoryPostProcessor trace=,span= - No bean named 'integrationHeaderChannelRegistry' has been explicitly defined. Therefore, a default DefaultHeaderChannelRegistry will be created.
2026-06-16 13:31:15.222 [main] INFO  o.s.boot.tomcat.TomcatWebServer trace=,span= - Tomcat initialized with port 8081 (http)
2026-06-16 13:31:15.231 [main] INFO  o.a.coyote.http11.Http11NioProtocol trace=,span= - Initializing ProtocolHandler ["http-nio-8081"]
2026-06-16 13:31:15.233 [main] INFO  o.a.catalina.core.StandardService trace=,span= - Starting service [Tomcat]
2026-06-16 13:31:15.233 [main] INFO  o.a.catalina.core.StandardEngine trace=,span= - Starting Servlet engine: [Apache Tomcat/11.0.22]
2026-06-16 13:31:15.253 [main] INFO  o.s.b.w.c.s.WebApplicationContextInitializer trace=,span= - Root WebApplicationContext: initialization completed in 944 ms
2026-06-16 13:31:15.359 [main] WARN  i.n.r.d.DnsServerAddressStreamProviders trace=,span= - Can not find io.netty.resolver.dns.macos.MacOSDnsServerAddressStreamProvider in the classpath, fallback to system defaults. This may result in incorrect DNS resolutions on MacOS. Check whether you have a dependency on 'io.netty:netty-resolver-dns-native-macos'
2026-06-16 13:31:16.060 [main] INFO  o.s.i.endpoint.EventDrivenConsumer trace=,span= - Adding {logging-channel-adapter:_org.springframework.integration.errorLogger} as a subscriber to the 'errorChannel' channel
2026-06-16 13:31:16.061 [main] INFO  o.s.i.c.PublishSubscribeChannel trace=,span= - Channel 'notification-service.errorChannel' has 1 subscriber(s).
2026-06-16 13:31:16.061 [main] INFO  o.s.i.endpoint.EventDrivenConsumer trace=,span= - started bean '_org.springframework.integration.errorLogger'
2026-06-16 13:31:16.163 [main] INFO  o.a.k.common.config.AbstractConfig trace=,span= - ConsumerConfig values: 
	allow.auto.create.topics = true
	auto.commit.interval.ms = 100
	auto.offset.reset = earliest
	bootstrap.servers = [localhost:9092]
	check.crcs = true
	client.dns.lookup = use_all_dns_ips
	client.id = notification-service
	client.rack = 
	connections.max.idle.ms = 540000
	default.api.timeout.ms = 60000
	enable.auto.commit = false
	enable.metrics.push = true
	exclude.internal.topics = true
	fetch.max.bytes = 52428800
	fetch.max.wait.ms = 500
	fetch.min.bytes = 1
	group.id = notification-service-group
	group.instance.id = null
	group.protocol = classic
	group.remote.assignor = null
	heartbeat.interval.ms = 3000
	interceptor.classes = []
	internal.leave.group.on.close = true
	internal.throw.on.fetch.stable.offset.unsupported = false
	isolation.level = read_uncommitted
	key.deserializer = class org.apache.kafka.common.serialization.ByteArrayDeserializer
	max.partition.fetch.bytes = 1048576
	max.poll.interval.ms = 300000
	max.poll.records = 500
	metadata.max.age.ms = 300000
	metadata.recovery.rebootstrap.trigger.ms = 300000
	metadata.recovery.strategy = rebootstrap
	metric.reporters = [org.apache.kafka.common.metrics.JmxReporter]
	metrics.num.samples = 2
	metrics.recording.level = INFO
	metrics.sample.window.ms = 30000
	partition.assignment.strategy = [class org.apache.kafka.clients.consumer.RangeAssignor, class org.apache.kafka.clients.consumer.CooperativeStickyAssignor]
	receive.buffer.bytes = 65536
	reconnect.backoff.max.ms = 1000
	reconnect.backoff.ms = 50
	request.timeout.ms = 30000
	retry.backoff.max.ms = 1000
	retry.backoff.ms = 100
	sasl.client.callback.handler.class = null
	sasl.jaas.config = null
	sasl.kerberos.kinit.cmd = /usr/bin/kinit
	sasl.kerberos.min.time.before.relogin = 60000
	sasl.kerberos.service.name = null
	sasl.kerberos.ticket.renew.jitter = 0.05
	sasl.kerberos.ticket.renew.window.factor = 0.8
	sasl.login.callback.handler.class = null
	sasl.login.class = null
	sasl.login.connect.timeout.ms = null
	sasl.login.read.timeout.ms = null
	sasl.login.refresh.buffer.seconds = 300
	sasl.login.refresh.min.period.seconds = 60
	sasl.login.refresh.window.factor = 0.8
	sasl.login.refresh.window.jitter = 0.05
	sasl.login.retry.backoff.max.ms = 10000
	sasl.login.retry.backoff.ms = 100
	sasl.mechanism = GSSAPI
	sasl.oauthbearer.assertion.algorithm = RS256
	sasl.oauthbearer.assertion.claim.aud = null
	sasl.oauthbearer.assertion.claim.exp.seconds = 300
	sasl.oauthbearer.assertion.claim.iss = null
	sasl.oauthbearer.assertion.claim.jti.include = false
	sasl.oauthbearer.assertion.claim.nbf.seconds = 60
	sasl.oauthbearer.assertion.claim.sub = null
	sasl.oauthbearer.assertion.file = null
	sasl.oauthbearer.assertion.private.key.file = null
	sasl.oauthbearer.assertion.private.key.passphrase = null
	sasl.oauthbearer.assertion.template.file = null
	sasl.oauthbearer.client.credentials.client.id = null
	sasl.oauthbearer.client.credentials.client.secret = null
	sasl.oauthbearer.clock.skew.seconds = 30
	sasl.oauthbearer.expected.audience = null
	sasl.oauthbearer.expected.issuer = null
	sasl.oauthbearer.header.urlencode = false
	sasl.oauthbearer.jwks.endpoint.refresh.ms = 3600000
	sasl.oauthbearer.jwks.endpoint.retry.backoff.max.ms = 10000
	sasl.oauthbearer.jwks.endpoint.retry.backoff.ms = 100
	sasl.oauthbearer.jwks.endpoint.url = null
	sasl.oauthbearer.jwt.retriever.class = class org.apache.kafka.common.security.oauthbearer.DefaultJwtRetriever
	sasl.oauthbearer.jwt.validator.class = class org.apache.kafka.common.security.oauthbearer.DefaultJwtValidator
	sasl.oauthbearer.scope = null
	sasl.oauthbearer.scope.claim.name = scope
	sasl.oauthbearer.sub.claim.name = sub
	sasl.oauthbearer.token.endpoint.url = null
	security.protocol = PLAINTEXT
	security.providers = null
	send.buffer.bytes = 131072
	session.timeout.ms = 45000
	share.acknowledgement.mode = implicit
	socket.connection.setup.timeout.max.ms = 30000
	socket.connection.setup.timeout.ms = 10000
	ssl.cipher.suites = null
	ssl.enabled.protocols = [TLSv1.2, TLSv1.3]
	ssl.endpoint.identification.algorithm = https
	ssl.engine.factory.class = null
	ssl.key.password = null
	ssl.keymanager.algorithm = SunX509
	ssl.keystore.certificate.chain = null
	ssl.keystore.key = null
	ssl.keystore.location = null
	ssl.keystore.password = null
	ssl.keystore.type = JKS
	ssl.protocol = TLSv1.3
	ssl.provider = null
	ssl.secure.random.implementation = null
	ssl.trustmanager.algorithm = PKIX
	ssl.truststore.certificates = null
	ssl.truststore.location = null
	ssl.truststore.password = null
	ssl.truststore.type = JKS
	value.deserializer = class org.apache.kafka.common.serialization.ByteArrayDeserializer

2026-06-16 13:31:16.191 [main] INFO  o.a.k.c.t.i.KafkaMetricsCollector trace=,span= - initializing Kafka metrics collector
2026-06-16 13:31:16.305 [main] INFO  o.a.kafka.common.utils.AppInfoParser trace=,span= - Kafka version: 4.1.2
2026-06-16 13:31:16.305 [main] INFO  o.a.kafka.common.utils.AppInfoParser trace=,span= - Kafka commitId: c82fd9b934b4c1e6
2026-06-16 13:31:16.305 [main] INFO  o.a.kafka.common.utils.AppInfoParser trace=,span= - Kafka startTimeMs: 1781631076304
2026-06-16 13:31:16.474 [main] INFO  o.apache.kafka.clients.NetworkClient trace=,span= - [Consumer clientId=notification-service, groupId=notification-service-group] Node -1 disconnected.
2026-06-16 13:31:16.475 [main] WARN  o.apache.kafka.clients.NetworkClient trace=,span= - [Consumer clientId=notification-service, groupId=notification-service-group] Connection to node -1 (localhost/127.0.0.1:9092) could not be established. Node may not be available.
2026-06-16 13:31:16.476 [main] WARN  o.apache.kafka.clients.NetworkClient trace=,span= - [Consumer clientId=notification-service, groupId=notification-service-group] Bootstrap broker localhost:9092 (id: -1 rack: null isFenced: false) disconnected
2026-06-16 13:31:16.601 [main] INFO  o.apache.kafka.clients.NetworkClient trace=,span= - [Consumer clientId=notification-service, groupId=notification-service-group] Node -1 disconnected.
2026-06-16 13:31:16.601 [main] WARN  o.apache.kafka.clients.NetworkClient trace=,span= - [Consumer clientId=notification-service, groupId=notification-service-group] Connection to node -1 (localhost/127.0.0.1:9092) could not be established. Node may not be available.
2026-06-16 13:31:16.601 [main] WARN  o.apache.kafka.clients.NetworkClient trace=,span= - [Consumer clientId=notification-service, groupId=notification-service-group] Bootstrap broker localhost:9092 (id: -1 rack: null isFenced: false) disconnected
2026-06-16 13:31:16.818 [main] INFO  o.apache.kafka.clients.NetworkClient trace=,span= - [Consumer clientId=notification-service, groupId=notification-service-group] Node -1 disconnected.
2026-06-16 13:31:16.818 [main] WARN  o.apache.kafka.clients.NetworkClient trace=,span= - [Consumer clientId=notification-service, groupId=notification-service-group] Connection to node -1 (localhost/127.0.0.1:9092) could not be established. Node may not be available.
2026-06-16 13:31:16.818 [main] WARN  o.apache.kafka.clients.NetworkClient trace=,span= - [Consumer clientId=notification-service, groupId=notification-service-group] Bootstrap broker localhost:9092 (id: -1 rack: null isFenced: false) disconnected
2026-06-16 13:31:17.216 [main] INFO  o.apache.kafka.clients.NetworkClient trace=,span= - [Consumer clientId=notification-service, groupId=notification-service-group] Node -1 disconnected.
2026-06-16 13:31:17.216 [main] WARN  o.apache.kafka.clients.NetworkClient trace=,span= - [Consumer clientId=notification-service, groupId=notification-service-group] Connection to node -1 (localhost/127.0.0.1:9092) could not be established. Node may not be available.
2026-06-16 13:31:17.216 [main] WARN  o.apache.kafka.clients.NetworkClient trace=,span= - [Consumer clientId=notification-service, groupId=notification-service-group] Bootstrap broker localhost:9092 (id: -1 rack: null isFenced: false) disconnected
2026-06-16 13:31:17.882 [main] INFO  o.apache.kafka.clients.NetworkClient trace=,span= - [Consumer clientId=notification-service, groupId=notification-service-group] Node -1 disconnected.
2026-06-16 13:31:17.883 [main] WARN  o.apache.kafka.clients.NetworkClient trace=,span= - [Consumer clientId=notification-service, groupId=notification-service-group] Connection to node -1 (localhost/127.0.0.1:9092) could not be established. Node may not be available.
2026-06-16 13:31:17.883 [main] WARN  o.apache.kafka.clients.NetworkClient trace=,span= - [Consumer clientId=notification-service, groupId=notification-service-group] Bootstrap broker localhost:9092 (id: -1 rack: null isFenced: false) disconnected
2026-06-16 13:31:18.782 [main] INFO  o.apache.kafka.clients.NetworkClient trace=,span= - [Consumer clientId=notification-service, groupId=notification-service-group] Node -1 disconnected.
2026-06-16 13:31:18.783 [main] WARN  o.apache.kafka.clients.NetworkClient trace=,span= - [Consumer clientId=notification-service, groupId=notification-service-group] Connection to node -1 (localhost/127.0.0.1:9092) could not be established. Node may not be available.
2026-06-16 13:31:18.783 [main] WARN  o.apache.kafka.clients.NetworkClient trace=,span= - [Consumer clientId=notification-service, groupId=notification-service-group] Bootstrap broker localhost:9092 (id: -1 rack: null isFenced: false) disconnected
2026-06-16 13:31:19.793 [main] INFO  o.apache.kafka.clients.NetworkClient trace=,span= - [Consumer clientId=notification-service, groupId=notification-service-group] Node -1 disconnected.
2026-06-16 13:31:19.794 [main] WARN  o.apache.kafka.clients.NetworkClient trace=,span= - [Consumer clientId=notification-service, groupId=notification-service-group] Connection to node -1 (localhost/127.0.0.1:9092) could not be established. Node may not be available.
2026-06-16 13:31:19.794 [main] WARN  o.apache.kafka.clients.NetworkClient trace=,span= - [Consumer clientId=notification-service, groupId=notification-service-group] Bootstrap broker localhost:9092 (id: -1 rack: null isFenced: false) disconnected
2026-06-16 13:31:20.802 [main] INFO  o.apache.kafka.clients.NetworkClient trace=,span= - [Consumer clientId=notification-service, groupId=notification-service-group] Node -1 disconnected.
2026-06-16 13:31:20.802 [main] WARN  o.apache.kafka.clients.NetworkClient trace=,span= - [Consumer clientId=notification-service, groupId=notification-service-group] Connection to node -1 (localhost/127.0.0.1:9092) could not be established. Node may not be available.
2026-06-16 13:31:20.803 [main] WARN  o.apache.kafka.clients.NetworkClient trace=,span= - [Consumer clientId=notification-service, groupId=notification-service-group] Bootstrap broker localhost:9092 (id: -1 rack: null isFenced: false) disconnected
2026-06-16 13:31:21.809 [main] INFO  o.apache.kafka.clients.NetworkClient trace=,span= - [Consumer clientId=notification-service, groupId=notification-service-group] Node -1 disconnected.
2026-06-16 13:31:21.809 [main] WARN  o.apache.kafka.clients.NetworkClient trace=,span= - [Consumer clientId=notification-service, groupId=notification-service-group] Connection to node -1 (localhost/127.0.0.1:9092) could not be established. Node may not be available.
2026-06-16 13:31:21.809 [main] WARN  o.apache.kafka.clients.NetworkClient trace=,span= - [Consumer clientId=notification-service, groupId=notification-service-group] Bootstrap broker localhost:9092 (id: -1 rack: null isFenced: false) disconnected
2026-06-16 13:31:22.817 [main] INFO  o.apache.kafka.clients.NetworkClient trace=,span= - [Consumer clientId=notification-service, groupId=notification-service-group] Node -1 disconnected.
2026-06-16 13:31:22.818 [main] WARN  o.apache.kafka.clients.NetworkClient trace=,span= - [Consumer clientId=notification-service, groupId=notification-service-group] Connection to node -1 (localhost/127.0.0.1:9092) could not be established. Node may not be available.
2026-06-16 13:31:22.819 [main] WARN  o.apache.kafka.clients.NetworkClient trace=,span= - [Consumer clientId=notification-service, groupId=notification-service-group] Bootstrap broker localhost:9092 (id: -1 rack: null isFenced: false) disconnected
2026-06-16 13:31:24.574 [main] INFO  o.apache.kafka.clients.NetworkClient trace=,span= - [Consumer clientId=notification-service, groupId=notification-service-group] Node -1 disconnected.
2026-06-16 13:31:24.577 [main] WARN  o.apache.kafka.clients.NetworkClient trace=,span= - [Consumer clientId=notification-service, groupId=notification-service-group] Connection to node -1 (localhost/127.0.0.1:9092) could not be established. Node may not be available.
2026-06-16 13:31:24.577 [main] WARN  o.apache.kafka.clients.NetworkClient trace=,span= - [Consumer clientId=notification-service, groupId=notification-service-group] Bootstrap broker localhost:9092 (id: -1 rack: null isFenced: false) disconnected
2026-06-16 13:31:25.586 [main] INFO  o.apache.kafka.clients.NetworkClient trace=,span= - [Consumer clientId=notification-service, groupId=notification-service-group] Node -1 disconnected.
2026-06-16 13:31:25.586 [main] WARN  o.apache.kafka.clients.NetworkClient trace=,span= - [Consumer clientId=notification-service, groupId=notification-service-group] Connection to node -1 (localhost/127.0.0.1:9092) could not be established. Node may not be available.
2026-06-16 13:31:25.587 [main] WARN  o.apache.kafka.clients.NetworkClient trace=,span= - [Consumer clientId=notification-service, groupId=notification-service-group] Bootstrap broker localhost:9092 (id: -1 rack: null isFenced: false) disconnected
2026-06-16 13:31:27.472 [main] INFO  o.apache.kafka.clients.NetworkClient trace=,span= - [Consumer clientId=notification-service, groupId=notification-service-group] Node -1 disconnected.
2026-06-16 13:31:27.473 [main] WARN  o.apache.kafka.clients.NetworkClient trace=,span= - [Consumer clientId=notification-service, groupId=notification-service-group] Connection to node -1 (localhost/127.0.0.1:9092) could not be established. Node may not be available.
2026-06-16 13:31:27.473 [main] WARN  o.apache.kafka.clients.NetworkClient trace=,span= - [Consumer clientId=notification-service, groupId=notification-service-group] Bootstrap broker localhost:9092 (id: -1 rack: null isFenced: false) disconnected
2026-06-16 13:31:28.482 [main] INFO  o.apache.kafka.clients.NetworkClient trace=,span= - [Consumer clientId=notification-service, groupId=notification-service-group] Node -1 disconnected.
2026-06-16 13:31:28.482 [main] WARN  o.apache.kafka.clients.NetworkClient trace=,span= - [Consumer clientId=notification-service, groupId=notification-service-group] Connection to node -1 (localhost/127.0.0.1:9092) could not be established. Node may not be available.
2026-06-16 13:31:28.484 [main] WARN  o.apache.kafka.clients.NetworkClient trace=,span= - [Consumer clientId=notification-service, groupId=notification-service-group] Bootstrap broker localhost:9092 (id: -1 rack: null isFenced: false) disconnected
2026-06-16 13:31:30.268 [main] INFO  o.apache.kafka.clients.NetworkClient trace=,span= - [Consumer clientId=notification-service, groupId=notification-service-group] Node -1 disconnected.
2026-06-16 13:31:30.269 [main] WARN  o.apache.kafka.clients.NetworkClient trace=,span= - [Consumer clientId=notification-service, groupId=notification-service-group] Connection to node -1 (localhost/127.0.0.1:9092) could not be established. Node may not be available.
2026-06-16 13:31:30.269 [main] WARN  o.apache.kafka.clients.NetworkClient trace=,span= - [Consumer clientId=notification-service, groupId=notification-service-group] Bootstrap broker localhost:9092 (id: -1 rack: null isFenced: false) disconnected
2026-06-16 13:31:31.203 [main] INFO  o.apache.kafka.clients.NetworkClient trace=,span= - [Consumer clientId=notification-service, groupId=notification-service-group] Node -1 disconnected.
2026-06-16 13:31:31.204 [main] WARN  o.apache.kafka.clients.NetworkClient trace=,span= - [Consumer clientId=notification-service, groupId=notification-service-group] Connection to node -1 (localhost/127.0.0.1:9092) could not be established. Node may not be available.
2026-06-16 13:31:31.204 [main] WARN  o.apache.kafka.clients.NetworkClient trace=,span= - [Consumer clientId=notification-service, groupId=notification-service-group] Bootstrap broker localhost:9092 (id: -1 rack: null isFenced: false) disconnected
2026-06-16 13:31:33.069 [main] INFO  o.apache.kafka.clients.NetworkClient trace=,span= - [Consumer clientId=notification-service, groupId=notification-service-group] Node -1 disconnected.
2026-06-16 13:31:33.070 [main] WARN  o.apache.kafka.clients.NetworkClient trace=,span= - [Consumer clientId=notification-service, groupId=notification-service-group] Connection to node -1 (localhost/127.0.0.1:9092) could not be established. Node may not be available.
2026-06-16 13:31:33.070 [main] WARN  o.apache.kafka.clients.NetworkClient trace=,span= - [Consumer clientId=notification-service, groupId=notification-service-group] Bootstrap broker localhost:9092 (id: -1 rack: null isFenced: false) disconnected
2026-06-16 13:31:34.080 [main] INFO  o.apache.kafka.clients.NetworkClient trace=,span= - [Consumer clientId=notification-service, groupId=notification-service-group] Node -1 disconnected.
2026-06-16 13:31:34.082 [main] WARN  o.apache.kafka.clients.NetworkClient trace=,span= - [Consumer clientId=notification-service, groupId=notification-service-group] Connection to node -1 (localhost/127.0.0.1:9092) could not be established. Node may not be available.
2026-06-16 13:31:34.082 [main] WARN  o.apache.kafka.clients.NetworkClient trace=,span= - [Consumer clientId=notification-service, groupId=notification-service-group] Bootstrap broker localhost:9092 (id: -1 rack: null isFenced: false) disconnected
2026-06-16 13:31:35.909 [main] INFO  o.apache.kafka.clients.NetworkClient trace=,span= - [Consumer clientId=notification-service, groupId=notification-service-group] Node -1 disconnected.
2026-06-16 13:31:35.909 [main] WARN  o.apache.kafka.clients.NetworkClient trace=,span= - [Consumer clientId=notification-service, groupId=notification-service-group] Connection to node -1 (localhost/127.0.0.1:9092) could not be established. Node may not be available.
2026-06-16 13:31:35.909 [main] WARN  o.apache.kafka.clients.NetworkClient trace=,span= - [Consumer clientId=notification-service, groupId=notification-service-group] Bootstrap broker localhost:9092 (id: -1 rack: null isFenced: false) disconnected
2026-06-16 13:31:37.792 [main] INFO  o.apache.kafka.clients.NetworkClient trace=,span= - [Consumer clientId=notification-service, groupId=notification-service-group] Node -1 disconnected.
2026-06-16 13:31:37.793 [main] WARN  o.apache.kafka.clients.NetworkClient trace=,span= - [Consumer clientId=notification-service, groupId=notification-service-group] Connection to node -1 (localhost/127.0.0.1:9092) could not be established. Node may not be available.
2026-06-16 13:31:37.793 [main] WARN  o.apache.kafka.clients.NetworkClient trace=,span= - [Consumer clientId=notification-service, groupId=notification-service-group] Bootstrap broker localhost:9092 (id: -1 rack: null isFenced: false) disconnected
2026-06-16 13:31:39.758 [main] INFO  o.apache.kafka.clients.NetworkClient trace=,span= - [Consumer clientId=notification-service, groupId=notification-service-group] Node -1 disconnected.
2026-06-16 13:31:39.760 [main] WARN  o.apache.kafka.clients.NetworkClient trace=,span= - [Consumer clientId=notification-service, groupId=notification-service-group] Connection to node -1 (localhost/127.0.0.1:9092) could not be established. Node may not be available.
2026-06-16 13:31:39.760 [main] WARN  o.apache.kafka.clients.NetworkClient trace=,span= - [Consumer clientId=notification-service, groupId=notification-service-group] Bootstrap broker localhost:9092 (id: -1 rack: null isFenced: false) disconnected
2026-06-16 13:31:40.769 [main] INFO  o.apache.kafka.clients.NetworkClient trace=,span= - [Consumer clientId=notification-service, groupId=notification-service-group] Node -1 disconnected.
2026-06-16 13:31:40.771 [main] WARN  o.apache.kafka.clients.NetworkClient trace=,span= - [Consumer clientId=notification-service, groupId=notification-service-group] Connection to node -1 (localhost/127.0.0.1:9092) could not be established. Node may not be available.
2026-06-16 13:31:40.771 [main] WARN  o.apache.kafka.clients.NetworkClient trace=,span= - [Consumer clientId=notification-service, groupId=notification-service-group] Bootstrap broker localhost:9092 (id: -1 rack: null isFenced: false) disconnected
2026-06-16 13:31:41.778 [main] INFO  o.apache.kafka.clients.NetworkClient trace=,span= - [Consumer clientId=notification-service, groupId=notification-service-group] Node -1 disconnected.
2026-06-16 13:31:41.779 [main] WARN  o.apache.kafka.clients.NetworkClient trace=,span= - [Consumer clientId=notification-service, groupId=notification-service-group] Connection to node -1 (localhost/127.0.0.1:9092) could not be established. Node may not be available.
2026-06-16 13:31:41.780 [main] WARN  o.apache.kafka.clients.NetworkClient trace=,span= - [Consumer clientId=notification-service, groupId=notification-service-group] Bootstrap broker localhost:9092 (id: -1 rack: null isFenced: false) disconnected
2026-06-16 13:31:42.674 [main] INFO  o.apache.kafka.clients.NetworkClient trace=,span= - [Consumer clientId=notification-service, groupId=notification-service-group] Node -1 disconnected.
2026-06-16 13:31:42.674 [main] WARN  o.apache.kafka.clients.NetworkClient trace=,span= - [Consumer clientId=notification-service, groupId=notification-service-group] Connection to node -1 (localhost/127.0.0.1:9092) could not be established. Node may not be available.
2026-06-16 13:31:42.674 [main] WARN  o.apache.kafka.clients.NetworkClient trace=,span= - [Consumer clientId=notification-service, groupId=notification-service-group] Bootstrap broker localhost:9092 (id: -1 rack: null isFenced: false) disconnected
2026-06-16 13:31:43.631 [main] INFO  org.apache.kafka.clients.Metadata trace=,span= - [Consumer clientId=notification-service, groupId=notification-service-group] Rebootstrapping with [localhost/127.0.0.1:9092]
2026-06-16 13:31:44.542 [main] INFO  o.apache.kafka.clients.NetworkClient trace=,span= - [Consumer clientId=notification-service, groupId=notification-service-group] Node -1 disconnected.
2026-06-16 13:31:44.543 [main] WARN  o.apache.kafka.clients.NetworkClient trace=,span= - [Consumer clientId=notification-service, groupId=notification-service-group] Connection to node -1 (localhost/127.0.0.1:9092) could not be established. Node may not be available.
2026-06-16 13:31:44.544 [main] WARN  o.apache.kafka.clients.NetworkClient trace=,span= - [Consumer clientId=notification-service, groupId=notification-service-group] Bootstrap broker localhost:9092 (id: -1 rack: null isFenced: false) disconnected
2026-06-16 13:31:45.552 [main] INFO  o.apache.kafka.clients.NetworkClient trace=,span= - [Consumer clientId=notification-service, groupId=notification-service-group] Node -1 disconnected.
2026-06-16 13:31:45.553 [main] WARN  o.apache.kafka.clients.NetworkClient trace=,span= - [Consumer clientId=notification-service, groupId=notification-service-group] Connection to node -1 (localhost/127.0.0.1:9092) could not be established. Node may not be available.
2026-06-16 13:31:45.553 [main] WARN  o.apache.kafka.clients.NetworkClient trace=,span= - [Consumer clientId=notification-service, groupId=notification-service-group] Bootstrap broker localhost:9092 (id: -1 rack: null isFenced: false) disconnected
2026-06-16 13:31:46.564 [main] INFO  o.apache.kafka.clients.NetworkClient trace=,span= - [Consumer clientId=notification-service, groupId=notification-service-group] Node -1 disconnected.
2026-06-16 13:31:46.566 [main] WARN  o.apache.kafka.clients.NetworkClient trace=,span= - [Consumer clientId=notification-service, groupId=notification-service-group] Connection to node -1 (localhost/127.0.0.1:9092) could not be established. Node may not be available.
2026-06-16 13:31:46.566 [main] WARN  o.apache.kafka.clients.NetworkClient trace=,span= - [Consumer clientId=notification-service, groupId=notification-service-group] Bootstrap broker localhost:9092 (id: -1 rack: null isFenced: false) disconnected
2026-06-16 13:31:47.445 [main] INFO  o.apache.kafka.clients.NetworkClient trace=,span= - [Consumer clientId=notification-service, groupId=notification-service-group] Node -1 disconnected.
2026-06-16 13:31:47.445 [main] WARN  o.apache.kafka.clients.NetworkClient trace=,span= - [Consumer clientId=notification-service, groupId=notification-service-group] Connection to node -1 (localhost/127.0.0.1:9092) could not be established. Node may not be available.
2026-06-16 13:31:47.445 [main] WARN  o.apache.kafka.clients.NetworkClient trace=,span= - [Consumer clientId=notification-service, groupId=notification-service-group] Bootstrap broker localhost:9092 (id: -1 rack: null isFenced: false) disconnected
2026-06-16 13:31:48.312 [main] INFO  org.apache.kafka.clients.Metadata trace=,span= - [Consumer clientId=notification-service, groupId=notification-service-group] Rebootstrapping with [localhost/127.0.0.1:9092]
2026-06-16 13:31:49.169 [main] INFO  o.apache.kafka.clients.NetworkClient trace=,span= - [Consumer clientId=notification-service, groupId=notification-service-group] Node -1 disconnected.
2026-06-16 13:31:49.169 [main] WARN  o.apache.kafka.clients.NetworkClient trace=,span= - [Consumer clientId=notification-service, groupId=notification-service-group] Connection to node -1 (localhost/127.0.0.1:9092) could not be established. Node may not be available.
2026-06-16 13:31:49.170 [main] WARN  o.apache.kafka.clients.NetworkClient trace=,span= - [Consumer clientId=notification-service, groupId=notification-service-group] Bootstrap broker localhost:9092 (id: -1 rack: null isFenced: false) disconnected
2026-06-16 13:31:50.176 [main] INFO  o.apache.kafka.clients.NetworkClient trace=,span= - [Consumer clientId=notification-service, groupId=notification-service-group] Node -1 disconnected.
2026-06-16 13:31:50.176 [main] WARN  o.apache.kafka.clients.NetworkClient trace=,span= - [Consumer clientId=notification-service, groupId=notification-service-group] Connection to node -1 (localhost/127.0.0.1:9092) could not be established. Node may not be available.
2026-06-16 13:31:50.176 [main] WARN  o.apache.kafka.clients.NetworkClient trace=,span= - [Consumer clientId=notification-service, groupId=notification-service-group] Bootstrap broker localhost:9092 (id: -1 rack: null isFenced: false) disconnected
2026-06-16 13:31:51.183 [main] INFO  o.apache.kafka.clients.NetworkClient trace=,span= - [Consumer clientId=notification-service, groupId=notification-service-group] Node -1 disconnected.
2026-06-16 13:31:51.183 [main] WARN  o.apache.kafka.clients.NetworkClient trace=,span= - [Consumer clientId=notification-service, groupId=notification-service-group] Connection to node -1 (localhost/127.0.0.1:9092) could not be established. Node may not be available.
2026-06-16 13:31:51.183 [main] WARN  o.apache.kafka.clients.NetworkClient trace=,span= - [Consumer clientId=notification-service, groupId=notification-service-group] Bootstrap broker localhost:9092 (id: -1 rack: null isFenced: false) disconnected
2026-06-16 13:31:52.078 [main] INFO  org.apache.kafka.clients.Metadata trace=,span= - [Consumer clientId=notification-service, groupId=notification-service-group] Rebootstrapping with [localhost/127.0.0.1:9092]
2026-06-16 13:31:52.936 [main] INFO  o.apache.kafka.clients.NetworkClient trace=,span= - [Consumer clientId=notification-service, groupId=notification-service-group] Node -1 disconnected.
2026-06-16 13:31:52.937 [main] WARN  o.apache.kafka.clients.NetworkClient trace=,span= - [Consumer clientId=notification-service, groupId=notification-service-group] Connection to node -1 (localhost/127.0.0.1:9092) could not be established. Node may not be available.
2026-06-16 13:31:52.937 [main] WARN  o.apache.kafka.clients.NetworkClient trace=,span= - [Consumer clientId=notification-service, groupId=notification-service-group] Bootstrap broker localhost:9092 (id: -1 rack: null isFenced: false) disconnected
2026-06-16 13:31:53.939 [main] INFO  o.apache.kafka.clients.NetworkClient trace=,span= - [Consumer clientId=notification-service, groupId=notification-service-group] Node -1 disconnected.
2026-06-16 13:31:53.940 [main] WARN  o.apache.kafka.clients.NetworkClient trace=,span= - [Consumer clientId=notification-service, groupId=notification-service-group] Connection to node -1 (localhost/127.0.0.1:9092) could not be established. Node may not be available.
2026-06-16 13:31:53.940 [main] WARN  o.apache.kafka.clients.NetworkClient trace=,span= - [Consumer clientId=notification-service, groupId=notification-service-group] Bootstrap broker localhost:9092 (id: -1 rack: null isFenced: false) disconnected
2026-06-16 13:31:55.829 [main] INFO  o.apache.kafka.clients.NetworkClient trace=,span= - [Consumer clientId=notification-service, groupId=notification-service-group] Node -1 disconnected.
2026-06-16 13:31:55.833 [main] WARN  o.apache.kafka.clients.NetworkClient trace=,span= - [Consumer clientId=notification-service, groupId=notification-service-group] Connection to node -1 (localhost/127.0.0.1:9092) could not be established. Node may not be available.
2026-06-16 13:31:55.834 [main] WARN  o.apache.kafka.clients.NetworkClient trace=,span= - [Consumer clientId=notification-service, groupId=notification-service-group] Bootstrap broker localhost:9092 (id: -1 rack: null isFenced: false) disconnected
2026-06-16 13:31:56.844 [main] INFO  o.apache.kafka.clients.NetworkClient trace=,span= - [Consumer clientId=notification-service, groupId=notification-service-group] Node -1 disconnected.
2026-06-16 13:31:56.846 [main] WARN  o.apache.kafka.clients.NetworkClient trace=,span= - [Consumer clientId=notification-service, groupId=notification-service-group] Connection to node -1 (localhost/127.0.0.1:9092) could not be established. Node may not be available.
2026-06-16 13:31:56.846 [main] WARN  o.apache.kafka.clients.NetworkClient trace=,span= - [Consumer clientId=notification-service, groupId=notification-service-group] Bootstrap broker localhost:9092 (id: -1 rack: null isFenced: false) disconnected
2026-06-16 13:31:57.854 [main] INFO  o.apache.kafka.clients.NetworkClient trace=,span= - [Consumer clientId=notification-service, groupId=notification-service-group] Node -1 disconnected.
2026-06-16 13:31:57.854 [main] WARN  o.apache.kafka.clients.NetworkClient trace=,span= - [Consumer clientId=notification-service, groupId=notification-service-group] Connection to node -1 (localhost/127.0.0.1:9092) could not be established. Node may not be available.
2026-06-16 13:31:57.854 [main] WARN  o.apache.kafka.clients.NetworkClient trace=,span= - [Consumer clientId=notification-service, groupId=notification-service-group] Bootstrap broker localhost:9092 (id: -1 rack: null isFenced: false) disconnected
2026-06-16 13:31:59.686 [main] INFO  o.apache.kafka.clients.NetworkClient trace=,span= - [Consumer clientId=notification-service, groupId=notification-service-group] Node -1 disconnected.
2026-06-16 13:31:59.687 [main] WARN  o.apache.kafka.clients.NetworkClient trace=,span= - [Consumer clientId=notification-service, groupId=notification-service-group] Connection to node -1 (localhost/127.0.0.1:9092) could not be established. Node may not be available.
2026-06-16 13:31:59.687 [main] WARN  o.apache.kafka.clients.NetworkClient trace=,span= - [Consumer clientId=notification-service, groupId=notification-service-group] Bootstrap broker localhost:9092 (id: -1 rack: null isFenced: false) disconnected
2026-06-16 13:32:00.602 [main] INFO  o.apache.kafka.clients.NetworkClient trace=,span= - [Consumer clientId=notification-service, groupId=notification-service-group] Node -1 disconnected.
2026-06-16 13:32:00.602 [main] WARN  o.apache.kafka.clients.NetworkClient trace=,span= - [Consumer clientId=notification-service, groupId=notification-service-group] Connection to node -1 (localhost/127.0.0.1:9092) could not be established. Node may not be available.
2026-06-16 13:32:00.602 [main] WARN  o.apache.kafka.clients.NetworkClient trace=,span= - [Consumer clientId=notification-service, groupId=notification-service-group] Bootstrap broker localhost:9092 (id: -1 rack: null isFenced: false) disconnected
2026-06-16 13:32:01.413 [main] INFO  org.apache.kafka.clients.Metadata trace=,span= - [Consumer clientId=notification-service, groupId=notification-service-group] Rebootstrapping with [localhost/127.0.0.1:9092]
2026-06-16 13:32:02.376 [main] INFO  o.apache.kafka.clients.NetworkClient trace=,span= - [Consumer clientId=notification-service, groupId=notification-service-group] Node -1 disconnected.
2026-06-16 13:32:02.379 [main] WARN  o.apache.kafka.clients.NetworkClient trace=,span= - [Consumer clientId=notification-service, groupId=notification-service-group] Connection to node -1 (localhost/127.0.0.1:9092) could not be established. Node may not be available.
2026-06-16 13:32:02.379 [main] WARN  o.apache.kafka.clients.NetworkClient trace=,span= - [Consumer clientId=notification-service, groupId=notification-service-group] Bootstrap broker localhost:9092 (id: -1 rack: null isFenced: false) disconnected
2026-06-16 13:32:03.390 [main] INFO  o.apache.kafka.clients.NetworkClient trace=,span= - [Consumer clientId=notification-service, groupId=notification-service-group] Node -1 disconnected.
2026-06-16 13:32:03.390 [main] WARN  o.apache.kafka.clients.NetworkClient trace=,span= - [Consumer clientId=notification-service, groupId=notification-service-group] Connection to node -1 (localhost/127.0.0.1:9092) could not be established. Node may not be available.
2026-06-16 13:32:03.391 [main] WARN  o.apache.kafka.clients.NetworkClient trace=,span= - [Consumer clientId=notification-service, groupId=notification-service-group] Bootstrap broker localhost:9092 (id: -1 rack: null isFenced: false) disconnected
2026-06-16 13:32:04.398 [main] INFO  o.apache.kafka.clients.NetworkClient trace=,span= - [Consumer clientId=notification-service, groupId=notification-service-group] Node -1 disconnected.
2026-06-16 13:32:04.399 [main] WARN  o.apache.kafka.clients.NetworkClient trace=,span= - [Consumer clientId=notification-service, groupId=notification-service-group] Connection to node -1 (localhost/127.0.0.1:9092) could not be established. Node may not be available.
2026-06-16 13:32:04.399 [main] WARN  o.apache.kafka.clients.NetworkClient trace=,span= - [Consumer clientId=notification-service, groupId=notification-service-group] Bootstrap broker localhost:9092 (id: -1 rack: null isFenced: false) disconnected
2026-06-16 13:32:06.181 [main] INFO  o.apache.kafka.clients.NetworkClient trace=,span= - [Consumer clientId=notification-service, groupId=notification-service-group] Node -1 disconnected.
2026-06-16 13:32:06.181 [main] WARN  o.apache.kafka.clients.NetworkClient trace=,span= - [Consumer clientId=notification-service, groupId=notification-service-group] Connection to node -1 (localhost/127.0.0.1:9092) could not be established. Node may not be available.
2026-06-16 13:32:06.181 [main] WARN  o.apache.kafka.clients.NetworkClient trace=,span= - [Consumer clientId=notification-service, groupId=notification-service-group] Bootstrap broker localhost:9092 (id: -1 rack: null isFenced: false) disconnected
2026-06-16 13:32:08.059 [main] INFO  o.apache.kafka.clients.NetworkClient trace=,span= - [Consumer clientId=notification-service, groupId=notification-service-group] Node -1 disconnected.
2026-06-16 13:32:08.059 [main] WARN  o.apache.kafka.clients.NetworkClient trace=,span= - [Consumer clientId=notification-service, groupId=notification-service-group] Connection to node -1 (localhost/127.0.0.1:9092) could not be established. Node may not be available.
2026-06-16 13:32:08.059 [main] WARN  o.apache.kafka.clients.NetworkClient trace=,span= - [Consumer clientId=notification-service, groupId=notification-service-group] Bootstrap broker localhost:9092 (id: -1 rack: null isFenced: false) disconnected
2026-06-16 13:32:09.995 [main] INFO  o.apache.kafka.clients.NetworkClient trace=,span= - [Consumer clientId=notification-service, groupId=notification-service-group] Node -1 disconnected.
2026-06-16 13:32:09.996 [main] WARN  o.apache.kafka.clients.NetworkClient trace=,span= - [Consumer clientId=notification-service, groupId=notification-service-group] Connection to node -1 (localhost/127.0.0.1:9092) could not be established. Node may not be available.
2026-06-16 13:32:09.997 [main] WARN  o.apache.kafka.clients.NetworkClient trace=,span= - [Consumer clientId=notification-service, groupId=notification-service-group] Bootstrap broker localhost:9092 (id: -1 rack: null isFenced: false) disconnected
2026-06-16 13:32:11.934 [main] INFO  o.apache.kafka.clients.NetworkClient trace=,span= - [Consumer clientId=notification-service, groupId=notification-service-group] Node -1 disconnected.
2026-06-16 13:32:11.935 [main] WARN  o.apache.kafka.clients.NetworkClient trace=,span= - [Consumer clientId=notification-service, groupId=notification-service-group] Connection to node -1 (localhost/127.0.0.1:9092) could not be established. Node may not be available.
2026-06-16 13:32:11.937 [main] WARN  o.apache.kafka.clients.NetworkClient trace=,span= - [Consumer clientId=notification-service, groupId=notification-service-group] Bootstrap broker localhost:9092 (id: -1 rack: null isFenced: false) disconnected
2026-06-16 13:32:13.771 [main] INFO  o.apache.kafka.clients.NetworkClient trace=,span= - [Consumer clientId=notification-service, groupId=notification-service-group] Node -1 disconnected.
2026-06-16 13:32:13.771 [main] WARN  o.apache.kafka.clients.NetworkClient trace=,span= - [Consumer clientId=notification-service, groupId=notification-service-group] Connection to node -1 (localhost/127.0.0.1:9092) could not be established. Node may not be available.
2026-06-16 13:32:13.772 [main] WARN  o.apache.kafka.clients.NetworkClient trace=,span= - [Consumer clientId=notification-service, groupId=notification-service-group] Bootstrap broker localhost:9092 (id: -1 rack: null isFenced: false) disconnected
2026-06-16 13:32:14.779 [main] INFO  o.apache.kafka.clients.NetworkClient trace=,span= - [Consumer clientId=notification-service, groupId=notification-service-group] Node -1 disconnected.
2026-06-16 13:32:14.779 [main] WARN  o.apache.kafka.clients.NetworkClient trace=,span= - [Consumer clientId=notification-service, groupId=notification-service-group] Connection to node -1 (localhost/127.0.0.1:9092) could not be established. Node may not be available.
2026-06-16 13:32:14.779 [main] WARN  o.apache.kafka.clients.NetworkClient trace=,span= - [Consumer clientId=notification-service, groupId=notification-service-group] Bootstrap broker localhost:9092 (id: -1 rack: null isFenced: false) disconnected
2026-06-16 13:32:16.318 [main] INFO  o.a.k.c.c.i.ConsumerCoordinator trace=,span= - [Consumer clientId=notification-service, groupId=notification-service-group] Resetting generation and member id due to: consumer pro-actively leaving the group
2026-06-16 13:32:16.318 [main] INFO  o.a.k.c.c.i.ConsumerCoordinator trace=,span= - [Consumer clientId=notification-service, groupId=notification-service-group] Request joining group due to: consumer pro-actively leaving the group
2026-06-16 13:32:16.324 [main] INFO  o.a.kafka.common.metrics.Metrics trace=,span= - Metrics scheduler closed
2026-06-16 13:32:16.324 [main] INFO  o.a.kafka.common.metrics.Metrics trace=,span= - Closing reporter org.apache.kafka.common.metrics.JmxReporter
2026-06-16 13:32:16.325 [main] INFO  o.a.kafka.common.metrics.Metrics trace=,span= - Closing reporter org.apache.kafka.common.telemetry.internals.ClientTelemetryReporter
2026-06-16 13:32:16.325 [main] INFO  o.a.kafka.common.metrics.Metrics trace=,span= - Metrics reporters closed
2026-06-16 13:32:16.331 [main] INFO  o.a.kafka.common.utils.AppInfoParser trace=,span= - App info kafka.consumer for notification-service unregistered
2026-06-16 13:32:16.332 [main] INFO  o.a.k.common.config.AbstractConfig trace=,span= - AdminClientConfig values: 
	bootstrap.controllers = []
	bootstrap.servers = [localhost:9092]
	client.dns.lookup = use_all_dns_ips
	client.id = notification-service
	connections.max.idle.ms = 300000
	default.api.timeout.ms = 60000
	enable.metrics.push = false
	metadata.max.age.ms = 300000
	metadata.recovery.rebootstrap.trigger.ms = 300000
	metadata.recovery.strategy = rebootstrap
	metric.reporters = [org.apache.kafka.common.metrics.JmxReporter]
	metrics.num.samples = 2
	metrics.recording.level = INFO
	metrics.sample.window.ms = 30000
	receive.buffer.bytes = 65536
	reconnect.backoff.max.ms = 1000
	reconnect.backoff.ms = 50
	request.timeout.ms = 30000
	retries = 2147483647
	retry.backoff.max.ms = 1000
	retry.backoff.ms = 100
	sasl.client.callback.handler.class = null
	sasl.jaas.config = null
	sasl.kerberos.kinit.cmd = /usr/bin/kinit
	sasl.kerberos.min.time.before.relogin = 60000
	sasl.kerberos.service.name = null
	sasl.kerberos.ticket.renew.jitter = 0.05
	sasl.kerberos.ticket.renew.window.factor = 0.8
	sasl.login.callback.handler.class = null
	sasl.login.class = null
	sasl.login.connect.timeout.ms = null
	sasl.login.read.timeout.ms = null
	sasl.login.refresh.buffer.seconds = 300
	sasl.login.refresh.min.period.seconds = 60
	sasl.login.refresh.window.factor = 0.8
	sasl.login.refresh.window.jitter = 0.05
	sasl.login.retry.backoff.max.ms = 10000
	sasl.login.retry.backoff.ms = 100
	sasl.mechanism = GSSAPI
	sasl.oauthbearer.assertion.algorithm = RS256
	sasl.oauthbearer.assertion.claim.aud = null
	sasl.oauthbearer.assertion.claim.exp.seconds = 300
	sasl.oauthbearer.assertion.claim.iss = null
	sasl.oauthbearer.assertion.claim.jti.include = false
	sasl.oauthbearer.assertion.claim.nbf.seconds = 60
	sasl.oauthbearer.assertion.claim.sub = null
	sasl.oauthbearer.assertion.file = null
	sasl.oauthbearer.assertion.private.key.file = null
	sasl.oauthbearer.assertion.private.key.passphrase = null
	sasl.oauthbearer.assertion.template.file = null
	sasl.oauthbearer.client.credentials.client.id = null
	sasl.oauthbearer.client.credentials.client.secret = null
	sasl.oauthbearer.clock.skew.seconds = 30
	sasl.oauthbearer.expected.audience = null
	sasl.oauthbearer.expected.issuer = null
	sasl.oauthbearer.header.urlencode = false
	sasl.oauthbearer.jwks.endpoint.refresh.ms = 3600000
	sasl.oauthbearer.jwks.endpoint.retry.backoff.max.ms = 10000
	sasl.oauthbearer.jwks.endpoint.retry.backoff.ms = 100
	sasl.oauthbearer.jwks.endpoint.url = null
	sasl.oauthbearer.jwt.retriever.class = class org.apache.kafka.common.security.oauthbearer.DefaultJwtRetriever
	sasl.oauthbearer.jwt.validator.class = class org.apache.kafka.common.security.oauthbearer.DefaultJwtValidator
	sasl.oauthbearer.scope = null
	sasl.oauthbearer.scope.claim.name = scope
	sasl.oauthbearer.sub.claim.name = sub
	sasl.oauthbearer.token.endpoint.url = null
	security.protocol = PLAINTEXT
	security.providers = null
	send.buffer.bytes = 131072
	socket.connection.setup.timeout.max.ms = 30000
	socket.connection.setup.timeout.ms = 10000
	ssl.cipher.suites = null
	ssl.enabled.protocols = [TLSv1.2, TLSv1.3]
	ssl.endpoint.identification.algorithm = https
	ssl.engine.factory.class = null
	ssl.key.password = null
	ssl.keymanager.algorithm = SunX509
	ssl.keystore.certificate.chain = null
	ssl.keystore.key = null
	ssl.keystore.location = null
	ssl.keystore.password = null
	ssl.keystore.type = JKS
	ssl.protocol = TLSv1.3
	ssl.provider = null
	ssl.secure.random.implementation = null
	ssl.trustmanager.algorithm = PKIX
	ssl.truststore.certificates = null
	ssl.truststore.location = null
	ssl.truststore.password = null
	ssl.truststore.type = JKS

2026-06-16 13:32:16.355 [main] INFO  o.a.kafka.common.utils.AppInfoParser trace=,span= - Kafka version: 4.1.2
2026-06-16 13:32:16.355 [main] INFO  o.a.kafka.common.utils.AppInfoParser trace=,span= - Kafka commitId: c82fd9b934b4c1e6
2026-06-16 13:32:16.355 [main] INFO  o.a.kafka.common.utils.AppInfoParser trace=,span= - Kafka startTimeMs: 1781631136355
2026-06-16 13:32:16.357 [kafka-admin-client-thread | notification-service] INFO  o.apache.kafka.clients.NetworkClient trace=,span= - [AdminClient clientId=notification-service] Node -1 disconnected.
2026-06-16 13:32:16.357 [kafka-admin-client-thread | notification-service] WARN  o.apache.kafka.clients.NetworkClient trace=,span= - [AdminClient clientId=notification-service] Connection to node -1 (localhost/127.0.0.1:9092) could not be established. Node may not be available.
2026-06-16 13:32:16.358 [kafka-admin-client-thread | notification-service] INFO  o.a.k.c.a.i.AdminMetadataManager trace=,span= - [AdminClient clientId=notification-service] Rebootstrapping with Cluster(id = null, nodes = [localhost:9092 (id: -1 rack: null isFenced: false)], partitions = [], controller = null)
2026-06-16 13:32:16.358 [kafka-admin-client-thread | notification-service] INFO  o.a.k.c.a.i.AdminMetadataManager trace=,span= - [AdminClient clientId=notification-service] Rebootstrapping with Cluster(id = null, nodes = [localhost:9092 (id: -1 rack: null isFenced: false)], partitions = [], controller = null)
2026-06-16 13:32:16.411 [main] INFO  o.a.kafka.common.metrics.Metrics trace=,span= - Metrics scheduler closed
2026-06-16 13:32:16.411 [main] INFO  o.a.kafka.common.metrics.Metrics trace=,span= - Closing reporter org.apache.kafka.common.metrics.JmxReporter
2026-06-16 13:32:16.411 [main] INFO  o.a.kafka.common.metrics.Metrics trace=,span= - Metrics reporters closed
2026-06-16 13:32:16.412 [kafka-admin-client-thread | notification-service] INFO  o.apache.kafka.clients.NetworkClient trace=,span= - [AdminClient clientId=notification-service] Node -1 disconnected.
2026-06-16 13:32:16.412 [kafka-admin-client-thread | notification-service] WARN  o.apache.kafka.clients.NetworkClient trace=,span= - [AdminClient clientId=notification-service] Connection to node -1 (localhost/127.0.0.1:9092) could not be established. Node may not be available.
2026-06-16 13:32:16.412 [kafka-admin-client-thread | notification-service] INFO  o.a.k.c.a.i.AdminMetadataManager trace=,span= - [AdminClient clientId=notification-service] Rebootstrapping with Cluster(id = null, nodes = [localhost:9092 (id: -1 rack: null isFenced: false)], partitions = [], controller = null)
2026-06-16 13:32:16.458 [kafka-admin-client-thread | notification-service] INFO  o.a.k.c.a.i.AdminMetadataManager trace=,span= - [AdminClient clientId=notification-service] Rebootstrapping with Cluster(id = null, nodes = [localhost:9092 (id: -1 rack: null isFenced: false)], partitions = [], controller = null)
2026-06-16 13:32:16.458 [kafka-admin-client-thread | notification-service] INFO  o.a.k.c.a.i.AdminMetadataManager trace=,span= - [AdminClient clientId=notification-service] Rebootstrapping with Cluster(id = null, nodes = [localhost:9092 (id: -1 rack: null isFenced: false)], partitions = [], controller = null)
2026-06-16 13:32:16.560 [kafka-admin-client-thread | notification-service] INFO  o.apache.kafka.clients.NetworkClient trace=,span= - [AdminClient clientId=notification-service] Node -1 disconnected.
2026-06-16 13:32:16.560 [kafka-admin-client-thread | notification-service] WARN  o.apache.kafka.clients.NetworkClient trace=,span= - [AdminClient clientId=notification-service] Connection to node -1 (localhost/127.0.0.1:9092) could not be established. Node may not be available.
2026-06-16 13:32:16.560 [kafka-admin-client-thread | notification-service] INFO  o.a.k.c.a.i.AdminMetadataManager trace=,span= - [AdminClient clientId=notification-service] Rebootstrapping with Cluster(id = null, nodes = [localhost:9092 (id: -1 rack: null isFenced: false)], partitions = [], controller = null)
2026-06-16 13:32:16.560 [kafka-admin-client-thread | notification-service] INFO  o.a.k.c.a.i.AdminMetadataManager trace=,span= - [AdminClient clientId=notification-service] Rebootstrapping with Cluster(id = null, nodes = [localhost:9092 (id: -1 rack: null isFenced: false)], partitions = [], controller = null)
2026-06-16 13:32:16.560 [kafka-admin-client-thread | notification-service] INFO  o.a.k.c.a.i.AdminMetadataManager trace=,span= - [AdminClient clientId=notification-service] Rebootstrapping with Cluster(id = null, nodes = [localhost:9092 (id: -1 rack: null isFenced: false)], partitions = [], controller = null)
2026-06-16 13:32:16.661 [kafka-admin-client-thread | notification-service] INFO  o.a.k.c.a.i.AdminMetadataManager trace=,span= - [AdminClient clientId=notification-service] Rebootstrapping with Cluster(id = null, nodes = [localhost:9092 (id: -1 rack: null isFenced: false)], partitions = [], controller = null)
2026-06-16 13:32:16.663 [kafka-admin-client-thread | notification-service] INFO  o.a.k.c.a.i.AdminMetadataManager trace=,span= - [AdminClient clientId=notification-service] Rebootstrapping with Cluster(id = null, nodes = [localhost:9092 (id: -1 rack: null isFenced: false)], partitions = [], controller = null)
2026-06-16 13:32:16.663 [kafka-admin-client-thread | notification-service] INFO  o.a.k.c.a.i.AdminMetadataManager trace=,span= - [AdminClient clientId=notification-service] Rebootstrapping with Cluster(id = null, nodes = [localhost:9092 (id: -1 rack: null isFenced: false)], partitions = [], controller = null)
2026-06-16 13:32:16.663 [kafka-admin-client-thread | notification-service] INFO  o.a.k.c.a.i.AdminMetadataManager trace=,span= - [AdminClient clientId=notification-service] Rebootstrapping with Cluster(id = null, nodes = [localhost:9092 (id: -1 rack: null isFenced: false)], partitions = [], controller = null)
2026-06-16 13:32:16.770 [kafka-admin-client-thread | notification-service] INFO  o.apache.kafka.clients.NetworkClient trace=,span= - [AdminClient clientId=notification-service] Node -1 disconnected.
2026-06-16 13:32:16.770 [kafka-admin-client-thread | notification-service] WARN  o.apache.kafka.clients.NetworkClient trace=,span= - [AdminClient clientId=notification-service] Connection to node -1 (localhost/127.0.0.1:9092) could not be established. Node may not be available.
2026-06-16 13:32:16.770 [kafka-admin-client-thread | notification-service] INFO  o.a.k.c.a.i.AdminMetadataManager trace=,span= - [AdminClient clientId=notification-service] Rebootstrapping with Cluster(id = null, nodes = [localhost:9092 (id: -1 rack: null isFenced: false)], partitions = [], controller = null)
2026-06-16 13:32:16.771 [kafka-admin-client-thread | notification-service] INFO  o.a.k.c.a.i.AdminMetadataManager trace=,span= - [AdminClient clientId=notification-service] Rebootstrapping with Cluster(id = null, nodes = [localhost:9092 (id: -1 rack: null isFenced: false)], partitions = [], controller = null)
2026-06-16 13:32:16.771 [kafka-admin-client-thread | notification-service] INFO  o.a.k.c.a.i.AdminMetadataManager trace=,span= - [AdminClient clientId=notification-service] Rebootstrapping with Cluster(id = null, nodes = [localhost:9092 (id: -1 rack: null isFenced: false)], partitions = [], controller = null)
2026-06-16 13:32:16.771 [kafka-admin-client-thread | notification-service] INFO  o.a.k.c.a.i.AdminMetadataManager trace=,span= - [AdminClient clientId=notification-service] Rebootstrapping with Cluster(id = null, nodes = [localhost:9092 (id: -1 rack: null isFenced: false)], partitions = [], controller = null)
2026-06-16 13:32:16.771 [kafka-admin-client-thread | notification-service] INFO  o.a.k.c.a.i.AdminMetadataManager trace=,span= - [AdminClient clientId=notification-service] Rebootstrapping with Cluster(id = null, nodes = [localhost:9092 (id: -1 rack: null isFenced: false)], partitions = [], controller = null)
2026-06-16 13:32:16.867 [kafka-admin-client-thread | notification-service] INFO  o.a.k.c.a.i.AdminMetadataManager trace=,span= - [AdminClient clientId=notification-service] Rebootstrapping with Cluster(id = null, nodes = [localhost:9092 (id: -1 rack: null isFenced: false)], partitions = [], controller = null)
2026-06-16 13:32:16.869 [kafka-admin-client-thread | notification-service] INFO  o.a.k.c.a.i.AdminMetadataManager trace=,span= - [AdminClient clientId=notification-service] Rebootstrapping with Cluster(id = null, nodes = [localhost:9092 (id: -1 rack: null isFenced: false)], partitions = [], controller = null)
2026-06-16 13:32:16.869 [kafka-admin-client-thread | notification-service] INFO  o.a.k.c.a.i.AdminMetadataManager trace=,span= - [AdminClient clientId=notification-service] Rebootstrapping with Cluster(id = null, nodes = [localhost:9092 (id: -1 rack: null isFenced: false)], partitions = [], controller = null)
2026-06-16 13:32:16.870 [kafka-admin-client-thread | notification-service] INFO  o.a.k.c.a.i.AdminMetadataManager trace=,span= - [AdminClient clientId=notification-service] Rebootstrapping with Cluster(id = null, nodes = [localhost:9092 (id: -1 rack: null isFenced: false)], partitions = [], controller = null)
2026-06-16 13:32:16.870 [kafka-admin-client-thread | notification-service] INFO  o.a.k.c.a.i.AdminMetadataManager trace=,span= - [AdminClient clientId=notification-service] Rebootstrapping with Cluster(id = null, nodes = [localhost:9092 (id: -1 rack: null isFenced: false)], partitions = [], controller = null)
2026-06-16 13:32:16.870 [kafka-admin-client-thread | notification-service] INFO  o.a.k.c.a.i.AdminMetadataManager trace=,span= - [AdminClient clientId=notification-service] Rebootstrapping with Cluster(id = null, nodes = [localhost:9092 (id: -1 rack: null isFenced: false)], partitions = [], controller = null)
2026-06-16 13:32:16.971 [kafka-admin-client-thread | notification-service] INFO  o.a.k.c.a.i.AdminMetadataManager trace=,span= - [AdminClient clientId=notification-service] Rebootstrapping with Cluster(id = null, nodes = [localhost:9092 (id: -1 rack: null isFenced: false)], partitions = [], controller = null)
2026-06-16 13:32:16.973 [kafka-admin-client-thread | notification-service] INFO  o.a.k.c.a.i.AdminMetadataManager trace=,span= - [AdminClient clientId=notification-service] Rebootstrapping with Cluster(id = null, nodes = [localhost:9092 (id: -1 rack: null isFenced: false)], partitions = [], controller = null)
2026-06-16 13:32:16.973 [kafka-admin-client-thread | notification-service] INFO  o.a.k.c.a.i.AdminMetadataManager trace=,span= - [AdminClient clientId=notification-service] Rebootstrapping with Cluster(id = null, nodes = [localhost:9092 (id: -1 rack: null isFenced: false)], partitions = [], controller = null)
2026-06-16 13:32:16.973 [kafka-admin-client-thread | notification-service] INFO  o.a.k.c.a.i.AdminMetadataManager trace=,span= - [AdminClient clientId=notification-service] Rebootstrapping with Cluster(id = null, nodes = [localhost:9092 (id: -1 rack: null isFenced: false)], partitions = [], controller = null)
2026-06-16 13:32:16.973 [kafka-admin-client-thread | notification-service] INFO  o.a.k.c.a.i.AdminMetadataManager trace=,span= - [AdminClient clientId=notification-service] Rebootstrapping with Cluster(id = null, nodes = [localhost:9092 (id: -1 rack: null isFenced: false)], partitions = [], controller = null)
2026-06-16 13:32:16.974 [kafka-admin-client-thread | notification-service] INFO  o.a.k.c.a.i.AdminMetadataManager trace=,span= - [AdminClient clientId=notification-service] Rebootstrapping with Cluster(id = null, nodes = [localhost:9092 (id: -1 rack: null isFenced: false)], partitions = [], controller = null)
2026-06-16 13:32:16.974 [kafka-admin-client-thread | notification-service] INFO  o.a.k.c.a.i.AdminMetadataManager trace=,span= - [AdminClient clientId=notification-service] Rebootstrapping with Cluster(id = null, nodes = [localhost:9092 (id: -1 rack: null isFenced: false)], partitions = [], controller = null)
2026-06-16 13:32:17.075 [kafka-admin-client-thread | notification-service] INFO  o.a.k.c.a.i.AdminMetadataManager trace=,span= - [AdminClient clientId=notification-service] Rebootstrapping with Cluster(id = null, nodes = [localhost:9092 (id: -1 rack: null isFenced: false)], partitions = [], controller = null)
2026-06-16 13:32:17.076 [kafka-admin-client-thread | notification-service] INFO  o.a.k.c.a.i.AdminMetadataManager trace=,span= - [AdminClient clientId=notification-service] Rebootstrapping with Cluster(id = null, nodes = [localhost:9092 (id: -1 rack: null isFenced: false)], partitions = [], controller = null)
2026-06-16 13:32:17.077 [kafka-admin-client-thread | notification-service] INFO  o.a.k.c.a.i.AdminMetadataManager trace=,span= - [AdminClient clientId=notification-service] Rebootstrapping with Cluster(id = null, nodes = [localhost:9092 (id: -1 rack: null isFenced: false)], partitions = [], controller = null)
2026-06-16 13:32:17.078 [kafka-admin-client-thread | notification-service] INFO  o.a.k.c.a.i.AdminMetadataManager trace=,span= - [AdminClient clientId=notification-service] Rebootstrapping with Cluster(id = null, nodes = [localhost:9092 (id: -1 rack: null isFenced: false)], partitions = [], controller = null)
2026-06-16 13:32:17.078 [kafka-admin-client-thread | notification-service] INFO  o.a.k.c.a.i.AdminMetadataManager trace=,span= - [AdminClient clientId=notification-service] Rebootstrapping with Cluster(id = null, nodes = [localhost:9092 (id: -1 rack: null isFenced: false)], partitions = [], controller = null)
2026-06-16 13:32:17.078 [kafka-admin-client-thread | notification-service] INFO  o.a.k.c.a.i.AdminMetadataManager trace=,span= - [AdminClient clientId=notification-service] Rebootstrapping with Cluster(id = null, nodes = [localhost:9092 (id: -1 rack: null isFenced: false)], partitions = [], controller = null)
2026-06-16 13:32:17.079 [kafka-admin-client-thread | notification-service] INFO  o.a.k.c.a.i.AdminMetadataManager trace=,span= - [AdminClient clientId=notification-service] Rebootstrapping with Cluster(id = null, nodes = [localhost:9092 (id: -1 rack: null isFenced: false)], partitions = [], controller = null)
2026-06-16 13:32:17.080 [kafka-admin-client-thread | notification-service] INFO  o.a.k.c.a.i.AdminMetadataManager trace=,span= - [AdminClient clientId=notification-service] Rebootstrapping with Cluster(id = null, nodes = [localhost:9092 (id: -1 rack: null isFenced: false)], partitions = [], controller = null)
2026-06-16 13:32:17.183 [kafka-admin-client-thread | notification-service] INFO  o.a.k.c.a.i.AdminMetadataManager trace=,span= - [AdminClient clientId=notification-service] Rebootstrapping with Cluster(id = null, nodes = [localhost:9092 (id: -1 rack: null isFenced: false)], partitions = [], controller = null)
2026-06-16 13:32:17.184 [kafka-admin-client-thread | notification-service] INFO  o.a.k.c.a.i.AdminMetadataManager trace=,span= - [AdminClient clientId=notification-service] Rebootstrapping with Cluster(id = null, nodes = [localhost:9092 (id: -1 rack: null isFenced: false)], partitions = [], controller = null)
2026-06-16 13:32:17.184 [kafka-admin-client-thread | notification-service] INFO  o.a.k.c.a.i.AdminMetadataManager trace=,span= - [AdminClient clientId=notification-service] Rebootstrapping with Cluster(id = null, nodes = [localhost:9092 (id: -1 rack: null isFenced: false)], partitions = [], controller = null)
2026-06-16 13:32:17.184 [kafka-admin-client-thread | notification-service] INFO  o.a.k.c.a.i.AdminMetadataManager trace=,span= - [AdminClient clientId=notification-service] Rebootstrapping with Cluster(id = null, nodes = [localhost:9092 (id: -1 rack: null isFenced: false)], partitions = [], controller = null)
2026-06-16 13:32:17.185 [kafka-admin-client-thread | notification-service] INFO  o.a.k.c.a.i.AdminMetadataManager trace=,span= - [AdminClient clientId=notification-service] Rebootstrapping with Cluster(id = null, nodes = [localhost:9092 (id: -1 rack: null isFenced: false)], partitions = [], controller = null)
2026-06-16 13:32:17.185 [kafka-admin-client-thread | notification-service] INFO  o.a.k.c.a.i.AdminMetadataManager trace=,span= - [AdminClient clientId=notification-service] Rebootstrapping with Cluster(id = null, nodes = [localhost:9092 (id: -1 rack: null isFenced: false)], partitions = [], controller = null)
2026-06-16 13:32:17.185 [kafka-admin-client-thread | notification-service] INFO  o.a.k.c.a.i.AdminMetadataManager trace=,span= - [AdminClient clientId=notification-service] Rebootstrapping with Cluster(id = null, nodes = [localhost:9092 (id: -1 rack: null isFenced: false)], partitions = [], controller = null)
2026-06-16 13:32:17.186 [kafka-admin-client-thread | notification-service] INFO  o.a.k.c.a.i.AdminMetadataManager trace=,span= - [AdminClient clientId=notification-service] Rebootstrapping with Cluster(id = null, nodes = [localhost:9092 (id: -1 rack: null isFenced: false)], partitions = [], controller = null)
2026-06-16 13:32:17.187 [kafka-admin-client-thread | notification-service] INFO  o.a.k.c.a.i.AdminMetadataManager trace=,span= - [AdminClient clientId=notification-service] Rebootstrapping with Cluster(id = null, nodes = [localhost:9092 (id: -1 rack: null isFenced: false)], partitions = [], controller = null)
2026-06-16 13:32:17.291 [kafka-admin-client-thread | notification-service] INFO  o.apache.kafka.clients.NetworkClient trace=,span= - [AdminClient clientId=notification-service] Node -1 disconnected.
2026-06-16 13:32:17.292 [kafka-admin-client-thread | notification-service] WARN  o.apache.kafka.clients.NetworkClient trace=,span= - [AdminClient clientId=notification-service] Connection to node -1 (localhost/127.0.0.1:9092) could not be established. Node may not be available.
2026-06-16 13:32:17.293 [kafka-admin-client-thread | notification-service] INFO  o.a.k.c.a.i.AdminMetadataManager trace=,span= - [AdminClient clientId=notification-service] Rebootstrapping with Cluster(id = null, nodes = [localhost:9092 (id: -1 rack: null isFenced: false)], partitions = [], controller = null)
2026-06-16 13:32:17.293 [kafka-admin-client-thread | notification-service] INFO  o.a.k.c.a.i.AdminMetadataManager trace=,span= - [AdminClient clientId=notification-service] Rebootstrapping with Cluster(id = null, nodes = [localhost:9092 (id: -1 rack: null isFenced: false)], partitions = [], controller = null)
2026-06-16 13:32:17.294 [kafka-admin-client-thread | notification-service] INFO  o.a.k.c.a.i.AdminMetadataManager trace=,span= - [AdminClient clientId=notification-service] Rebootstrapping with Cluster(id = null, nodes = [localhost:9092 (id: -1 rack: null isFenced: false)], partitions = [], controller = null)
2026-06-16 13:32:17.294 [kafka-admin-client-thread | notification-service] INFO  o.a.k.c.a.i.AdminMetadataManager trace=,span= - [AdminClient clientId=notification-service] Rebootstrapping with Cluster(id = null, nodes = [localhost:9092 (id: -1 rack: null isFenced: false)], partitions = [], controller = null)
2026-06-16 13:32:17.294 [kafka-admin-client-thread | notification-service] INFO  o.a.k.c.a.i.AdminMetadataManager trace=,span= - [AdminClient clientId=notification-service] Rebootstrapping with Cluster(id = null, nodes = [localhost:9092 (id: -1 rack: null isFenced: false)], partitions = [], controller = null)
2026-06-16 13:32:17.294 [kafka-admin-client-thread | notification-service] INFO  o.a.k.c.a.i.AdminMetadataManager trace=,span= - [AdminClient clientId=notification-service] Rebootstrapping with Cluster(id = null, nodes = [localhost:9092 (id: -1 rack: null isFenced: false)], partitions = [], controller = null)
2026-06-16 13:32:17.294 [kafka-admin-client-thread | notification-service] INFO  o.a.k.c.a.i.AdminMetadataManager trace=,span= - [AdminClient clientId=notification-service] Rebootstrapping with Cluster(id = null, nodes = [localhost:9092 (id: -1 rack: null isFenced: false)], partitions = [], controller = null)
2026-06-16 13:32:17.294 [kafka-admin-client-thread | notification-service] INFO  o.a.k.c.a.i.AdminMetadataManager trace=,span= - [AdminClient clientId=notification-service] Rebootstrapping with Cluster(id = null, nodes = [localhost:9092 (id: -1 rack: null isFenced: false)], partitions = [], controller = null)
2026-06-16 13:32:17.294 [kafka-admin-client-thread | notification-service] INFO  o.a.k.c.a.i.AdminMetadataManager trace=,span= - [AdminClient clientId=notification-service] Rebootstrapping with Cluster(id = null, nodes = [localhost:9092 (id: -1 rack: null isFenced: false)], partitions = [], controller = null)
2026-06-16 13:32:17.295 [kafka-admin-client-thread | notification-service] INFO  o.a.k.c.a.i.AdminMetadataManager trace=,span= - [AdminClient clientId=notification-service] Rebootstrapping with Cluster(id = null, nodes = [localhost:9092 (id: -1 rack: null isFenced: false)], partitions = [], controller = null)
2026-06-16 13:32:17.393 [kafka-admin-client-thread | notification-service] INFO  o.a.k.c.a.i.AdminMetadataManager trace=,span= - [AdminClient clientId=notification-service] Rebootstrapping with Cluster(id = null, nodes = [localhost:9092 (id: -1 rack: null isFenced: false)], partitions = [], controller = null)
2026-06-16 13:32:17.394 [kafka-admin-client-thread | notification-service] INFO  o.a.k.c.a.i.AdminMetadataManager trace=,span= - [AdminClient clientId=notification-service] Rebootstrapping with Cluster(id = null, nodes = [localhost:9092 (id: -1 rack: null isFenced: false)], partitions = [], controller = null)
2026-06-16 13:32:17.395 [kafka-admin-client-thread | notification-service] INFO  o.a.k.c.a.i.AdminMetadataManager trace=,span= - [AdminClient clientId=notification-service] Rebootstrapping with Cluster(id = null, nodes = [localhost:9092 (id: -1 rack: null isFenced: false)], partitions = [], controller = null)
2026-06-16 13:32:17.397 [kafka-admin-client-thread | notification-service] INFO  o.a.k.c.a.i.AdminMetadataManager trace=,span= - [AdminClient clientId=notification-service] Rebootstrapping with Cluster(id = null, nodes = [localhost:9092 (id: -1 rack: null isFenced: false)], partitions = [], controller = null)
2026-06-16 13:32:17.397 [kafka-admin-client-thread | notification-service] INFO  o.a.k.c.a.i.AdminMetadataManager trace=,span= - [AdminClient clientId=notification-service] Rebootstrapping with Cluster(id = null, nodes = [localhost:9092 (id: -1 rack: null isFenced: false)], partitions = [], controller = null)
2026-06-16 13:32:17.397 [kafka-admin-client-thread | notification-service] INFO  o.a.k.c.a.i.AdminMetadataManager trace=,span= - [AdminClient clientId=notification-service] Rebootstrapping with Cluster(id = null, nodes = [localhost:9092 (id: -1 rack: null isFenced: false)], partitions = [], controller = null)
2026-06-16 13:32:17.398 [kafka-admin-client-thread | notification-service] INFO  o.a.k.c.a.i.AdminMetadataManager trace=,span= - [AdminClient clientId=notification-service] Rebootstrapping with Cluster(id = null, nodes = [localhost:9092 (id: -1 rack: null isFenced: false)], partitions = [], controller = null)
2026-06-16 13:32:17.398 [kafka-admin-client-thread | notification-service] INFO  o.a.k.c.a.i.AdminMetadataManager trace=,span= - [AdminClient clientId=notification-service] Rebootstrapping with Cluster(id = null, nodes = [localhost:9092 (id: -1 rack: null isFenced: false)], partitions = [], controller = null)
2026-06-16 13:32:17.398 [kafka-admin-client-thread | notification-service] INFO  o.a.k.c.a.i.AdminMetadataManager trace=,span= - [AdminClient clientId=notification-service] Rebootstrapping with Cluster(id = null, nodes = [localhost:9092 (id: -1 rack: null isFenced: false)], partitions = [], controller = null)
2026-06-16 13:32:17.398 [kafka-admin-client-thread | notification-service] INFO  o.a.k.c.a.i.AdminMetadataManager trace=,span= - [AdminClient clientId=notification-service] Rebootstrapping with Cluster(id = null, nodes = [localhost:9092 (id: -1 rack: null isFenced: false)], partitions = [], controller = null)
2026-06-16 13:32:17.398 [kafka-admin-client-thread | notification-service] INFO  o.a.k.c.a.i.AdminMetadataManager trace=,span= - [AdminClient clientId=notification-service] Rebootstrapping with Cluster(id = null, nodes = [localhost:9092 (id: -1 rack: null isFenced: false)], partitions = [], controller = null)
2026-06-16 13:32:17.500 [kafka-admin-client-thread | notification-service] INFO  o.a.k.c.a.i.AdminMetadataManager trace=,span= - [AdminClient clientId=notification-service] Rebootstrapping with Cluster(id = null, nodes = [localhost:9092 (id: -1 rack: null isFenced: false)], partitions = [], controller = null)
2026-06-16 13:32:17.501 [kafka-admin-client-thread | notification-service] INFO  o.a.k.c.a.i.AdminMetadataManager trace=,span= - [AdminClient clientId=notification-service] Rebootstrapping with Cluster(id = null, nodes = [localhost:9092 (id: -1 rack: null isFenced: false)], partitions = [], controller = null)
2026-06-16 13:32:17.502 [kafka-admin-client-thread | notification-service] INFO  o.a.k.c.a.i.AdminMetadataManager trace=,span= - [AdminClient clientId=notification-service] Rebootstrapping with Cluster(id = null, nodes = [localhost:9092 (id: -1 rack: null isFenced: false)], partitions = [], controller = null)
2026-06-16 13:32:17.502 [kafka-admin-client-thread | notification-service] INFO  o.a.k.c.a.i.AdminMetadataManager trace=,span= - [AdminClient clientId=notification-service] Rebootstrapping with Cluster(id = null, nodes = [localhost:9092 (id: -1 rack: null isFenced: false)], partitions = [], controller = null)
2026-06-16 13:32:17.504 [kafka-admin-client-thread | notification-service] INFO  o.a.k.c.a.i.AdminMetadataManager trace=,span= - [AdminClient clientId=notification-service] Rebootstrapping with Cluster(id = null, nodes = [localhost:9092 (id: -1 rack: null isFenced: false)], partitions = [], controller = null)
2026-06-16 13:32:17.505 [kafka-admin-client-thread | notification-service] INFO  o.a.k.c.a.i.AdminMetadataManager trace=,span= - [AdminClient clientId=notification-service] Rebootstrapping with Cluster(id = null, nodes = [localhost:9092 (id: -1 rack: null isFenced: false)], partitions = [], controller = null)
2026-06-16 13:32:17.505 [kafka-admin-client-thread | notification-service] INFO  o.a.k.c.a.i.AdminMetadataManager trace=,span= - [AdminClient clientId=notification-service] Rebootstrapping with Cluster(id = null, nodes = [localhost:9092 (id: -1 rack: null isFenced: false)], partitions = [], controller = null)
2026-06-16 13:32:17.505 [kafka-admin-client-thread | notification-service] INFO  o.a.k.c.a.i.AdminMetadataManager trace=,span= - [AdminClient clientId=notification-service] Rebootstrapping with Cluster(id = null, nodes = [localhost:9092 (id: -1 rack: null isFenced: false)], partitions = [], controller = null)
2026-06-16 13:32:17.505 [kafka-admin-client-thread | notification-service] INFO  o.a.k.c.a.i.AdminMetadataManager trace=,span= - [AdminClient clientId=notification-service] Rebootstrapping with Cluster(id = null, nodes = [localhost:9092 (id: -1 rack: null isFenced: false)], partitions = [], controller = null)
2026-06-16 13:32:17.505 [kafka-admin-client-thread | notification-service] INFO  o.a.k.c.a.i.AdminMetadataManager trace=,span= - [AdminClient clientId=notification-service] Rebootstrapping with Cluster(id = null, nodes = [localhost:9092 (id: -1 rack: null isFenced: false)], partitions = [], controller = null)
2026-06-16 13:32:17.505 [kafka-admin-client-thread | notification-service] INFO  o.a.k.c.a.i.AdminMetadataManager trace=,span= - [AdminClient clientId=notification-service] Rebootstrapping with Cluster(id = null, nodes = [localhost:9092 (id: -1 rack: null isFenced: false)], partitions = [], controller = null)
2026-06-16 13:32:17.505 [kafka-admin-client-thread | notification-service] INFO  o.a.k.c.a.i.AdminMetadataManager trace=,span= - [AdminClient clientId=notification-service] Rebootstrapping with Cluster(id = null, nodes = [localhost:9092 (id: -1 rack: null isFenced: false)], partitions = [], controller = null)
2026-06-16 13:32:17.607 [kafka-admin-client-thread | notification-service] INFO  o.a.k.c.a.i.AdminMetadataManager trace=,span= - [AdminClient clientId=notification-service] Rebootstrapping with Cluster(id = null, nodes = [localhost:9092 (id: -1 rack: null isFenced: false)], partitions = [], controller = null)
2026-06-16 13:32:17.609 [kafka-admin-client-thread | notification-service] INFO  o.a.k.c.a.i.AdminMetadataManager trace=,span= - [AdminClient clientId=notification-service] Rebootstrapping with Cluster(id = null, nodes = [localhost:9092 (id: -1 rack: null isFenced: false)], partitions = [], controller = null)
2026-06-16 13:32:17.609 [kafka-admin-client-thread | notification-service] INFO  o.a.k.c.a.i.AdminMetadataManager trace=,span= - [AdminClient clientId=notification-service] Rebootstrapping with Cluster(id = null, nodes = [localhost:9092 (id: -1 rack: null isFenced: false)], partitions = [], controller = null)
2026-06-16 13:32:17.609 [kafka-admin-client-thread | notification-service] INFO  o.a.k.c.a.i.AdminMetadataManager trace=,span= - [AdminClient clientId=notification-service] Rebootstrapping with Cluster(id = null, nodes = [localhost:9092 (id: -1 rack: null isFenced: false)], partitions = [], controller = null)
2026-06-16 13:32:17.611 [kafka-admin-client-thread | notification-service] INFO  o.a.k.c.a.i.AdminMetadataManager trace=,span= - [AdminClient clientId=notification-service] Rebootstrapping with Cluster(id = null, nodes = [localhost:9092 (id: -1 rack: null isFenced: false)], partitions = [], controller = null)
2026-06-16 13:32:17.611 [kafka-admin-client-thread | notification-service] INFO  o.a.k.c.a.i.AdminMetadataManager trace=,span= - [AdminClient clientId=notification-service] Rebootstrapping with Cluster(id = null, nodes = [localhost:9092 (id: -1 rack: null isFenced: false)], partitions = [], controller = null)
2026-06-16 13:32:17.611 [kafka-admin-client-thread | notification-service] INFO  o.a.k.c.a.i.AdminMetadataManager trace=,span= - [AdminClient clientId=notification-service] Rebootstrapping with Cluster(id = null, nodes = [localhost:9092 (id: -1 rack: null isFenced: false)], partitions = [], controller = null)
2026-06-16 13:32:17.611 [kafka-admin-client-thread | notification-service] INFO  o.a.k.c.a.i.AdminMetadataManager trace=,span= - [AdminClient clientId=notification-service] Rebootstrapping with Cluster(id = null, nodes = [localhost:9092 (id: -1 rack: null isFenced: false)], partitions = [], controller = null)
2026-06-16 13:32:17.611 [kafka-admin-client-thread | notification-service] INFO  o.a.k.c.a.i.AdminMetadataManager trace=,span= - [AdminClient clientId=notification-service] Rebootstrapping with Cluster(id = null, nodes = [localhost:9092 (id: -1 rack: null isFenced: false)], partitions = [], controller = null)
2026-06-16 13:32:17.611 [kafka-admin-client-thread | notification-service] INFO  o.a.k.c.a.i.AdminMetadataManager trace=,span= - [AdminClient clientId=notification-service] Rebootstrapping with Cluster(id = null, nodes = [localhost:9092 (id: -1 rack: null isFenced: false)], partitions = [], controller = null)
2026-06-16 13:32:17.611 [kafka-admin-client-thread | notification-service] INFO  o.a.k.c.a.i.AdminMetadataManager trace=,span= - [AdminClient clientId=notification-service] Rebootstrapping with Cluster(id = null, nodes = [localhost:9092 (id: -1 rack: null isFenced: false)], partitions = [], controller = null)
2026-06-16 13:32:17.612 [kafka-admin-client-thread | notification-service] INFO  o.a.k.c.a.i.AdminMetadataManager trace=,span= - [AdminClient clientId=notification-service] Rebootstrapping with Cluster(id = null, nodes = [localhost:9092 (id: -1 rack: null isFenced: false)], partitions = [], controller = null)
2026-06-16 13:32:17.612 [kafka-admin-client-thread | notification-service] INFO  o.a.k.c.a.i.AdminMetadataManager trace=,span= - [AdminClient clientId=notification-service] Rebootstrapping with Cluster(id = null, nodes = [localhost:9092 (id: -1 rack: null isFenced: false)], partitions = [], controller = null)
2026-06-16 13:32:17.714 [kafka-admin-client-thread | notification-service] INFO  o.a.k.c.a.i.AdminMetadataManager trace=,span= - [AdminClient clientId=notification-service] Rebootstrapping with Cluster(id = null, nodes = [localhost:9092 (id: -1 rack: null isFenced: false)], partitions = [], controller = null)
2026-06-16 13:32:17.715 [kafka-admin-client-thread | notification-service] INFO  o.a.k.c.a.i.AdminMetadataManager trace=,span= - [AdminClient clientId=notification-service] Rebootstrapping with Cluster(id = null, nodes = [localhost:9092 (id: -1 rack: null isFenced: false)], partitions = [], controller = null)
2026-06-16 13:32:17.715 [kafka-admin-client-thread | notification-service] INFO  o.a.k.c.a.i.AdminMetadataManager trace=,span= - [AdminClient clientId=notification-service] Rebootstrapping with Cluster(id = null, nodes = [localhost:9092 (id: -1 rack: null isFenced: false)], partitions = [], controller = null)
2026-06-16 13:32:17.715 [kafka-admin-client-thread | notification-service] INFO  o.a.k.c.a.i.AdminMetadataManager trace=,span= - [AdminClient clientId=notification-service] Rebootstrapping with Cluster(id = null, nodes = [localhost:9092 (id: -1 rack: null isFenced: false)], partitions = [], controller = null)
2026-06-16 13:32:17.716 [kafka-admin-client-thread | notification-service] INFO  o.a.k.c.a.i.AdminMetadataManager trace=,span= - [AdminClient clientId=notification-service] Rebootstrapping with Cluster(id = null, nodes = [localhost:9092 (id: -1 rack: null isFenced: false)], partitions = [], controller = null)
2026-06-16 13:32:17.718 [kafka-admin-client-thread | notification-service] INFO  o.a.k.c.a.i.AdminMetadataManager trace=,span= - [AdminClient clientId=notification-service] Rebootstrapping with Cluster(id = null, nodes = [localhost:9092 (id: -1 rack: null isFenced: false)], partitions = [], controller = null)
2026-06-16 13:32:17.718 [kafka-admin-client-thread | notification-service] INFO  o.a.k.c.a.i.AdminMetadataManager trace=,span= - [AdminClient clientId=notification-service] Rebootstrapping with Cluster(id = null, nodes = [localhost:9092 (id: -1 rack: null isFenced: false)], partitions = [], controller = null)
2026-06-16 13:32:17.718 [kafka-admin-client-thread | notification-service] INFO  o.a.k.c.a.i.AdminMetadataManager trace=,span= - [AdminClient clientId=notification-service] Rebootstrapping with Cluster(id = null, nodes = [localhost:9092 (id: -1 rack: null isFenced: false)], partitions = [], controller = null)
2026-06-16 13:32:17.718 [kafka-admin-client-thread | notification-service] INFO  o.a.k.c.a.i.AdminMetadataManager trace=,span= - [AdminClient clientId=notification-service] Rebootstrapping with Cluster(id = null, nodes = [localhost:9092 (id: -1 rack: null isFenced: false)], partitions = [], controller = null)
2026-06-16 13:32:17.719 [kafka-admin-client-thread | notification-service] INFO  o.a.k.c.a.i.AdminMetadataManager trace=,span= - [AdminClient clientId=notification-service] Rebootstrapping with Cluster(id = null, nodes = [localhost:9092 (id: -1 rack: null isFenced: false)], partitions = [], controller = null)
2026-06-16 13:32:17.719 [kafka-admin-client-thread | notification-service] INFO  o.a.k.c.a.i.AdminMetadataManager trace=,span= - [AdminClient clientId=notification-service] Rebootstrapping with Cluster(id = null, nodes = [localhost:9092 (id: -1 rack: null isFenced: false)], partitions = [], controller = null)
2026-06-16 13:32:17.719 [kafka-admin-client-thread | notification-service] INFO  o.a.k.c.a.i.AdminMetadataManager trace=,span= - [AdminClient clientId=notification-service] Rebootstrapping with Cluster(id = null, nodes = [localhost:9092 (id: -1 rack: null isFenced: false)], partitions = [], controller = null)
2026-06-16 13:32:17.719 [kafka-admin-client-thread | notification-service] INFO  o.a.k.c.a.i.AdminMetadataManager trace=,span= - [AdminClient clientId=notification-service] Rebootstrapping with Cluster(id = null, nodes = [localhost:9092 (id: -1 rack: null isFenced: false)], partitions = [], controller = null)
2026-06-16 13:32:17.719 [kafka-admin-client-thread | notification-service] INFO  o.a.k.c.a.i.AdminMetadataManager trace=,span= - [AdminClient clientId=notification-service] Rebootstrapping with Cluster(id = null, nodes = [localhost:9092 (id: -1 rack: null isFenced: false)], partitions = [], controller = null)
2026-06-16 13:32:17.820 [kafka-admin-client-thread | notification-service] INFO  o.a.k.c.a.i.AdminMetadataManager trace=,span= - [AdminClient clientId=notification-service] Rebootstrapping with Cluster(id = null, nodes = [localhost:9092 (id: -1 rack: null isFenced: false)], partitions = [], controller = null)
2026-06-16 13:32:17.824 [kafka-admin-client-thread | notification-service] INFO  o.a.k.c.a.i.AdminMetadataManager trace=,span= - [AdminClient clientId=notification-service] Rebootstrapping with Cluster(id = null, nodes = [localhost:9092 (id: -1 rack: null isFenced: false)], partitions = [], controller = null)
2026-06-16 13:32:17.825 [kafka-admin-client-thread | notification-service] INFO  o.a.k.c.a.i.AdminMetadataManager trace=,span= - [AdminClient clientId=notification-service] Rebootstrapping with Cluster(id = null, nodes = [localhost:9092 (id: -1 rack: null isFenced: false)], partitions = [], controller = null)
2026-06-16 13:32:17.825 [kafka-admin-client-thread | notification-service] INFO  o.a.k.c.a.i.AdminMetadataManager trace=,span= - [AdminClient clientId=notification-service] Rebootstrapping with Cluster(id = null, nodes = [localhost:9092 (id: -1 rack: null isFenced: false)], partitions = [], controller = null)
2026-06-16 13:32:17.825 [kafka-admin-client-thread | notification-service] INFO  o.a.k.c.a.i.AdminMetadataManager trace=,span= - [AdminClient clientId=notification-service] Rebootstrapping with Cluster(id = null, nodes = [localhost:9092 (id: -1 rack: null isFenced: false)], partitions = [], controller = null)
2026-06-16 13:32:17.825 [kafka-admin-client-thread | notification-service] INFO  o.a.k.c.a.i.AdminMetadataManager trace=,span= - [AdminClient clientId=notification-service] Rebootstrapping with Cluster(id = null, nodes = [localhost:9092 (id: -1 rack: null isFenced: false)], partitions = [], controller = null)
2026-06-16 13:32:17.825 [kafka-admin-client-thread | notification-service] INFO  o.a.k.c.a.i.AdminMetadataManager trace=,span= - [AdminClient clientId=notification-service] Rebootstrapping with Cluster(id = null, nodes = [localhost:9092 (id: -1 rack: null isFenced: false)], partitions = [], controller = null)
2026-06-16 13:32:17.825 [kafka-admin-client-thread | notification-service] INFO  o.a.k.c.a.i.AdminMetadataManager trace=,span= - [AdminClient clientId=notification-service] Rebootstrapping with Cluster(id = null, nodes = [localhost:9092 (id: -1 rack: null isFenced: false)], partitions = [], controller = null)
2026-06-16 13:32:17.825 [kafka-admin-client-thread | notification-service] INFO  o.a.k.c.a.i.AdminMetadataManager trace=,span= - [AdminClient clientId=notification-service] Rebootstrapping with Cluster(id = null, nodes = [localhost:9092 (id: -1 rack: null isFenced: false)], partitions = [], controller = null)
2026-06-16 13:32:17.825 [kafka-admin-client-thread | notification-service] INFO  o.a.k.c.a.i.AdminMetadataManager trace=,span= - [AdminClient clientId=notification-service] Rebootstrapping with Cluster(id = null, nodes = [localhost:9092 (id: -1 rack: null isFenced: false)], partitions = [], controller = null)
2026-06-16 13:32:17.825 [kafka-admin-client-thread | notification-service] INFO  o.a.k.c.a.i.AdminMetadataManager trace=,span= - [AdminClient clientId=notification-service] Rebootstrapping with Cluster(id = null, nodes = [localhost:9092 (id: -1 rack: null isFenced: false)], partitions = [], controller = null)
2026-06-16 13:32:17.825 [kafka-admin-client-thread | notification-service] INFO  o.a.k.c.a.i.AdminMetadataManager trace=,span= - [AdminClient clientId=notification-service] Rebootstrapping with Cluster(id = null, nodes = [localhost:9092 (id: -1 rack: null isFenced: false)], partitions = [], controller = null)
2026-06-16 13:32:17.825 [kafka-admin-client-thread | notification-service] INFO  o.a.k.c.a.i.AdminMetadataManager trace=,span= - [AdminClient clientId=notification-service] Rebootstrapping with Cluster(id = null, nodes = [localhost:9092 (id: -1 rack: null isFenced: false)], partitions = [], controller = null)
2026-06-16 13:32:17.825 [kafka-admin-client-thread | notification-service] INFO  o.a.k.c.a.i.AdminMetadataManager trace=,span= - [AdminClient clientId=notification-service] Rebootstrapping with Cluster(id = null, nodes = [localhost:9092 (id: -1 rack: null isFenced: false)], partitions = [], controller = null)
2026-06-16 13:32:17.825 [kafka-admin-client-thread | notification-service] INFO  o.a.k.c.a.i.AdminMetadataManager trace=,span= - [AdminClient clientId=notification-service] Rebootstrapping with Cluster(id = null, nodes = [localhost:9092 (id: -1 rack: null isFenced: false)], partitions = [], controller = null)
2026-06-16 13:32:17.927 [kafka-admin-client-thread | notification-service] INFO  o.a.k.c.a.i.AdminMetadataManager trace=,span= - [AdminClient clientId=notification-service] Rebootstrapping with Cluster(id = null, nodes = [localhost:9092 (id: -1 rack: null isFenced: false)], partitions = [], controller = null)
2026-06-16 13:32:17.927 [kafka-admin-client-thread | notification-service] INFO  o.a.k.c.a.i.AdminMetadataManager trace=,span= - [AdminClient clientId=notification-service] Rebootstrapping with Cluster(id = null, nodes = [localhost:9092 (id: -1 rack: null isFenced: false)], partitions = [], controller = null)
2026-06-16 13:32:17.928 [kafka-admin-client-thread | notification-service] INFO  o.a.k.c.a.i.AdminMetadataManager trace=,span= - [AdminClient clientId=notification-service] Rebootstrapping with Cluster(id = null, nodes = [localhost:9092 (id: -1 rack: null isFenced: false)], partitions = [], controller = null)
2026-06-16 13:32:17.928 [kafka-admin-client-thread | notification-service] INFO  o.a.k.c.a.i.AdminMetadataManager trace=,span= - [AdminClient clientId=notification-service] Rebootstrapping with Cluster(id = null, nodes = [localhost:9092 (id: -1 rack: null isFenced: false)], partitions = [], controller = null)
2026-06-16 13:32:17.928 [kafka-admin-client-thread | notification-service] INFO  o.a.k.c.a.i.AdminMetadataManager trace=,span= - [AdminClient clientId=notification-service] Rebootstrapping with Cluster(id = null, nodes = [localhost:9092 (id: -1 rack: null isFenced: false)], partitions = [], controller = null)
2026-06-16 13:32:17.928 [kafka-admin-client-thread | notification-service] INFO  o.a.k.c.a.i.AdminMetadataManager trace=,span= - [AdminClient clientId=notification-service] Rebootstrapping with Cluster(id = null, nodes = [localhost:9092 (id: -1 rack: null isFenced: false)], partitions = [], controller = null)
2026-06-16 13:32:17.928 [kafka-admin-client-thread | notification-service] INFO  o.a.k.c.a.i.AdminMetadataManager trace=,span= - [AdminClient clientId=notification-service] Rebootstrapping with Cluster(id = null, nodes = [localhost:9092 (id: -1 rack: null isFenced: false)], partitions = [], controller = null)
2026-06-16 13:32:17.928 [kafka-admin-client-thread | notification-service] INFO  o.a.k.c.a.i.AdminMetadataManager trace=,span= - [AdminClient clientId=notification-service] Rebootstrapping with Cluster(id = null, nodes = [localhost:9092 (id: -1 rack: null isFenced: false)], partitions = [], controller = null)
2026-06-16 13:32:17.928 [kafka-admin-client-thread | notification-service] INFO  o.a.k.c.a.i.AdminMetadataManager trace=,span= - [AdminClient clientId=notification-service] Rebootstrapping with Cluster(id = null, nodes = [localhost:9092 (id: -1 rack: null isFenced: false)], partitions = [], controller = null)
2026-06-16 13:32:17.928 [kafka-admin-client-thread | notification-service] INFO  o.a.k.c.a.i.AdminMetadataManager trace=,span= - [AdminClient clientId=notification-service] Rebootstrapping with Cluster(id = null, nodes = [localhost:9092 (id: -1 rack: null isFenced: false)], partitions = [], controller = null)
2026-06-16 13:32:17.928 [kafka-admin-client-thread | notification-service] INFO  o.a.k.c.a.i.AdminMetadataManager trace=,span= - [AdminClient clientId=notification-service] Rebootstrapping with Cluster(id = null, nodes = [localhost:9092 (id: -1 rack: null isFenced: false)], partitions = [], controller = null)
2026-06-16 13:32:17.928 [kafka-admin-client-thread | notification-service] INFO  o.a.k.c.a.i.AdminMetadataManager trace=,span= - [AdminClient clientId=notification-service] Rebootstrapping with Cluster(id = null, nodes = [localhost:9092 (id: -1 rack: null isFenced: false)], partitions = [], controller = null)
2026-06-16 13:32:17.929 [kafka-admin-client-thread | notification-service] INFO  o.a.k.c.a.i.AdminMetadataManager trace=,span= - [AdminClient clientId=notification-service] Rebootstrapping with Cluster(id = null, nodes = [localhost:9092 (id: -1 rack: null isFenced: false)], partitions = [], controller = null)
2026-06-16 13:32:17.929 [kafka-admin-client-thread | notification-service] INFO  o.a.k.c.a.i.AdminMetadataManager trace=,span= - [AdminClient clientId=notification-service] Rebootstrapping with Cluster(id = null, nodes = [localhost:9092 (id: -1 rack: null isFenced: false)], partitions = [], controller = null)
2026-06-16 13:32:17.929 [kafka-admin-client-thread | notification-service] INFO  o.a.k.c.a.i.AdminMetadataManager trace=,span= - [AdminClient clientId=notification-service] Rebootstrapping with Cluster(id = null, nodes = [localhost:9092 (id: -1 rack: null isFenced: false)], partitions = [], controller = null)
2026-06-16 13:32:17.929 [kafka-admin-client-thread | notification-service] INFO  o.a.k.c.a.i.AdminMetadataManager trace=,span= - [AdminClient clientId=notification-service] Rebootstrapping with Cluster(id = null, nodes = [localhost:9092 (id: -1 rack: null isFenced: false)], partitions = [], controller = null)
2026-06-16 13:32:18.031 [kafka-admin-client-thread | notification-service] INFO  o.a.k.c.a.i.AdminMetadataManager trace=,span= - [AdminClient clientId=notification-service] Rebootstrapping with Cluster(id = null, nodes = [localhost:9092 (id: -1 rack: null isFenced: false)], partitions = [], controller = null)
2026-06-16 13:32:18.031 [kafka-admin-client-thread | notification-service] INFO  o.a.k.c.a.i.AdminMetadataManager trace=,span= - [AdminClient clientId=notification-service] Rebootstrapping with Cluster(id = null, nodes = [localhost:9092 (id: -1 rack: null isFenced: false)], partitions = [], controller = null)
2026-06-16 13:32:18.031 [kafka-admin-client-thread | notification-service] INFO  o.a.k.c.a.i.AdminMetadataManager trace=,span= - [AdminClient clientId=notification-service] Rebootstrapping with Cluster(id = null, nodes = [localhost:9092 (id: -1 rack: null isFenced: false)], partitions = [], controller = null)
2026-06-16 13:32:18.032 [kafka-admin-client-thread | notification-service] INFO  o.a.k.c.a.i.AdminMetadataManager trace=,span= - [AdminClient clientId=notification-service] Rebootstrapping with Cluster(id = null, nodes = [localhost:9092 (id: -1 rack: null isFenced: false)], partitions = [], controller = null)
2026-06-16 13:32:18.032 [kafka-admin-client-thread | notification-service] INFO  o.a.k.c.a.i.AdminMetadataManager trace=,span= - [AdminClient clientId=notification-service] Rebootstrapping with Cluster(id = null, nodes = [localhost:9092 (id: -1 rack: null isFenced: false)], partitions = [], controller = null)
2026-06-16 13:32:18.035 [kafka-admin-client-thread | notification-service] INFO  o.a.k.c.a.i.AdminMetadataManager trace=,span= - [AdminClient clientId=notification-service] Rebootstrapping with Cluster(id = null, nodes = [localhost:9092 (id: -1 rack: null isFenced: false)], partitions = [], controller = null)
2026-06-16 13:32:18.035 [kafka-admin-client-thread | notification-service] INFO  o.a.k.c.a.i.AdminMetadataManager trace=,span= - [AdminClient clientId=notification-service] Rebootstrapping with Cluster(id = null, nodes = [localhost:9092 (id: -1 rack: null isFenced: false)], partitions = [], controller = null)
2026-06-16 13:32:18.035 [kafka-admin-client-thread | notification-service] INFO  o.a.k.c.a.i.AdminMetadataManager trace=,span= - [AdminClient clientId=notification-service] Rebootstrapping with Cluster(id = null, nodes = [localhost:9092 (id: -1 rack: null isFenced: false)], partitions = [], controller = null)
2026-06-16 13:32:18.035 [kafka-admin-client-thread | notification-service] INFO  o.a.k.c.a.i.AdminMetadataManager trace=,span= - [AdminClient clientId=notification-service] Rebootstrapping with Cluster(id = null, nodes = [localhost:9092 (id: -1 rack: null isFenced: false)], partitions = [], controller = null)
2026-06-16 13:32:18.035 [kafka-admin-client-thread | notification-service] INFO  o.a.k.c.a.i.AdminMetadataManager trace=,span= - [AdminClient clientId=notification-service] Rebootstrapping with Cluster(id = null, nodes = [localhost:9092 (id: -1 rack: null isFenced: false)], partitions = [], controller = null)
2026-06-16 13:32:18.035 [kafka-admin-client-thread | notification-service] INFO  o.a.k.c.a.i.AdminMetadataManager trace=,span= - [AdminClient clientId=notification-service] Rebootstrapping with Cluster(id = null, nodes = [localhost:9092 (id: -1 rack: null isFenced: false)], partitions = [], controller = null)
2026-06-16 13:32:18.035 [kafka-admin-client-thread | notification-service] INFO  o.a.k.c.a.i.AdminMetadataManager trace=,span= - [AdminClient clientId=notification-service] Rebootstrapping with Cluster(id = null, nodes = [localhost:9092 (id: -1 rack: null isFenced: false)], partitions = [], controller = null)
2026-06-16 13:32:18.035 [kafka-admin-client-thread | notification-service] INFO  o.a.k.c.a.i.AdminMetadataManager trace=,span= - [AdminClient clientId=notification-service] Rebootstrapping with Cluster(id = null, nodes = [localhost:9092 (id: -1 rack: null isFenced: false)], partitions = [], controller = null)
2026-06-16 13:32:18.035 [kafka-admin-client-thread | notification-service] INFO  o.a.k.c.a.i.AdminMetadataManager trace=,span= - [AdminClient clientId=notification-service] Rebootstrapping with Cluster(id = null, nodes = [localhost:9092 (id: -1 rack: null isFenced: false)], partitions = [], controller = null)
2026-06-16 13:32:18.035 [kafka-admin-client-thread | notification-service] INFO  o.a.k.c.a.i.AdminMetadataManager trace=,span= - [AdminClient clientId=notification-service] Rebootstrapping with Cluster(id = null, nodes = [localhost:9092 (id: -1 rack: null isFenced: false)], partitions = [], controller = null)
2026-06-16 13:32:18.035 [kafka-admin-client-thread | notification-service] INFO  o.a.k.c.a.i.AdminMetadataManager trace=,span= - [AdminClient clientId=notification-service] Rebootstrapping with Cluster(id = null, nodes = [localhost:9092 (id: -1 rack: null isFenced: false)], partitions = [], controller = null)
2026-06-16 13:32:18.035 [kafka-admin-client-thread | notification-service] INFO  o.a.k.c.a.i.AdminMetadataManager trace=,span= - [AdminClient clientId=notification-service] Rebootstrapping with Cluster(id = null, nodes = [localhost:9092 (id: -1 rack: null isFenced: false)], partitions = [], controller = null)
2026-06-16 13:32:18.137 [kafka-admin-client-thread | notification-service] INFO  o.a.k.c.a.i.AdminMetadataManager trace=,span= - [AdminClient clientId=notification-service] Rebootstrapping with Cluster(id = null, nodes = [localhost:9092 (id: -1 rack: null isFenced: false)], partitions = [], controller = null)
2026-06-16 13:32:18.138 [kafka-admin-client-thread | notification-service] INFO  o.a.k.c.a.i.AdminMetadataManager trace=,span= - [AdminClient clientId=notification-service] Rebootstrapping with Cluster(id = null, nodes = [localhost:9092 (id: -1 rack: null isFenced: false)], partitions = [], controller = null)
2026-06-16 13:32:18.139 [kafka-admin-client-thread | notification-service] INFO  o.a.k.c.a.i.AdminMetadataManager trace=,span= - [AdminClient clientId=notification-service] Rebootstrapping with Cluster(id = null, nodes = [localhost:9092 (id: -1 rack: null isFenced: false)], partitions = [], controller = null)
2026-06-16 13:32:18.141 [kafka-admin-client-thread | notification-service] INFO  o.a.k.c.a.i.AdminMetadataManager trace=,span= - [AdminClient clientId=notification-service] Rebootstrapping with Cluster(id = null, nodes = [localhost:9092 (id: -1 rack: null isFenced: false)], partitions = [], controller = null)
2026-06-16 13:32:18.141 [kafka-admin-client-thread | notification-service] INFO  o.a.k.c.a.i.AdminMetadataManager trace=,span= - [AdminClient clientId=notification-service] Rebootstrapping with Cluster(id = null, nodes = [localhost:9092 (id: -1 rack: null isFenced: false)], partitions = [], controller = null)
2026-06-16 13:32:18.141 [kafka-admin-client-thread | notification-service] INFO  o.a.k.c.a.i.AdminMetadataManager trace=,span= - [AdminClient clientId=notification-service] Rebootstrapping with Cluster(id = null, nodes = [localhost:9092 (id: -1 rack: null isFenced: false)], partitions = [], controller = null)
2026-06-16 13:32:18.141 [kafka-admin-client-thread | notification-service] INFO  o.a.k.c.a.i.AdminMetadataManager trace=,span= - [AdminClient clientId=notification-service] Rebootstrapping with Cluster(id = null, nodes = [localhost:9092 (id: -1 rack: null isFenced: false)], partitions = [], controller = null)
2026-06-16 13:32:18.142 [kafka-admin-client-thread | notification-service] INFO  o.a.k.c.a.i.AdminMetadataManager trace=,span= - [AdminClient clientId=notification-service] Rebootstrapping with Cluster(id = null, nodes = [localhost:9092 (id: -1 rack: null isFenced: false)], partitions = [], controller = null)
2026-06-16 13:32:18.142 [kafka-admin-client-thread | notification-service] INFO  o.a.k.c.a.i.AdminMetadataManager trace=,span= - [AdminClient clientId=notification-service] Rebootstrapping with Cluster(id = null, nodes = [localhost:9092 (id: -1 rack: null isFenced: false)], partitions = [], controller = null)
2026-06-16 13:32:18.142 [kafka-admin-client-thread | notification-service] INFO  o.a.k.c.a.i.AdminMetadataManager trace=,span= - [AdminClient clientId=notification-service] Rebootstrapping with Cluster(id = null, nodes = [localhost:9092 (id: -1 rack: null isFenced: false)], partitions = [], controller = null)
2026-06-16 13:32:18.142 [kafka-admin-client-thread | notification-service] INFO  o.a.k.c.a.i.AdminMetadataManager trace=,span= - [AdminClient clientId=notification-service] Rebootstrapping with Cluster(id = null, nodes = [localhost:9092 (id: -1 rack: null isFenced: false)], partitions = [], controller = null)
2026-06-16 13:32:18.142 [kafka-admin-client-thread | notification-service] INFO  o.a.k.c.a.i.AdminMetadataManager trace=,span= - [AdminClient clientId=notification-service] Rebootstrapping with Cluster(id = null, nodes = [localhost:9092 (id: -1 rack: null isFenced: false)], partitions = [], controller = null)
2026-06-16 13:32:18.142 [kafka-admin-client-thread | notification-service] INFO  o.a.k.c.a.i.AdminMetadataManager trace=,span= - [AdminClient clientId=notification-service] Rebootstrapping with Cluster(id = null, nodes = [localhost:9092 (id: -1 rack: null isFenced: false)], partitions = [], controller = null)
2026-06-16 13:32:18.142 [kafka-admin-client-thread | notification-service] INFO  o.a.k.c.a.i.AdminMetadataManager trace=,span= - [AdminClient clientId=notification-service] Rebootstrapping with Cluster(id = null, nodes = [localhost:9092 (id: -1 rack: null isFenced: false)], partitions = [], controller = null)
2026-06-16 13:32:18.142 [kafka-admin-client-thread | notification-service] INFO  o.a.k.c.a.i.AdminMetadataManager trace=,span= - [AdminClient clientId=notification-service] Rebootstrapping with Cluster(id = null, nodes = [localhost:9092 (id: -1 rack: null isFenced: false)], partitions = [], controller = null)
2026-06-16 13:32:18.142 [kafka-admin-client-thread | notification-service] INFO  o.a.k.c.a.i.AdminMetadataManager trace=,span= - [AdminClient clientId=notification-service] Rebootstrapping with Cluster(id = null, nodes = [localhost:9092 (id: -1 rack: null isFenced: false)], partitions = [], controller = null)
2026-06-16 13:32:18.142 [kafka-admin-client-thread | notification-service] INFO  o.a.k.c.a.i.AdminMetadataManager trace=,span= - [AdminClient clientId=notification-service] Rebootstrapping with Cluster(id = null, nodes = [localhost:9092 (id: -1 rack: null isFenced: false)], partitions = [], controller = null)
2026-06-16 13:32:18.142 [kafka-admin-client-thread | notification-service] INFO  o.a.k.c.a.i.AdminMetadataManager trace=,span= - [AdminClient clientId=notification-service] Rebootstrapping with Cluster(id = null, nodes = [localhost:9092 (id: -1 rack: null isFenced: false)], partitions = [], controller = null)
2026-06-16 13:32:18.247 [kafka-admin-client-thread | notification-service] INFO  o.apache.kafka.clients.NetworkClient trace=,span= - [AdminClient clientId=notification-service] Node -1 disconnected.
2026-06-16 13:32:18.248 [kafka-admin-client-thread | notification-service] WARN  o.apache.kafka.clients.NetworkClient trace=,span= - [AdminClient clientId=notification-service] Connection to node -1 (localhost/127.0.0.1:9092) could not be established. Node may not be available.
2026-06-16 13:32:18.248 [kafka-admin-client-thread | notification-service] INFO  o.a.k.c.a.i.AdminMetadataManager trace=,span= - [AdminClient clientId=notification-service] Rebootstrapping with Cluster(id = null, nodes = [localhost:9092 (id: -1 rack: null isFenced: false)], partitions = [], controller = null)
2026-06-16 13:32:18.249 [kafka-admin-client-thread | notification-service] INFO  o.a.k.c.a.i.AdminMetadataManager trace=,span= - [AdminClient clientId=notification-service] Rebootstrapping with Cluster(id = null, nodes = [localhost:9092 (id: -1 rack: null isFenced: false)], partitions = [], controller = null)
2026-06-16 13:32:18.249 [kafka-admin-client-thread | notification-service] INFO  o.a.k.c.a.i.AdminMetadataManager trace=,span= - [AdminClient clientId=notification-service] Rebootstrapping with Cluster(id = null, nodes = [localhost:9092 (id: -1 rack: null isFenced: false)], partitions = [], controller = null)
2026-06-16 13:32:18.249 [kafka-admin-client-thread | notification-service] INFO  o.a.k.c.a.i.AdminMetadataManager trace=,span= - [AdminClient clientId=notification-service] Rebootstrapping with Cluster(id = null, nodes = [localhost:9092 (id: -1 rack: null isFenced: false)], partitions = [], controller = null)
2026-06-16 13:32:18.249 [kafka-admin-client-thread | notification-service] INFO  o.a.k.c.a.i.AdminMetadataManager trace=,span= - [AdminClient clientId=notification-service] Rebootstrapping with Cluster(id = null, nodes = [localhost:9092 (id: -1 rack: null isFenced: false)], partitions = [], controller = null)
2026-06-16 13:32:18.249 [kafka-admin-client-thread | notification-service] INFO  o.a.k.c.a.i.AdminMetadataManager trace=,span= - [AdminClient clientId=notification-service] Rebootstrapping with Cluster(id = null, nodes = [localhost:9092 (id: -1 rack: null isFenced: false)], partitions = [], controller = null)
2026-06-16 13:32:18.249 [kafka-admin-client-thread | notification-service] INFO  o.a.k.c.a.i.AdminMetadataManager trace=,span= - [AdminClient clientId=notification-service] Rebootstrapping with Cluster(id = null, nodes = [localhost:9092 (id: -1 rack: null isFenced: false)], partitions = [], controller = null)
2026-06-16 13:32:18.249 [kafka-admin-client-thread | notification-service] INFO  o.a.k.c.a.i.AdminMetadataManager trace=,span= - [AdminClient clientId=notification-service] Rebootstrapping with Cluster(id = null, nodes = [localhost:9092 (id: -1 rack: null isFenced: false)], partitions = [], controller = null)
2026-06-16 13:32:18.249 [kafka-admin-client-thread | notification-service] INFO  o.a.k.c.a.i.AdminMetadataManager trace=,span= - [AdminClient clientId=notification-service] Rebootstrapping with Cluster(id = null, nodes = [localhost:9092 (id: -1 rack: null isFenced: false)], partitions = [], controller = null)
2026-06-16 13:32:18.249 [kafka-admin-client-thread | notification-service] INFO  o.a.k.c.a.i.AdminMetadataManager trace=,span= - [AdminClient clientId=notification-service] Rebootstrapping with Cluster(id = null, nodes = [localhost:9092 (id: -1 rack: null isFenced: false)], partitions = [], controller = null)
2026-06-16 13:32:18.249 [kafka-admin-client-thread | notification-service] INFO  o.a.k.c.a.i.AdminMetadataManager trace=,span= - [AdminClient clientId=notification-service] Rebootstrapping with Cluster(id = null, nodes = [localhost:9092 (id: -1 rack: null isFenced: false)], partitions = [], controller = null)
2026-06-16 13:32:18.249 [kafka-admin-client-thread | notification-service] INFO  o.a.k.c.a.i.AdminMetadataManager trace=,span= - [AdminClient clientId=notification-service] Rebootstrapping with Cluster(id = null, nodes = [localhost:9092 (id: -1 rack: null isFenced: false)], partitions = [], controller = null)
2026-06-16 13:32:18.249 [kafka-admin-client-thread | notification-service] INFO  o.a.k.c.a.i.AdminMetadataManager trace=,span= - [AdminClient clientId=notification-service] Rebootstrapping with Cluster(id = null, nodes = [localhost:9092 (id: -1 rack: null isFenced: false)], partitions = [], controller = null)
2026-06-16 13:32:18.249 [kafka-admin-client-thread | notification-service] INFO  o.a.k.c.a.i.AdminMetadataManager trace=,span= - [AdminClient clientId=notification-service] Rebootstrapping with Cluster(id = null, nodes = [localhost:9092 (id: -1 rack: null isFenced: false)], partitions = [], controller = null)
2026-06-16 13:32:18.249 [kafka-admin-client-thread | notification-service] INFO  o.a.k.c.a.i.AdminMetadataManager trace=,span= - [AdminClient clientId=notification-service] Rebootstrapping with Cluster(id = null, nodes = [localhost:9092 (id: -1 rack: null isFenced: false)], partitions = [], controller = null)
2026-06-16 13:32:18.249 [kafka-admin-client-thread | notification-service] INFO  o.a.k.c.a.i.AdminMetadataManager trace=,span= - [AdminClient clientId=notification-service] Rebootstrapping with Cluster(id = null, nodes = [localhost:9092 (id: -1 rack: null isFenced: false)], partitions = [], controller = null)
2026-06-16 13:32:18.250 [kafka-admin-client-thread | notification-service] INFO  o.a.k.c.a.i.AdminMetadataManager trace=,span= - [AdminClient clientId=notification-service] Rebootstrapping with Cluster(id = null, nodes = [localhost:9092 (id: -1 rack: null isFenced: false)], partitions = [], controller = null)
2026-06-16 13:32:18.250 [kafka-admin-client-thread | notification-service] INFO  o.a.k.c.a.i.AdminMetadataManager trace=,span= - [AdminClient clientId=notification-service] Rebootstrapping with Cluster(id = null, nodes = [localhost:9092 (id: -1 rack: null isFenced: false)], partitions = [], controller = null)
2026-06-16 13:32:18.250 [kafka-admin-client-thread | notification-service] INFO  o.a.k.c.a.i.AdminMetadataManager trace=,span= - [AdminClient clientId=notification-service] Rebootstrapping with Cluster(id = null, nodes = [localhost:9092 (id: -1 rack: null isFenced: false)], partitions = [], controller = null)
2026-06-16 13:32:18.347 [kafka-admin-client-thread | notification-service] INFO  o.a.k.c.a.i.AdminMetadataManager trace=,span= - [AdminClient clientId=notification-service] Rebootstrapping with Cluster(id = null, nodes = [localhost:9092 (id: -1 rack: null isFenced: false)], partitions = [], controller = null)
2026-06-16 13:32:18.348 [kafka-admin-client-thread | notification-service] INFO  o.a.k.c.a.i.AdminMetadataManager trace=,span= - [AdminClient clientId=notification-service] Rebootstrapping with Cluster(id = null, nodes = [localhost:9092 (id: -1 rack: null isFenced: false)], partitions = [], controller = null)
2026-06-16 13:32:18.348 [kafka-admin-client-thread | notification-service] INFO  o.a.k.c.a.i.AdminMetadataManager trace=,span= - [AdminClient clientId=notification-service] Rebootstrapping with Cluster(id = null, nodes = [localhost:9092 (id: -1 rack: null isFenced: false)], partitions = [], controller = null)
2026-06-16 13:32:18.348 [kafka-admin-client-thread | notification-service] INFO  o.a.k.c.a.i.AdminMetadataManager trace=,span= - [AdminClient clientId=notification-service] Rebootstrapping with Cluster(id = null, nodes = [localhost:9092 (id: -1 rack: null isFenced: false)], partitions = [], controller = null)
2026-06-16 13:32:18.348 [kafka-admin-client-thread | notification-service] INFO  o.a.k.c.a.i.AdminMetadataManager trace=,span= - [AdminClient clientId=notification-service] Rebootstrapping with Cluster(id = null, nodes = [localhost:9092 (id: -1 rack: null isFenced: false)], partitions = [], controller = null)
2026-06-16 13:32:18.348 [kafka-admin-client-thread | notification-service] INFO  o.a.k.c.a.i.AdminMetadataManager trace=,span= - [AdminClient clientId=notification-service] Rebootstrapping with Cluster(id = null, nodes = [localhost:9092 (id: -1 rack: null isFenced: false)], partitions = [], controller = null)
2026-06-16 13:32:18.348 [kafka-admin-client-thread | notification-service] INFO  o.a.k.c.a.i.AdminMetadataManager trace=,span= - [AdminClient clientId=notification-service] Rebootstrapping with Cluster(id = null, nodes = [localhost:9092 (id: -1 rack: null isFenced: false)], partitions = [], controller = null)
2026-06-16 13:32:18.348 [kafka-admin-client-thread | notification-service] INFO  o.a.k.c.a.i.AdminMetadataManager trace=,span= - [AdminClient clientId=notification-service] Rebootstrapping with Cluster(id = null, nodes = [localhost:9092 (id: -1 rack: null isFenced: false)], partitions = [], controller = null)
2026-06-16 13:32:18.348 [kafka-admin-client-thread | notification-service] INFO  o.a.k.c.a.i.AdminMetadataManager trace=,span= - [AdminClient clientId=notification-service] Rebootstrapping with Cluster(id = null, nodes = [localhost:9092 (id: -1 rack: null isFenced: false)], partitions = [], controller = null)
2026-06-16 13:32:18.348 [kafka-admin-client-thread | notification-service] INFO  o.a.k.c.a.i.AdminMetadataManager trace=,span= - [AdminClient clientId=notification-service] Rebootstrapping with Cluster(id = null, nodes = [localhost:9092 (id: -1 rack: null isFenced: false)], partitions = [], controller = null)
2026-06-16 13:32:18.348 [kafka-admin-client-thread | notification-service] INFO  o.a.k.c.a.i.AdminMetadataManager trace=,span= - [AdminClient clientId=notification-service] Rebootstrapping with Cluster(id = null, nodes = [localhost:9092 (id: -1 rack: null isFenced: false)], partitions = [], controller = null)
2026-06-16 13:32:18.348 [kafka-admin-client-thread | notification-service] INFO  o.a.k.c.a.i.AdminMetadataManager trace=,span= - [AdminClient clientId=notification-service] Rebootstrapping with Cluster(id = null, nodes = [localhost:9092 (id: -1 rack: null isFenced: false)], partitions = [], controller = null)
2026-06-16 13:32:18.349 [kafka-admin-client-thread | notification-service] INFO  o.a.k.c.a.i.AdminMetadataManager trace=,span= - [AdminClient clientId=notification-service] Rebootstrapping with Cluster(id = null, nodes = [localhost:9092 (id: -1 rack: null isFenced: false)], partitions = [], controller = null)
2026-06-16 13:32:18.349 [kafka-admin-client-thread | notification-service] INFO  o.a.k.c.a.i.AdminMetadataManager trace=,span= - [AdminClient clientId=notification-service] Rebootstrapping with Cluster(id = null, nodes = [localhost:9092 (id: -1 rack: null isFenced: false)], partitions = [], controller = null)
2026-06-16 13:32:18.349 [kafka-admin-client-thread | notification-service] INFO  o.a.k.c.a.i.AdminMetadataManager trace=,span= - [AdminClient clientId=notification-service] Rebootstrapping with Cluster(id = null, nodes = [localhost:9092 (id: -1 rack: null isFenced: false)], partitions = [], controller = null)
2026-06-16 13:32:18.349 [kafka-admin-client-thread | notification-service] INFO  o.a.k.c.a.i.AdminMetadataManager trace=,span= - [AdminClient clientId=notification-service] Rebootstrapping with Cluster(id = null, nodes = [localhost:9092 (id: -1 rack: null isFenced: false)], partitions = [], controller = null)
2026-06-16 13:32:18.349 [kafka-admin-client-thread | notification-service] INFO  o.a.k.c.a.i.AdminMetadataManager trace=,span= - [AdminClient clientId=notification-service] Rebootstrapping with Cluster(id = null, nodes = [localhost:9092 (id: -1 rack: null isFenced: false)], partitions = [], controller = null)
2026-06-16 13:32:18.349 [kafka-admin-client-thread | notification-service] INFO  o.a.k.c.a.i.AdminMetadataManager trace=,span= - [AdminClient clientId=notification-service] Rebootstrapping with Cluster(id = null, nodes = [localhost:9092 (id: -1 rack: null isFenced: false)], partitions = [], controller = null)
2026-06-16 13:32:18.349 [kafka-admin-client-thread | notification-service] INFO  o.a.k.c.a.i.AdminMetadataManager trace=,span= - [AdminClient clientId=notification-service] Rebootstrapping with Cluster(id = null, nodes = [localhost:9092 (id: -1 rack: null isFenced: false)], partitions = [], controller = null)
2026-06-16 13:32:18.349 [kafka-admin-client-thread | notification-service] INFO  o.a.k.c.a.i.AdminMetadataManager trace=,span= - [AdminClient clientId=notification-service] Rebootstrapping with Cluster(id = null, nodes = [localhost:9092 (id: -1 rack: null isFenced: false)], partitions = [], controller = null)
2026-06-16 13:32:18.450 [kafka-admin-client-thread | notification-service] INFO  o.a.k.c.a.i.AdminMetadataManager trace=,span= - [AdminClient clientId=notification-service] Rebootstrapping with Cluster(id = null, nodes = [localhost:9092 (id: -1 rack: null isFenced: false)], partitions = [], controller = null)
2026-06-16 13:32:18.450 [kafka-admin-client-thread | notification-service] INFO  o.a.k.c.a.i.AdminMetadataManager trace=,span= - [AdminClient clientId=notification-service] Rebootstrapping with Cluster(id = null, nodes = [localhost:9092 (id: -1 rack: null isFenced: false)], partitions = [], controller = null)
2026-06-16 13:32:18.450 [kafka-admin-client-thread | notification-service] INFO  o.a.k.c.a.i.AdminMetadataManager trace=,span= - [AdminClient clientId=notification-service] Rebootstrapping with Cluster(id = null, nodes = [localhost:9092 (id: -1 rack: null isFenced: false)], partitions = [], controller = null)
2026-06-16 13:32:18.450 [kafka-admin-client-thread | notification-service] INFO  o.a.k.c.a.i.AdminMetadataManager trace=,span= - [AdminClient clientId=notification-service] Rebootstrapping with Cluster(id = null, nodes = [localhost:9092 (id: -1 rack: null isFenced: false)], partitions = [], controller = null)
2026-06-16 13:32:18.450 [kafka-admin-client-thread | notification-service] INFO  o.a.k.c.a.i.AdminMetadataManager trace=,span= - [AdminClient clientId=notification-service] Rebootstrapping with Cluster(id = null, nodes = [localhost:9092 (id: -1 rack: null isFenced: false)], partitions = [], controller = null)
2026-06-16 13:32:18.451 [kafka-admin-client-thread | notification-service] INFO  o.a.k.c.a.i.AdminMetadataManager trace=,span= - [AdminClient clientId=notification-service] Rebootstrapping with Cluster(id = null, nodes = [localhost:9092 (id: -1 rack: null isFenced: false)], partitions = [], controller = null)
2026-06-16 13:32:18.451 [kafka-admin-client-thread | notification-service] INFO  o.a.k.c.a.i.AdminMetadataManager trace=,span= - [AdminClient clientId=notification-service] Rebootstrapping with Cluster(id = null, nodes = [localhost:9092 (id: -1 rack: null isFenced: false)], partitions = [], controller = null)
2026-06-16 13:32:18.451 [kafka-admin-client-thread | notification-service] INFO  o.a.k.c.a.i.AdminMetadataManager trace=,span= - [AdminClient clientId=notification-service] Rebootstrapping with Cluster(id = null, nodes = [localhost:9092 (id: -1 rack: null isFenced: false)], partitions = [], controller = null)
2026-06-16 13:32:18.451 [kafka-admin-client-thread | notification-service] INFO  o.a.k.c.a.i.AdminMetadataManager trace=,span= - [AdminClient clientId=notification-service] Rebootstrapping with Cluster(id = null, nodes = [localhost:9092 (id: -1 rack: null isFenced: false)], partitions = [], controller = null)
2026-06-16 13:32:18.451 [kafka-admin-client-thread | notification-service] INFO  o.a.k.c.a.i.AdminMetadataManager trace=,span= - [AdminClient clientId=notification-service] Rebootstrapping with Cluster(id = null, nodes = [localhost:9092 (id: -1 rack: null isFenced: false)], partitions = [], controller = null)
2026-06-16 13:32:18.451 [kafka-admin-client-thread | notification-service] INFO  o.a.k.c.a.i.AdminMetadataManager trace=,span= - [AdminClient clientId=notification-service] Rebootstrapping with Cluster(id = null, nodes = [localhost:9092 (id: -1 rack: null isFenced: false)], partitions = [], controller = null)
2026-06-16 13:32:18.451 [kafka-admin-client-thread | notification-service] INFO  o.a.k.c.a.i.AdminMetadataManager trace=,span= - [AdminClient clientId=notification-service] Rebootstrapping with Cluster(id = null, nodes = [localhost:9092 (id: -1 rack: null isFenced: false)], partitions = [], controller = null)
2026-06-16 13:32:18.451 [kafka-admin-client-thread | notification-service] INFO  o.a.k.c.a.i.AdminMetadataManager trace=,span= - [AdminClient clientId=notification-service] Rebootstrapping with Cluster(id = null, nodes = [localhost:9092 (id: -1 rack: null isFenced: false)], partitions = [], controller = null)
2026-06-16 13:32:18.451 [kafka-admin-client-thread | notification-service] INFO  o.a.k.c.a.i.AdminMetadataManager trace=,span= - [AdminClient clientId=notification-service] Rebootstrapping with Cluster(id = null, nodes = [localhost:9092 (id: -1 rack: null isFenced: false)], partitions = [], controller = null)
2026-06-16 13:32:18.451 [kafka-admin-client-thread | notification-service] INFO  o.a.k.c.a.i.AdminMetadataManager trace=,span= - [AdminClient clientId=notification-service] Rebootstrapping with Cluster(id = null, nodes = [localhost:9092 (id: -1 rack: null isFenced: false)], partitions = [], controller = null)
2026-06-16 13:32:18.451 [kafka-admin-client-thread | notification-service] INFO  o.a.k.c.a.i.AdminMetadataManager trace=,span= - [AdminClient clientId=notification-service] Rebootstrapping with Cluster(id = null, nodes = [localhost:9092 (id: -1 rack: null isFenced: false)], partitions = [], controller = null)
2026-06-16 13:32:18.451 [kafka-admin-client-thread | notification-service] INFO  o.a.k.c.a.i.AdminMetadataManager trace=,span= - [AdminClient clientId=notification-service] Rebootstrapping with Cluster(id = null, nodes = [localhost:9092 (id: -1 rack: null isFenced: false)], partitions = [], controller = null)
2026-06-16 13:32:18.451 [kafka-admin-client-thread | notification-service] INFO  o.a.k.c.a.i.AdminMetadataManager trace=,span= - [AdminClient clientId=notification-service] Rebootstrapping with Cluster(id = null, nodes = [localhost:9092 (id: -1 rack: null isFenced: false)], partitions = [], controller = null)
2026-06-16 13:32:18.451 [kafka-admin-client-thread | notification-service] INFO  o.a.k.c.a.i.AdminMetadataManager trace=,span= - [AdminClient clientId=notification-service] Rebootstrapping with Cluster(id = null, nodes = [localhost:9092 (id: -1 rack: null isFenced: false)], partitions = [], controller = null)
2026-06-16 13:32:18.451 [kafka-admin-client-thread | notification-service] INFO  o.a.k.c.a.i.AdminMetadataManager trace=,span= - [AdminClient clientId=notification-service] Rebootstrapping with Cluster(id = null, nodes = [localhost:9092 (id: -1 rack: null isFenced: false)], partitions = [], controller = null)
2026-06-16 13:32:18.451 [kafka-admin-client-thread | notification-service] INFO  o.a.k.c.a.i.AdminMetadataManager trace=,span= - [AdminClient clientId=notification-service] Rebootstrapping with Cluster(id = null, nodes = [localhost:9092 (id: -1 rack: null isFenced: false)], partitions = [], controller = null)
2026-06-16 13:32:18.552 [kafka-admin-client-thread | notification-service] INFO  o.a.k.c.a.i.AdminMetadataManager trace=,span= - [AdminClient clientId=notification-service] Rebootstrapping with Cluster(id = null, nodes = [localhost:9092 (id: -1 rack: null isFenced: false)], partitions = [], controller = null)
2026-06-16 13:32:18.552 [kafka-admin-client-thread | notification-service] INFO  o.a.k.c.a.i.AdminMetadataManager trace=,span= - [AdminClient clientId=notification-service] Rebootstrapping with Cluster(id = null, nodes = [localhost:9092 (id: -1 rack: null isFenced: false)], partitions = [], controller = null)
2026-06-16 13:32:18.552 [kafka-admin-client-thread | notification-service] INFO  o.a.k.c.a.i.AdminMetadataManager trace=,span= - [AdminClient clientId=notification-service] Rebootstrapping with Cluster(id = null, nodes = [localhost:9092 (id: -1 rack: null isFenced: false)], partitions = [], controller = null)
2026-06-16 13:32:18.552 [kafka-admin-client-thread | notification-service] INFO  o.a.k.c.a.i.AdminMetadataManager trace=,span= - [AdminClient clientId=notification-service] Rebootstrapping with Cluster(id = null, nodes = [localhost:9092 (id: -1 rack: null isFenced: false)], partitions = [], controller = null)
2026-06-16 13:32:18.552 [kafka-admin-client-thread | notification-service] INFO  o.a.k.c.a.i.AdminMetadataManager trace=,span= - [AdminClient clientId=notification-service] Rebootstrapping with Cluster(id = null, nodes = [localhost:9092 (id: -1 rack: null isFenced: false)], partitions = [], controller = null)
2026-06-16 13:32:18.552 [kafka-admin-client-thread | notification-service] INFO  o.a.k.c.a.i.AdminMetadataManager trace=,span= - [AdminClient clientId=notification-service] Rebootstrapping with Cluster(id = null, nodes = [localhost:9092 (id: -1 rack: null isFenced: false)], partitions = [], controller = null)
2026-06-16 13:32:18.552 [kafka-admin-client-thread | notification-service] INFO  o.a.k.c.a.i.AdminMetadataManager trace=,span= - [AdminClient clientId=notification-service] Rebootstrapping with Cluster(id = null, nodes = [localhost:9092 (id: -1 rack: null isFenced: false)], partitions = [], controller = null)
2026-06-16 13:32:18.552 [kafka-admin-client-thread | notification-service] INFO  o.a.k.c.a.i.AdminMetadataManager trace=,span= - [AdminClient clientId=notification-service] Rebootstrapping with Cluster(id = null, nodes = [localhost:9092 (id: -1 rack: null isFenced: false)], partitions = [], controller = null)
2026-06-16 13:32:18.552 [kafka-admin-client-thread | notification-service] INFO  o.a.k.c.a.i.AdminMetadataManager trace=,span= - [AdminClient clientId=notification-service] Rebootstrapping with Cluster(id = null, nodes = [localhost:9092 (id: -1 rack: null isFenced: false)], partitions = [], controller = null)
2026-06-16 13:32:18.553 [kafka-admin-client-thread | notification-service] INFO  o.a.k.c.a.i.AdminMetadataManager trace=,span= - [AdminClient clientId=notification-service] Rebootstrapping with Cluster(id = null, nodes = [localhost:9092 (id: -1 rack: null isFenced: false)], partitions = [], controller = null)
2026-06-16 13:32:18.553 [kafka-admin-client-thread | notification-service] INFO  o.a.k.c.a.i.AdminMetadataManager trace=,span= - [AdminClient clientId=notification-service] Rebootstrapping with Cluster(id = null, nodes = [localhost:9092 (id: -1 rack: null isFenced: false)], partitions = [], controller = null)
2026-06-16 13:32:18.553 [kafka-admin-client-thread | notification-service] INFO  o.a.k.c.a.i.AdminMetadataManager trace=,span= - [AdminClient clientId=notification-service] Rebootstrapping with Cluster(id = null, nodes = [localhost:9092 (id: -1 rack: null isFenced: false)], partitions = [], controller = null)
2026-06-16 13:32:18.553 [kafka-admin-client-thread | notification-service] INFO  o.a.k.c.a.i.AdminMetadataManager trace=,span= - [AdminClient clientId=notification-service] Rebootstrapping with Cluster(id = null, nodes = [localhost:9092 (id: -1 rack: null isFenced: false)], partitions = [], controller = null)
2026-06-16 13:32:18.553 [kafka-admin-client-thread | notification-service] INFO  o.a.k.c.a.i.AdminMetadataManager trace=,span= - [AdminClient clientId=notification-service] Rebootstrapping with Cluster(id = null, nodes = [localhost:9092 (id: -1 rack: null isFenced: false)], partitions = [], controller = null)
2026-06-16 13:32:18.553 [kafka-admin-client-thread | notification-service] INFO  o.a.k.c.a.i.AdminMetadataManager trace=,span= - [AdminClient clientId=notification-service] Rebootstrapping with Cluster(id = null, nodes = [localhost:9092 (id: -1 rack: null isFenced: false)], partitions = [], controller = null)
2026-06-16 13:32:18.553 [kafka-admin-client-thread | notification-service] INFO  o.a.k.c.a.i.AdminMetadataManager trace=,span= - [AdminClient clientId=notification-service] Rebootstrapping with Cluster(id = null, nodes = [localhost:9092 (id: -1 rack: null isFenced: false)], partitions = [], controller = null)
2026-06-16 13:32:18.553 [kafka-admin-client-thread | notification-service] INFO  o.a.k.c.a.i.AdminMetadataManager trace=,span= - [AdminClient clientId=notification-service] Rebootstrapping with Cluster(id = null, nodes = [localhost:9092 (id: -1 rack: null isFenced: false)], partitions = [], controller = null)
2026-06-16 13:32:18.553 [kafka-admin-client-thread | notification-service] INFO  o.a.k.c.a.i.AdminMetadataManager trace=,span= - [AdminClient clientId=notification-service] Rebootstrapping with Cluster(id = null, nodes = [localhost:9092 (id: -1 rack: null isFenced: false)], partitions = [], controller = null)
2026-06-16 13:32:18.553 [kafka-admin-client-thread | notification-service] INFO  o.a.k.c.a.i.AdminMetadataManager trace=,span= - [AdminClient clientId=notification-service] Rebootstrapping with Cluster(id = null, nodes = [localhost:9092 (id: -1 rack: null isFenced: false)], partitions = [], controller = null)
2026-06-16 13:32:18.553 [kafka-admin-client-thread | notification-service] INFO  o.a.k.c.a.i.AdminMetadataManager trace=,span= - [AdminClient clientId=notification-service] Rebootstrapping with Cluster(id = null, nodes = [localhost:9092 (id: -1 rack: null isFenced: false)], partitions = [], controller = null)
2026-06-16 13:32:18.553 [kafka-admin-client-thread | notification-service] INFO  o.a.k.c.a.i.AdminMetadataManager trace=,span= - [AdminClient clientId=notification-service] Rebootstrapping with Cluster(id = null, nodes = [localhost:9092 (id: -1 rack: null isFenced: false)], partitions = [], controller = null)
2026-06-16 13:32:18.553 [kafka-admin-client-thread | notification-service] INFO  o.a.k.c.a.i.AdminMetadataManager trace=,span= - [AdminClient clientId=notification-service] Rebootstrapping with Cluster(id = null, nodes = [localhost:9092 (id: -1 rack: null isFenced: false)], partitions = [], controller = null)
2026-06-16 13:32:18.654 [kafka-admin-client-thread | notification-service] INFO  o.a.k.c.a.i.AdminMetadataManager trace=,span= - [AdminClient clientId=notification-service] Rebootstrapping with Cluster(id = null, nodes = [localhost:9092 (id: -1 rack: null isFenced: false)], partitions = [], controller = null)
2026-06-16 13:32:18.655 [kafka-admin-client-thread | notification-service] INFO  o.a.k.c.a.i.AdminMetadataManager trace=,span= - [AdminClient clientId=notification-service] Rebootstrapping with Cluster(id = null, nodes = [localhost:9092 (id: -1 rack: null isFenced: false)], partitions = [], controller = null)
2026-06-16 13:32:18.655 [kafka-admin-client-thread | notification-service] INFO  o.a.k.c.a.i.AdminMetadataManager trace=,span= - [AdminClient clientId=notification-service] Rebootstrapping with Cluster(id = null, nodes = [localhost:9092 (id: -1 rack: null isFenced: false)], partitions = [], controller = null)
2026-06-16 13:32:18.655 [kafka-admin-client-thread | notification-service] INFO  o.a.k.c.a.i.AdminMetadataManager trace=,span= - [AdminClient clientId=notification-service] Rebootstrapping with Cluster(id = null, nodes = [localhost:9092 (id: -1 rack: null isFenced: false)], partitions = [], controller = null)
2026-06-16 13:32:18.655 [kafka-admin-client-thread | notification-service] INFO  o.a.k.c.a.i.AdminMetadataManager trace=,span= - [AdminClient clientId=notification-service] Rebootstrapping with Cluster(id = null, nodes = [localhost:9092 (id: -1 rack: null isFenced: false)], partitions = [], controller = null)
2026-06-16 13:32:18.655 [kafka-admin-client-thread | notification-service] INFO  o.a.k.c.a.i.AdminMetadataManager trace=,span= - [AdminClient clientId=notification-service] Rebootstrapping with Cluster(id = null, nodes = [localhost:9092 (id: -1 rack: null isFenced: false)], partitions = [], controller = null)
2026-06-16 13:32:18.655 [kafka-admin-client-thread | notification-service] INFO  o.a.k.c.a.i.AdminMetadataManager trace=,span= - [AdminClient clientId=notification-service] Rebootstrapping with Cluster(id = null, nodes = [localhost:9092 (id: -1 rack: null isFenced: false)], partitions = [], controller = null)
2026-06-16 13:32:18.655 [kafka-admin-client-thread | notification-service] INFO  o.a.k.c.a.i.AdminMetadataManager trace=,span= - [AdminClient clientId=notification-service] Rebootstrapping with Cluster(id = null, nodes = [localhost:9092 (id: -1 rack: null isFenced: false)], partitions = [], controller = null)
2026-06-16 13:32:18.655 [kafka-admin-client-thread | notification-service] INFO  o.a.k.c.a.i.AdminMetadataManager trace=,span= - [AdminClient clientId=notification-service] Rebootstrapping with Cluster(id = null, nodes = [localhost:9092 (id: -1 rack: null isFenced: false)], partitions = [], controller = null)
2026-06-16 13:32:18.655 [kafka-admin-client-thread | notification-service] INFO  o.a.k.c.a.i.AdminMetadataManager trace=,span= - [AdminClient clientId=notification-service] Rebootstrapping with Cluster(id = null, nodes = [localhost:9092 (id: -1 rack: null isFenced: false)], partitions = [], controller = null)
2026-06-16 13:32:18.655 [kafka-admin-client-thread | notification-service] INFO  o.a.k.c.a.i.AdminMetadataManager trace=,span= - [AdminClient clientId=notification-service] Rebootstrapping with Cluster(id = null, nodes = [localhost:9092 (id: -1 rack: null isFenced: false)], partitions = [], controller = null)
2026-06-16 13:32:18.655 [kafka-admin-client-thread | notification-service] INFO  o.a.k.c.a.i.AdminMetadataManager trace=,span= - [AdminClient clientId=notification-service] Rebootstrapping with Cluster(id = null, nodes = [localhost:9092 (id: -1 rack: null isFenced: false)], partitions = [], controller = null)
2026-06-16 13:32:18.655 [kafka-admin-client-thread | notification-service] INFO  o.a.k.c.a.i.AdminMetadataManager trace=,span= - [AdminClient clientId=notification-service] Rebootstrapping with Cluster(id = null, nodes = [localhost:9092 (id: -1 rack: null isFenced: false)], partitions = [], controller = null)
2026-06-16 13:32:18.655 [kafka-admin-client-thread | notification-service] INFO  o.a.k.c.a.i.AdminMetadataManager trace=,span= - [AdminClient clientId=notification-service] Rebootstrapping with Cluster(id = null, nodes = [localhost:9092 (id: -1 rack: null isFenced: false)], partitions = [], controller = null)
2026-06-16 13:32:18.655 [kafka-admin-client-thread | notification-service] INFO  o.a.k.c.a.i.AdminMetadataManager trace=,span= - [AdminClient clientId=notification-service] Rebootstrapping with Cluster(id = null, nodes = [localhost:9092 (id: -1 rack: null isFenced: false)], partitions = [], controller = null)
2026-06-16 13:32:18.655 [kafka-admin-client-thread | notification-service] INFO  o.a.k.c.a.i.AdminMetadataManager trace=,span= - [AdminClient clientId=notification-service] Rebootstrapping with Cluster(id = null, nodes = [localhost:9092 (id: -1 rack: null isFenced: false)], partitions = [], controller = null)
2026-06-16 13:32:18.655 [kafka-admin-client-thread | notification-service] INFO  o.a.k.c.a.i.AdminMetadataManager trace=,span= - [AdminClient clientId=notification-service] Rebootstrapping with Cluster(id = null, nodes = [localhost:9092 (id: -1 rack: null isFenced: false)], partitions = [], controller = null)
2026-06-16 13:32:18.655 [kafka-admin-client-thread | notification-service] INFO  o.a.k.c.a.i.AdminMetadataManager trace=,span= - [AdminClient clientId=notification-service] Rebootstrapping with Cluster(id = null, nodes = [localhost:9092 (id: -1 rack: null isFenced: false)], partitions = [], controller = null)
2026-06-16 13:32:18.655 [kafka-admin-client-thread | notification-service] INFO  o.a.k.c.a.i.AdminMetadataManager trace=,span= - [AdminClient clientId=notification-service] Rebootstrapping with Cluster(id = null, nodes = [localhost:9092 (id: -1 rack: null isFenced: false)], partitions = [], controller = null)
2026-06-16 13:32:18.655 [kafka-admin-client-thread | notification-service] INFO  o.a.k.c.a.i.AdminMetadataManager trace=,span= - [AdminClient clientId=notification-service] Rebootstrapping with Cluster(id = null, nodes = [localhost:9092 (id: -1 rack: null isFenced: false)], partitions = [], controller = null)
2026-06-16 13:32:18.655 [kafka-admin-client-thread | notification-service] INFO  o.a.k.c.a.i.AdminMetadataManager trace=,span= - [AdminClient clientId=notification-service] Rebootstrapping with Cluster(id = null, nodes = [localhost:9092 (id: -1 rack: null isFenced: false)], partitions = [], controller = null)
2026-06-16 13:32:18.655 [kafka-admin-client-thread | notification-service] INFO  o.a.k.c.a.i.AdminMetadataManager trace=,span= - [AdminClient clientId=notification-service] Rebootstrapping with Cluster(id = null, nodes = [localhost:9092 (id: -1 rack: null isFenced: false)], partitions = [], controller = null)
2026-06-16 13:32:18.655 [kafka-admin-client-thread | notification-service] INFO  o.a.k.c.a.i.AdminMetadataManager trace=,span= - [AdminClient clientId=notification-service] Rebootstrapping with Cluster(id = null, nodes = [localhost:9092 (id: -1 rack: null isFenced: false)], partitions = [], controller = null)
2026-06-16 13:32:18.757 [kafka-admin-client-thread | notification-service] INFO  o.a.k.c.a.i.AdminMetadataManager trace=,span= - [AdminClient clientId=notification-service] Rebootstrapping with Cluster(id = null, nodes = [localhost:9092 (id: -1 rack: null isFenced: false)], partitions = [], controller = null)
2026-06-16 13:32:18.758 [kafka-admin-client-thread | notification-service] INFO  o.a.k.c.a.i.AdminMetadataManager trace=,span= - [AdminClient clientId=notification-service] Rebootstrapping with Cluster(id = null, nodes = [localhost:9092 (id: -1 rack: null isFenced: false)], partitions = [], controller = null)
2026-06-16 13:32:18.758 [kafka-admin-client-thread | notification-service] INFO  o.a.k.c.a.i.AdminMetadataManager trace=,span= - [AdminClient clientId=notification-service] Rebootstrapping with Cluster(id = null, nodes = [localhost:9092 (id: -1 rack: null isFenced: false)], partitions = [], controller = null)
2026-06-16 13:32:18.758 [kafka-admin-client-thread | notification-service] INFO  o.a.k.c.a.i.AdminMetadataManager trace=,span= - [AdminClient clientId=notification-service] Rebootstrapping with Cluster(id = null, nodes = [localhost:9092 (id: -1 rack: null isFenced: false)], partitions = [], controller = null)
2026-06-16 13:32:18.758 [kafka-admin-client-thread | notification-service] INFO  o.a.k.c.a.i.AdminMetadataManager trace=,span= - [AdminClient clientId=notification-service] Rebootstrapping with Cluster(id = null, nodes = [localhost:9092 (id: -1 rack: null isFenced: false)], partitions = [], controller = null)
2026-06-16 13:32:18.758 [kafka-admin-client-thread | notification-service] INFO  o.a.k.c.a.i.AdminMetadataManager trace=,span= - [AdminClient clientId=notification-service] Rebootstrapping with Cluster(id = null, nodes = [localhost:9092 (id: -1 rack: null isFenced: false)], partitions = [], controller = null)
2026-06-16 13:32:18.760 [kafka-admin-client-thread | notification-service] INFO  o.a.k.c.a.i.AdminMetadataManager trace=,span= - [AdminClient clientId=notification-service] Rebootstrapping with Cluster(id = null, nodes = [localhost:9092 (id: -1 rack: null isFenced: false)], partitions = [], controller = null)
2026-06-16 13:32:18.760 [kafka-admin-client-thread | notification-service] INFO  o.a.k.c.a.i.AdminMetadataManager trace=,span= - [AdminClient clientId=notification-service] Rebootstrapping with Cluster(id = null, nodes = [localhost:9092 (id: -1 rack: null isFenced: false)], partitions = [], controller = null)
2026-06-16 13:32:18.760 [kafka-admin-client-thread | notification-service] INFO  o.a.k.c.a.i.AdminMetadataManager trace=,span= - [AdminClient clientId=notification-service] Rebootstrapping with Cluster(id = null, nodes = [localhost:9092 (id: -1 rack: null isFenced: false)], partitions = [], controller = null)
2026-06-16 13:32:18.760 [kafka-admin-client-thread | notification-service] INFO  o.a.k.c.a.i.AdminMetadataManager trace=,span= - [AdminClient clientId=notification-service] Rebootstrapping with Cluster(id = null, nodes = [localhost:9092 (id: -1 rack: null isFenced: false)], partitions = [], controller = null)
2026-06-16 13:32:18.760 [kafka-admin-client-thread | notification-service] INFO  o.a.k.c.a.i.AdminMetadataManager trace=,span= - [AdminClient clientId=notification-service] Rebootstrapping with Cluster(id = null, nodes = [localhost:9092 (id: -1 rack: null isFenced: false)], partitions = [], controller = null)
2026-06-16 13:32:18.760 [kafka-admin-client-thread | notification-service] INFO  o.a.k.c.a.i.AdminMetadataManager trace=,span= - [AdminClient clientId=notification-service] Rebootstrapping with Cluster(id = null, nodes = [localhost:9092 (id: -1 rack: null isFenced: false)], partitions = [], controller = null)
2026-06-16 13:32:18.760 [kafka-admin-client-thread | notification-service] INFO  o.a.k.c.a.i.AdminMetadataManager trace=,span= - [AdminClient clientId=notification-service] Rebootstrapping with Cluster(id = null, nodes = [localhost:9092 (id: -1 rack: null isFenced: false)], partitions = [], controller = null)
2026-06-16 13:32:18.761 [kafka-admin-client-thread | notification-service] INFO  o.a.k.c.a.i.AdminMetadataManager trace=,span= - [AdminClient clientId=notification-service] Rebootstrapping with Cluster(id = null, nodes = [localhost:9092 (id: -1 rack: null isFenced: false)], partitions = [], controller = null)
2026-06-16 13:32:18.761 [kafka-admin-client-thread | notification-service] INFO  o.a.k.c.a.i.AdminMetadataManager trace=,span= - [AdminClient clientId=notification-service] Rebootstrapping with Cluster(id = null, nodes = [localhost:9092 (id: -1 rack: null isFenced: false)], partitions = [], controller = null)
2026-06-16 13:32:18.761 [kafka-admin-client-thread | notification-service] INFO  o.a.k.c.a.i.AdminMetadataManager trace=,span= - [AdminClient clientId=notification-service] Rebootstrapping with Cluster(id = null, nodes = [localhost:9092 (id: -1 rack: null isFenced: false)], partitions = [], controller = null)
2026-06-16 13:32:18.761 [kafka-admin-client-thread | notification-service] INFO  o.a.k.c.a.i.AdminMetadataManager trace=,span= - [AdminClient clientId=notification-service] Rebootstrapping with Cluster(id = null, nodes = [localhost:9092 (id: -1 rack: null isFenced: false)], partitions = [], controller = null)
2026-06-16 13:32:18.761 [kafka-admin-client-thread | notification-service] INFO  o.a.k.c.a.i.AdminMetadataManager trace=,span= - [AdminClient clientId=notification-service] Rebootstrapping with Cluster(id = null, nodes = [localhost:9092 (id: -1 rack: null isFenced: false)], partitions = [], controller = null)
2026-06-16 13:32:18.761 [kafka-admin-client-thread | notification-service] INFO  o.a.k.c.a.i.AdminMetadataManager trace=,span= - [AdminClient clientId=notification-service] Rebootstrapping with Cluster(id = null, nodes = [localhost:9092 (id: -1 rack: null isFenced: false)], partitions = [], controller = null)
2026-06-16 13:32:18.761 [kafka-admin-client-thread | notification-service] INFO  o.a.k.c.a.i.AdminMetadataManager trace=,span= - [AdminClient clientId=notification-service] Rebootstrapping with Cluster(id = null, nodes = [localhost:9092 (id: -1 rack: null isFenced: false)], partitions = [], controller = null)
2026-06-16 13:32:18.761 [kafka-admin-client-thread | notification-service] INFO  o.a.k.c.a.i.AdminMetadataManager trace=,span= - [AdminClient clientId=notification-service] Rebootstrapping with Cluster(id = null, nodes = [localhost:9092 (id: -1 rack: null isFenced: false)], partitions = [], controller = null)
2026-06-16 13:32:18.761 [kafka-admin-client-thread | notification-service] INFO  o.a.k.c.a.i.AdminMetadataManager trace=,span= - [AdminClient clientId=notification-service] Rebootstrapping with Cluster(id = null, nodes = [localhost:9092 (id: -1 rack: null isFenced: false)], partitions = [], controller = null)
2026-06-16 13:32:18.761 [kafka-admin-client-thread | notification-service] INFO  o.a.k.c.a.i.AdminMetadataManager trace=,span= - [AdminClient clientId=notification-service] Rebootstrapping with Cluster(id = null, nodes = [localhost:9092 (id: -1 rack: null isFenced: false)], partitions = [], controller = null)
2026-06-16 13:32:18.761 [kafka-admin-client-thread | notification-service] INFO  o.a.k.c.a.i.AdminMetadataManager trace=,span= - [AdminClient clientId=notification-service] Rebootstrapping with Cluster(id = null, nodes = [localhost:9092 (id: -1 rack: null isFenced: false)], partitions = [], controller = null)
2026-06-16 13:32:18.863 [kafka-admin-client-thread | notification-service] INFO  o.a.k.c.a.i.AdminMetadataManager trace=,span= - [AdminClient clientId=notification-service] Rebootstrapping with Cluster(id = null, nodes = [localhost:9092 (id: -1 rack: null isFenced: false)], partitions = [], controller = null)
2026-06-16 13:32:18.864 [kafka-admin-client-thread | notification-service] INFO  o.a.k.c.a.i.AdminMetadataManager trace=,span= - [AdminClient clientId=notification-service] Rebootstrapping with Cluster(id = null, nodes = [localhost:9092 (id: -1 rack: null isFenced: false)], partitions = [], controller = null)
2026-06-16 13:32:18.864 [kafka-admin-client-thread | notification-service] INFO  o.a.k.c.a.i.AdminMetadataManager trace=,span= - [AdminClient clientId=notification-service] Rebootstrapping with Cluster(id = null, nodes = [localhost:9092 (id: -1 rack: null isFenced: false)], partitions = [], controller = null)
2026-06-16 13:32:18.865 [kafka-admin-client-thread | notification-service] INFO  o.a.k.c.a.i.AdminMetadataManager trace=,span= - [AdminClient clientId=notification-service] Rebootstrapping with Cluster(id = null, nodes = [localhost:9092 (id: -1 rack: null isFenced: false)], partitions = [], controller = null)
2026-06-16 13:32:18.865 [kafka-admin-client-thread | notification-service] INFO  o.a.k.c.a.i.AdminMetadataManager trace=,span= - [AdminClient clientId=notification-service] Rebootstrapping with Cluster(id = null, nodes = [localhost:9092 (id: -1 rack: null isFenced: false)], partitions = [], controller = null)
2026-06-16 13:32:18.869 [kafka-admin-client-thread | notification-service] INFO  o.a.k.c.a.i.AdminMetadataManager trace=,span= - [AdminClient clientId=notification-service] Rebootstrapping with Cluster(id = null, nodes = [localhost:9092 (id: -1 rack: null isFenced: false)], partitions = [], controller = null)
2026-06-16 13:32:18.869 [kafka-admin-client-thread | notification-service] INFO  o.a.k.c.a.i.AdminMetadataManager trace=,span= - [AdminClient clientId=notification-service] Rebootstrapping with Cluster(id = null, nodes = [localhost:9092 (id: -1 rack: null isFenced: false)], partitions = [], controller = null)
2026-06-16 13:32:18.869 [kafka-admin-client-thread | notification-service] INFO  o.a.k.c.a.i.AdminMetadataManager trace=,span= - [AdminClient clientId=notification-service] Rebootstrapping with Cluster(id = null, nodes = [localhost:9092 (id: -1 rack: null isFenced: false)], partitions = [], controller = null)
2026-06-16 13:32:18.869 [kafka-admin-client-thread | notification-service] INFO  o.a.k.c.a.i.AdminMetadataManager trace=,span= - [AdminClient clientId=notification-service] Rebootstrapping with Cluster(id = null, nodes = [localhost:9092 (id: -1 rack: null isFenced: false)], partitions = [], controller = null)
2026-06-16 13:32:18.869 [kafka-admin-client-thread | notification-service] INFO  o.a.k.c.a.i.AdminMetadataManager trace=,span= - [AdminClient clientId=notification-service] Rebootstrapping with Cluster(id = null, nodes = [localhost:9092 (id: -1 rack: null isFenced: false)], partitions = [], controller = null)
2026-06-16 13:32:18.869 [kafka-admin-client-thread | notification-service] INFO  o.a.k.c.a.i.AdminMetadataManager trace=,span= - [AdminClient clientId=notification-service] Rebootstrapping with Cluster(id = null, nodes = [localhost:9092 (id: -1 rack: null isFenced: false)], partitions = [], controller = null)
2026-06-16 13:32:18.869 [kafka-admin-client-thread | notification-service] INFO  o.a.k.c.a.i.AdminMetadataManager trace=,span= - [AdminClient clientId=notification-service] Rebootstrapping with Cluster(id = null, nodes = [localhost:9092 (id: -1 rack: null isFenced: false)], partitions = [], controller = null)
2026-06-16 13:32:18.870 [kafka-admin-client-thread | notification-service] INFO  o.a.k.c.a.i.AdminMetadataManager trace=,span= - [AdminClient clientId=notification-service] Rebootstrapping with Cluster(id = null, nodes = [localhost:9092 (id: -1 rack: null isFenced: false)], partitions = [], controller = null)
2026-06-16 13:32:18.870 [kafka-admin-client-thread | notification-service] INFO  o.a.k.c.a.i.AdminMetadataManager trace=,span= - [AdminClient clientId=notification-service] Rebootstrapping with Cluster(id = null, nodes = [localhost:9092 (id: -1 rack: null isFenced: false)], partitions = [], controller = null)
2026-06-16 13:32:18.870 [kafka-admin-client-thread | notification-service] INFO  o.a.k.c.a.i.AdminMetadataManager trace=,span= - [AdminClient clientId=notification-service] Rebootstrapping with Cluster(id = null, nodes = [localhost:9092 (id: -1 rack: null isFenced: false)], partitions = [], controller = null)
2026-06-16 13:32:18.870 [kafka-admin-client-thread | notification-service] INFO  o.a.k.c.a.i.AdminMetadataManager trace=,span= - [AdminClient clientId=notification-service] Rebootstrapping with Cluster(id = null, nodes = [localhost:9092 (id: -1 rack: null isFenced: false)], partitions = [], controller = null)
2026-06-16 13:32:18.870 [kafka-admin-client-thread | notification-service] INFO  o.a.k.c.a.i.AdminMetadataManager trace=,span= - [AdminClient clientId=notification-service] Rebootstrapping with Cluster(id = null, nodes = [localhost:9092 (id: -1 rack: null isFenced: false)], partitions = [], controller = null)
2026-06-16 13:32:18.870 [kafka-admin-client-thread | notification-service] INFO  o.a.k.c.a.i.AdminMetadataManager trace=,span= - [AdminClient clientId=notification-service] Rebootstrapping with Cluster(id = null, nodes = [localhost:9092 (id: -1 rack: null isFenced: false)], partitions = [], controller = null)
2026-06-16 13:32:18.870 [kafka-admin-client-thread | notification-service] INFO  o.a.k.c.a.i.AdminMetadataManager trace=,span= - [AdminClient clientId=notification-service] Rebootstrapping with Cluster(id = null, nodes = [localhost:9092 (id: -1 rack: null isFenced: false)], partitions = [], controller = null)
2026-06-16 13:32:18.870 [kafka-admin-client-thread | notification-service] INFO  o.a.k.c.a.i.AdminMetadataManager trace=,span= - [AdminClient clientId=notification-service] Rebootstrapping with Cluster(id = null, nodes = [localhost:9092 (id: -1 rack: null isFenced: false)], partitions = [], controller = null)
2026-06-16 13:32:18.870 [kafka-admin-client-thread | notification-service] INFO  o.a.k.c.a.i.AdminMetadataManager trace=,span= - [AdminClient clientId=notification-service] Rebootstrapping with Cluster(id = null, nodes = [localhost:9092 (id: -1 rack: null isFenced: false)], partitions = [], controller = null)
2026-06-16 13:32:18.870 [kafka-admin-client-thread | notification-service] INFO  o.a.k.c.a.i.AdminMetadataManager trace=,span= - [AdminClient clientId=notification-service] Rebootstrapping with Cluster(id = null, nodes = [localhost:9092 (id: -1 rack: null isFenced: false)], partitions = [], controller = null)
2026-06-16 13:32:18.870 [kafka-admin-client-thread | notification-service] INFO  o.a.k.c.a.i.AdminMetadataManager trace=,span= - [AdminClient clientId=notification-service] Rebootstrapping with Cluster(id = null, nodes = [localhost:9092 (id: -1 rack: null isFenced: false)], partitions = [], controller = null)
2026-06-16 13:32:18.870 [kafka-admin-client-thread | notification-service] INFO  o.a.k.c.a.i.AdminMetadataManager trace=,span= - [AdminClient clientId=notification-service] Rebootstrapping with Cluster(id = null, nodes = [localhost:9092 (id: -1 rack: null isFenced: false)], partitions = [], controller = null)
2026-06-16 13:32:18.870 [kafka-admin-client-thread | notification-service] INFO  o.a.k.c.a.i.AdminMetadataManager trace=,span= - [AdminClient clientId=notification-service] Rebootstrapping with Cluster(id = null, nodes = [localhost:9092 (id: -1 rack: null isFenced: false)], partitions = [], controller = null)
2026-06-16 13:32:18.974 [kafka-admin-client-thread | notification-service] INFO  o.a.k.c.a.i.AdminMetadataManager trace=,span= - [AdminClient clientId=notification-service] Rebootstrapping with Cluster(id = null, nodes = [localhost:9092 (id: -1 rack: null isFenced: false)], partitions = [], controller = null)
2026-06-16 13:32:18.975 [kafka-admin-client-thread | notification-service] INFO  o.a.k.c.a.i.AdminMetadataManager trace=,span= - [AdminClient clientId=notification-service] Rebootstrapping with Cluster(id = null, nodes = [localhost:9092 (id: -1 rack: null isFenced: false)], partitions = [], controller = null)
2026-06-16 13:32:18.975 [kafka-admin-client-thread | notification-service] INFO  o.a.k.c.a.i.AdminMetadataManager trace=,span= - [AdminClient clientId=notification-service] Rebootstrapping with Cluster(id = null, nodes = [localhost:9092 (id: -1 rack: null isFenced: false)], partitions = [], controller = null)
2026-06-16 13:32:18.975 [kafka-admin-client-thread | notification-service] INFO  o.a.k.c.a.i.AdminMetadataManager trace=,span= - [AdminClient clientId=notification-service] Rebootstrapping with Cluster(id = null, nodes = [localhost:9092 (id: -1 rack: null isFenced: false)], partitions = [], controller = null)
2026-06-16 13:32:18.976 [kafka-admin-client-thread | notification-service] INFO  o.a.k.c.a.i.AdminMetadataManager trace=,span= - [AdminClient clientId=notification-service] Rebootstrapping with Cluster(id = null, nodes = [localhost:9092 (id: -1 rack: null isFenced: false)], partitions = [], controller = null)
2026-06-16 13:32:18.976 [kafka-admin-client-thread | notification-service] INFO  o.a.k.c.a.i.AdminMetadataManager trace=,span= - [AdminClient clientId=notification-service] Rebootstrapping with Cluster(id = null, nodes = [localhost:9092 (id: -1 rack: null isFenced: false)], partitions = [], controller = null)
2026-06-16 13:32:18.976 [kafka-admin-client-thread | notification-service] INFO  o.a.k.c.a.i.AdminMetadataManager trace=,span= - [AdminClient clientId=notification-service] Rebootstrapping with Cluster(id = null, nodes = [localhost:9092 (id: -1 rack: null isFenced: false)], partitions = [], controller = null)
2026-06-16 13:32:18.976 [kafka-admin-client-thread | notification-service] INFO  o.a.k.c.a.i.AdminMetadataManager trace=,span= - [AdminClient clientId=notification-service] Rebootstrapping with Cluster(id = null, nodes = [localhost:9092 (id: -1 rack: null isFenced: false)], partitions = [], controller = null)
2026-06-16 13:32:18.976 [kafka-admin-client-thread | notification-service] INFO  o.a.k.c.a.i.AdminMetadataManager trace=,span= - [AdminClient clientId=notification-service] Rebootstrapping with Cluster(id = null, nodes = [localhost:9092 (id: -1 rack: null isFenced: false)], partitions = [], controller = null)
2026-06-16 13:32:18.976 [kafka-admin-client-thread | notification-service] INFO  o.a.k.c.a.i.AdminMetadataManager trace=,span= - [AdminClient clientId=notification-service] Rebootstrapping with Cluster(id = null, nodes = [localhost:9092 (id: -1 rack: null isFenced: false)], partitions = [], controller = null)
2026-06-16 13:32:18.976 [kafka-admin-client-thread | notification-service] INFO  o.a.k.c.a.i.AdminMetadataManager trace=,span= - [AdminClient clientId=notification-service] Rebootstrapping with Cluster(id = null, nodes = [localhost:9092 (id: -1 rack: null isFenced: false)], partitions = [], controller = null)
2026-06-16 13:32:18.977 [kafka-admin-client-thread | notification-service] INFO  o.a.k.c.a.i.AdminMetadataManager trace=,span= - [AdminClient clientId=notification-service] Rebootstrapping with Cluster(id = null, nodes = [localhost:9092 (id: -1 rack: null isFenced: false)], partitions = [], controller = null)
2026-06-16 13:32:18.977 [kafka-admin-client-thread | notification-service] INFO  o.a.k.c.a.i.AdminMetadataManager trace=,span= - [AdminClient clientId=notification-service] Rebootstrapping with Cluster(id = null, nodes = [localhost:9092 (id: -1 rack: null isFenced: false)], partitions = [], controller = null)
2026-06-16 13:32:18.977 [kafka-admin-client-thread | notification-service] INFO  o.a.k.c.a.i.AdminMetadataManager trace=,span= - [AdminClient clientId=notification-service] Rebootstrapping with Cluster(id = null, nodes = [localhost:9092 (id: -1 rack: null isFenced: false)], partitions = [], controller = null)
2026-06-16 13:32:18.977 [kafka-admin-client-thread | notification-service] INFO  o.a.k.c.a.i.AdminMetadataManager trace=,span= - [AdminClient clientId=notification-service] Rebootstrapping with Cluster(id = null, nodes = [localhost:9092 (id: -1 rack: null isFenced: false)], partitions = [], controller = null)
2026-06-16 13:32:18.977 [kafka-admin-client-thread | notification-service] INFO  o.a.k.c.a.i.AdminMetadataManager trace=,span= - [AdminClient clientId=notification-service] Rebootstrapping with Cluster(id = null, nodes = [localhost:9092 (id: -1 rack: null isFenced: false)], partitions = [], controller = null)
2026-06-16 13:32:18.977 [kafka-admin-client-thread | notification-service] INFO  o.a.k.c.a.i.AdminMetadataManager trace=,span= - [AdminClient clientId=notification-service] Rebootstrapping with Cluster(id = null, nodes = [localhost:9092 (id: -1 rack: null isFenced: false)], partitions = [], controller = null)
2026-06-16 13:32:18.977 [kafka-admin-client-thread | notification-service] INFO  o.a.k.c.a.i.AdminMetadataManager trace=,span= - [AdminClient clientId=notification-service] Rebootstrapping with Cluster(id = null, nodes = [localhost:9092 (id: -1 rack: null isFenced: false)], partitions = [], controller = null)
2026-06-16 13:32:18.977 [kafka-admin-client-thread | notification-service] INFO  o.a.k.c.a.i.AdminMetadataManager trace=,span= - [AdminClient clientId=notification-service] Rebootstrapping with Cluster(id = null, nodes = [localhost:9092 (id: -1 rack: null isFenced: false)], partitions = [], controller = null)
2026-06-16 13:32:18.977 [kafka-admin-client-thread | notification-service] INFO  o.a.k.c.a.i.AdminMetadataManager trace=,span= - [AdminClient clientId=notification-service] Rebootstrapping with Cluster(id = null, nodes = [localhost:9092 (id: -1 rack: null isFenced: false)], partitions = [], controller = null)
2026-06-16 13:32:18.977 [kafka-admin-client-thread | notification-service] INFO  o.a.k.c.a.i.AdminMetadataManager trace=,span= - [AdminClient clientId=notification-service] Rebootstrapping with Cluster(id = null, nodes = [localhost:9092 (id: -1 rack: null isFenced: false)], partitions = [], controller = null)
2026-06-16 13:32:18.977 [kafka-admin-client-thread | notification-service] INFO  o.a.k.c.a.i.AdminMetadataManager trace=,span= - [AdminClient clientId=notification-service] Rebootstrapping with Cluster(id = null, nodes = [localhost:9092 (id: -1 rack: null isFenced: false)], partitions = [], controller = null)
2026-06-16 13:32:18.977 [kafka-admin-client-thread | notification-service] INFO  o.a.k.c.a.i.AdminMetadataManager trace=,span= - [AdminClient clientId=notification-service] Rebootstrapping with Cluster(id = null, nodes = [localhost:9092 (id: -1 rack: null isFenced: false)], partitions = [], controller = null)
2026-06-16 13:32:18.977 [kafka-admin-client-thread | notification-service] INFO  o.a.k.c.a.i.AdminMetadataManager trace=,span= - [AdminClient clientId=notification-service] Rebootstrapping with Cluster(id = null, nodes = [localhost:9092 (id: -1 rack: null isFenced: false)], partitions = [], controller = null)
2026-06-16 13:32:18.977 [kafka-admin-client-thread | notification-service] INFO  o.a.k.c.a.i.AdminMetadataManager trace=,span= - [AdminClient clientId=notification-service] Rebootstrapping with Cluster(id = null, nodes = [localhost:9092 (id: -1 rack: null isFenced: false)], partitions = [], controller = null)
2026-06-16 13:32:18.977 [kafka-admin-client-thread | notification-service] INFO  o.a.k.c.a.i.AdminMetadataManager trace=,span= - [AdminClient clientId=notification-service] Rebootstrapping with Cluster(id = null, nodes = [localhost:9092 (id: -1 rack: null isFenced: false)], partitions = [], controller = null)
2026-06-16 13:32:19.080 [kafka-admin-client-thread | notification-service] INFO  o.a.k.c.a.i.AdminMetadataManager trace=,span= - [AdminClient clientId=notification-service] Rebootstrapping with Cluster(id = null, nodes = [localhost:9092 (id: -1 rack: null isFenced: false)], partitions = [], controller = null)
2026-06-16 13:32:19.081 [kafka-admin-client-thread | notification-service] INFO  o.a.k.c.a.i.AdminMetadataManager trace=,span= - [AdminClient clientId=notification-service] Rebootstrapping with Cluster(id = null, nodes = [localhost:9092 (id: -1 rack: null isFenced: false)], partitions = [], controller = null)
2026-06-16 13:32:19.081 [kafka-admin-client-thread | notification-service] INFO  o.a.k.c.a.i.AdminMetadataManager trace=,span= - [AdminClient clientId=notification-service] Rebootstrapping with Cluster(id = null, nodes = [localhost:9092 (id: -1 rack: null isFenced: false)], partitions = [], controller = null)
2026-06-16 13:32:19.081 [kafka-admin-client-thread | notification-service] INFO  o.a.k.c.a.i.AdminMetadataManager trace=,span= - [AdminClient clientId=notification-service] Rebootstrapping with Cluster(id = null, nodes = [localhost:9092 (id: -1 rack: null isFenced: false)], partitions = [], controller = null)
2026-06-16 13:32:19.082 [kafka-admin-client-thread | notification-service] INFO  o.a.k.c.a.i.AdminMetadataManager trace=,span= - [AdminClient clientId=notification-service] Rebootstrapping with Cluster(id = null, nodes = [localhost:9092 (id: -1 rack: null isFenced: false)], partitions = [], controller = null)
2026-06-16 13:32:19.082 [kafka-admin-client-thread | notification-service] INFO  o.a.k.c.a.i.AdminMetadataManager trace=,span= - [AdminClient clientId=notification-service] Rebootstrapping with Cluster(id = null, nodes = [localhost:9092 (id: -1 rack: null isFenced: false)], partitions = [], controller = null)
2026-06-16 13:32:19.082 [kafka-admin-client-thread | notification-service] INFO  o.a.k.c.a.i.AdminMetadataManager trace=,span= - [AdminClient clientId=notification-service] Rebootstrapping with Cluster(id = null, nodes = [localhost:9092 (id: -1 rack: null isFenced: false)], partitions = [], controller = null)
2026-06-16 13:32:19.083 [kafka-admin-client-thread | notification-service] INFO  o.a.k.c.a.i.AdminMetadataManager trace=,span= - [AdminClient clientId=notification-service] Rebootstrapping with Cluster(id = null, nodes = [localhost:9092 (id: -1 rack: null isFenced: false)], partitions = [], controller = null)
2026-06-16 13:32:19.083 [kafka-admin-client-thread | notification-service] INFO  o.a.k.c.a.i.AdminMetadataManager trace=,span= - [AdminClient clientId=notification-service] Rebootstrapping with Cluster(id = null, nodes = [localhost:9092 (id: -1 rack: null isFenced: false)], partitions = [], controller = null)
2026-06-16 13:32:19.083 [kafka-admin-client-thread | notification-service] INFO  o.a.k.c.a.i.AdminMetadataManager trace=,span= - [AdminClient clientId=notification-service] Rebootstrapping with Cluster(id = null, nodes = [localhost:9092 (id: -1 rack: null isFenced: false)], partitions = [], controller = null)
2026-06-16 13:32:19.083 [kafka-admin-client-thread | notification-service] INFO  o.a.k.c.a.i.AdminMetadataManager trace=,span= - [AdminClient clientId=notification-service] Rebootstrapping with Cluster(id = null, nodes = [localhost:9092 (id: -1 rack: null isFenced: false)], partitions = [], controller = null)
2026-06-16 13:32:19.083 [kafka-admin-client-thread | notification-service] INFO  o.a.k.c.a.i.AdminMetadataManager trace=,span= - [AdminClient clientId=notification-service] Rebootstrapping with Cluster(id = null, nodes = [localhost:9092 (id: -1 rack: null isFenced: false)], partitions = [], controller = null)
2026-06-16 13:32:19.083 [kafka-admin-client-thread | notification-service] INFO  o.a.k.c.a.i.AdminMetadataManager trace=,span= - [AdminClient clientId=notification-service] Rebootstrapping with Cluster(id = null, nodes = [localhost:9092 (id: -1 rack: null isFenced: false)], partitions = [], controller = null)
2026-06-16 13:32:19.083 [kafka-admin-client-thread | notification-service] INFO  o.a.k.c.a.i.AdminMetadataManager trace=,span= - [AdminClient clientId=notification-service] Rebootstrapping with Cluster(id = null, nodes = [localhost:9092 (id: -1 rack: null isFenced: false)], partitions = [], controller = null)
2026-06-16 13:32:19.083 [kafka-admin-client-thread | notification-service] INFO  o.a.k.c.a.i.AdminMetadataManager trace=,span= - [AdminClient clientId=notification-service] Rebootstrapping with Cluster(id = null, nodes = [localhost:9092 (id: -1 rack: null isFenced: false)], partitions = [], controller = null)
2026-06-16 13:32:19.083 [kafka-admin-client-thread | notification-service] INFO  o.a.k.c.a.i.AdminMetadataManager trace=,span= - [AdminClient clientId=notification-service] Rebootstrapping with Cluster(id = null, nodes = [localhost:9092 (id: -1 rack: null isFenced: false)], partitions = [], controller = null)
2026-06-16 13:32:19.083 [kafka-admin-client-thread | notification-service] INFO  o.a.k.c.a.i.AdminMetadataManager trace=,span= - [AdminClient clientId=notification-service] Rebootstrapping with Cluster(id = null, nodes = [localhost:9092 (id: -1 rack: null isFenced: false)], partitions = [], controller = null)
2026-06-16 13:32:19.084 [kafka-admin-client-thread | notification-service] INFO  o.a.k.c.a.i.AdminMetadataManager trace=,span= - [AdminClient clientId=notification-service] Rebootstrapping with Cluster(id = null, nodes = [localhost:9092 (id: -1 rack: null isFenced: false)], partitions = [], controller = null)
2026-06-16 13:32:19.084 [kafka-admin-client-thread | notification-service] INFO  o.a.k.c.a.i.AdminMetadataManager trace=,span= - [AdminClient clientId=notification-service] Rebootstrapping with Cluster(id = null, nodes = [localhost:9092 (id: -1 rack: null isFenced: false)], partitions = [], controller = null)
2026-06-16 13:32:19.084 [kafka-admin-client-thread | notification-service] INFO  o.a.k.c.a.i.AdminMetadataManager trace=,span= - [AdminClient clientId=notification-service] Rebootstrapping with Cluster(id = null, nodes = [localhost:9092 (id: -1 rack: null isFenced: false)], partitions = [], controller = null)
2026-06-16 13:32:19.084 [kafka-admin-client-thread | notification-service] INFO  o.a.k.c.a.i.AdminMetadataManager trace=,span= - [AdminClient clientId=notification-service] Rebootstrapping with Cluster(id = null, nodes = [localhost:9092 (id: -1 rack: null isFenced: false)], partitions = [], controller = null)
2026-06-16 13:32:19.084 [kafka-admin-client-thread | notification-service] INFO  o.a.k.c.a.i.AdminMetadataManager trace=,span= - [AdminClient clientId=notification-service] Rebootstrapping with Cluster(id = null, nodes = [localhost:9092 (id: -1 rack: null isFenced: false)], partitions = [], controller = null)
2026-06-16 13:32:19.084 [kafka-admin-client-thread | notification-service] INFO  o.a.k.c.a.i.AdminMetadataManager trace=,span= - [AdminClient clientId=notification-service] Rebootstrapping with Cluster(id = null, nodes = [localhost:9092 (id: -1 rack: null isFenced: false)], partitions = [], controller = null)
2026-06-16 13:32:19.084 [kafka-admin-client-thread | notification-service] INFO  o.a.k.c.a.i.AdminMetadataManager trace=,span= - [AdminClient clientId=notification-service] Rebootstrapping with Cluster(id = null, nodes = [localhost:9092 (id: -1 rack: null isFenced: false)], partitions = [], controller = null)
2026-06-16 13:32:19.084 [kafka-admin-client-thread | notification-service] INFO  o.a.k.c.a.i.AdminMetadataManager trace=,span= - [AdminClient clientId=notification-service] Rebootstrapping with Cluster(id = null, nodes = [localhost:9092 (id: -1 rack: null isFenced: false)], partitions = [], controller = null)
2026-06-16 13:32:19.084 [kafka-admin-client-thread | notification-service] INFO  o.a.k.c.a.i.AdminMetadataManager trace=,span= - [AdminClient clientId=notification-service] Rebootstrapping with Cluster(id = null, nodes = [localhost:9092 (id: -1 rack: null isFenced: false)], partitions = [], controller = null)
2026-06-16 13:32:19.084 [kafka-admin-client-thread | notification-service] INFO  o.a.k.c.a.i.AdminMetadataManager trace=,span= - [AdminClient clientId=notification-service] Rebootstrapping with Cluster(id = null, nodes = [localhost:9092 (id: -1 rack: null isFenced: false)], partitions = [], controller = null)
2026-06-16 13:32:19.186 [kafka-admin-client-thread | notification-service] INFO  o.a.k.c.a.i.AdminMetadataManager trace=,span= - [AdminClient clientId=notification-service] Rebootstrapping with Cluster(id = null, nodes = [localhost:9092 (id: -1 rack: null isFenced: false)], partitions = [], controller = null)
2026-06-16 13:32:19.187 [kafka-admin-client-thread | notification-service] INFO  o.a.k.c.a.i.AdminMetadataManager trace=,span= - [AdminClient clientId=notification-service] Rebootstrapping with Cluster(id = null, nodes = [localhost:9092 (id: -1 rack: null isFenced: false)], partitions = [], controller = null)
2026-06-16 13:32:19.188 [kafka-admin-client-thread | notification-service] INFO  o.a.k.c.a.i.AdminMetadataManager trace=,span= - [AdminClient clientId=notification-service] Rebootstrapping with Cluster(id = null, nodes = [localhost:9092 (id: -1 rack: null isFenced: false)], partitions = [], controller = null)
2026-06-16 13:32:19.188 [kafka-admin-client-thread | notification-service] INFO  o.a.k.c.a.i.AdminMetadataManager trace=,span= - [AdminClient clientId=notification-service] Rebootstrapping with Cluster(id = null, nodes = [localhost:9092 (id: -1 rack: null isFenced: false)], partitions = [], controller = null)
2026-06-16 13:32:19.188 [kafka-admin-client-thread | notification-service] INFO  o.a.k.c.a.i.AdminMetadataManager trace=,span= - [AdminClient clientId=notification-service] Rebootstrapping with Cluster(id = null, nodes = [localhost:9092 (id: -1 rack: null isFenced: false)], partitions = [], controller = null)
2026-06-16 13:32:19.188 [kafka-admin-client-thread | notification-service] INFO  o.a.k.c.a.i.AdminMetadataManager trace=,span= - [AdminClient clientId=notification-service] Rebootstrapping with Cluster(id = null, nodes = [localhost:9092 (id: -1 rack: null isFenced: false)], partitions = [], controller = null)
2026-06-16 13:32:19.189 [kafka-admin-client-thread | notification-service] INFO  o.a.k.c.a.i.AdminMetadataManager trace=,span= - [AdminClient clientId=notification-service] Rebootstrapping with Cluster(id = null, nodes = [localhost:9092 (id: -1 rack: null isFenced: false)], partitions = [], controller = null)
2026-06-16 13:32:19.189 [kafka-admin-client-thread | notification-service] INFO  o.a.k.c.a.i.AdminMetadataManager trace=,span= - [AdminClient clientId=notification-service] Rebootstrapping with Cluster(id = null, nodes = [localhost:9092 (id: -1 rack: null isFenced: false)], partitions = [], controller = null)
2026-06-16 13:32:19.189 [kafka-admin-client-thread | notification-service] INFO  o.a.k.c.a.i.AdminMetadataManager trace=,span= - [AdminClient clientId=notification-service] Rebootstrapping with Cluster(id = null, nodes = [localhost:9092 (id: -1 rack: null isFenced: false)], partitions = [], controller = null)
2026-06-16 13:32:19.189 [kafka-admin-client-thread | notification-service] INFO  o.a.k.c.a.i.AdminMetadataManager trace=,span= - [AdminClient clientId=notification-service] Rebootstrapping with Cluster(id = null, nodes = [localhost:9092 (id: -1 rack: null isFenced: false)], partitions = [], controller = null)
2026-06-16 13:32:19.189 [kafka-admin-client-thread | notification-service] INFO  o.a.k.c.a.i.AdminMetadataManager trace=,span= - [AdminClient clientId=notification-service] Rebootstrapping with Cluster(id = null, nodes = [localhost:9092 (id: -1 rack: null isFenced: false)], partitions = [], controller = null)
2026-06-16 13:32:19.189 [kafka-admin-client-thread | notification-service] INFO  o.a.k.c.a.i.AdminMetadataManager trace=,span= - [AdminClient clientId=notification-service] Rebootstrapping with Cluster(id = null, nodes = [localhost:9092 (id: -1 rack: null isFenced: false)], partitions = [], controller = null)
2026-06-16 13:32:19.189 [kafka-admin-client-thread | notification-service] INFO  o.a.k.c.a.i.AdminMetadataManager trace=,span= - [AdminClient clientId=notification-service] Rebootstrapping with Cluster(id = null, nodes = [localhost:9092 (id: -1 rack: null isFenced: false)], partitions = [], controller = null)
2026-06-16 13:32:19.189 [kafka-admin-client-thread | notification-service] INFO  o.a.k.c.a.i.AdminMetadataManager trace=,span= - [AdminClient clientId=notification-service] Rebootstrapping with Cluster(id = null, nodes = [localhost:9092 (id: -1 rack: null isFenced: false)], partitions = [], controller = null)
2026-06-16 13:32:19.189 [kafka-admin-client-thread | notification-service] INFO  o.a.k.c.a.i.AdminMetadataManager trace=,span= - [AdminClient clientId=notification-service] Rebootstrapping with Cluster(id = null, nodes = [localhost:9092 (id: -1 rack: null isFenced: false)], partitions = [], controller = null)
2026-06-16 13:32:19.189 [kafka-admin-client-thread | notification-service] INFO  o.a.k.c.a.i.AdminMetadataManager trace=,span= - [AdminClient clientId=notification-service] Rebootstrapping with Cluster(id = null, nodes = [localhost:9092 (id: -1 rack: null isFenced: false)], partitions = [], controller = null)
2026-06-16 13:32:19.190 [kafka-admin-client-thread | notification-service] INFO  o.a.k.c.a.i.AdminMetadataManager trace=,span= - [AdminClient clientId=notification-service] Rebootstrapping with Cluster(id = null, nodes = [localhost:9092 (id: -1 rack: null isFenced: false)], partitions = [], controller = null)
2026-06-16 13:32:19.190 [kafka-admin-client-thread | notification-service] INFO  o.a.k.c.a.i.AdminMetadataManager trace=,span= - [AdminClient clientId=notification-service] Rebootstrapping with Cluster(id = null, nodes = [localhost:9092 (id: -1 rack: null isFenced: false)], partitions = [], controller = null)
2026-06-16 13:32:19.190 [kafka-admin-client-thread | notification-service] INFO  o.a.k.c.a.i.AdminMetadataManager trace=,span= - [AdminClient clientId=notification-service] Rebootstrapping with Cluster(id = null, nodes = [localhost:9092 (id: -1 rack: null isFenced: false)], partitions = [], controller = null)
2026-06-16 13:32:19.191 [kafka-admin-client-thread | notification-service] INFO  o.a.k.c.a.i.AdminMetadataManager trace=,span= - [AdminClient clientId=notification-service] Rebootstrapping with Cluster(id = null, nodes = [localhost:9092 (id: -1 rack: null isFenced: false)], partitions = [], controller = null)
2026-06-16 13:32:19.192 [kafka-admin-client-thread | notification-service] INFO  o.a.k.c.a.i.AdminMetadataManager trace=,span= - [AdminClient clientId=notification-service] Rebootstrapping with Cluster(id = null, nodes = [localhost:9092 (id: -1 rack: null isFenced: false)], partitions = [], controller = null)
2026-06-16 13:32:19.192 [kafka-admin-client-thread | notification-service] INFO  o.a.k.c.a.i.AdminMetadataManager trace=,span= - [AdminClient clientId=notification-service] Rebootstrapping with Cluster(id = null, nodes = [localhost:9092 (id: -1 rack: null isFenced: false)], partitions = [], controller = null)
2026-06-16 13:32:19.192 [kafka-admin-client-thread | notification-service] INFO  o.a.k.c.a.i.AdminMetadataManager trace=,span= - [AdminClient clientId=notification-service] Rebootstrapping with Cluster(id = null, nodes = [localhost:9092 (id: -1 rack: null isFenced: false)], partitions = [], controller = null)
2026-06-16 13:32:19.192 [kafka-admin-client-thread | notification-service] INFO  o.a.k.c.a.i.AdminMetadataManager trace=,span= - [AdminClient clientId=notification-service] Rebootstrapping with Cluster(id = null, nodes = [localhost:9092 (id: -1 rack: null isFenced: false)], partitions = [], controller = null)
2026-06-16 13:32:19.192 [kafka-admin-client-thread | notification-service] INFO  o.a.k.c.a.i.AdminMetadataManager trace=,span= - [AdminClient clientId=notification-service] Rebootstrapping with Cluster(id = null, nodes = [localhost:9092 (id: -1 rack: null isFenced: false)], partitions = [], controller = null)
2026-06-16 13:32:19.192 [kafka-admin-client-thread | notification-service] INFO  o.a.k.c.a.i.AdminMetadataManager trace=,span= - [AdminClient clientId=notification-service] Rebootstrapping with Cluster(id = null, nodes = [localhost:9092 (id: -1 rack: null isFenced: false)], partitions = [], controller = null)
2026-06-16 13:32:19.192 [kafka-admin-client-thread | notification-service] INFO  o.a.k.c.a.i.AdminMetadataManager trace=,span= - [AdminClient clientId=notification-service] Rebootstrapping with Cluster(id = null, nodes = [localhost:9092 (id: -1 rack: null isFenced: false)], partitions = [], controller = null)
2026-06-16 13:32:19.192 [kafka-admin-client-thread | notification-service] INFO  o.a.k.c.a.i.AdminMetadataManager trace=,span= - [AdminClient clientId=notification-service] Rebootstrapping with Cluster(id = null, nodes = [localhost:9092 (id: -1 rack: null isFenced: false)], partitions = [], controller = null)
2026-06-16 13:32:19.294 [kafka-admin-client-thread | notification-service] INFO  o.apache.kafka.clients.NetworkClient trace=,span= - [AdminClient clientId=notification-service] Node -1 disconnected.
2026-06-16 13:32:19.294 [kafka-admin-client-thread | notification-service] WARN  o.apache.kafka.clients.NetworkClient trace=,span= - [AdminClient clientId=notification-service] Connection to node -1 (localhost/127.0.0.1:9092) could not be established. Node may not be available.
2026-06-16 13:32:19.294 [kafka-admin-client-thread | notification-service] INFO  o.a.k.c.a.i.AdminMetadataManager trace=,span= - [AdminClient clientId=notification-service] Rebootstrapping with Cluster(id = null, nodes = [localhost:9092 (id: -1 rack: null isFenced: false)], partitions = [], controller = null)
2026-06-16 13:32:19.294 [kafka-admin-client-thread | notification-service] INFO  o.a.k.c.a.i.AdminMetadataManager trace=,span= - [AdminClient clientId=notification-service] Rebootstrapping with Cluster(id = null, nodes = [localhost:9092 (id: -1 rack: null isFenced: false)], partitions = [], controller = null)
2026-06-16 13:32:19.294 [kafka-admin-client-thread | notification-service] INFO  o.a.k.c.a.i.AdminMetadataManager trace=,span= - [AdminClient clientId=notification-service] Rebootstrapping with Cluster(id = null, nodes = [localhost:9092 (id: -1 rack: null isFenced: false)], partitions = [], controller = null)
2026-06-16 13:32:19.294 [kafka-admin-client-thread | notification-service] INFO  o.a.k.c.a.i.AdminMetadataManager trace=,span= - [AdminClient clientId=notification-service] Rebootstrapping with Cluster(id = null, nodes = [localhost:9092 (id: -1 rack: null isFenced: false)], partitions = [], controller = null)
2026-06-16 13:32:19.294 [kafka-admin-client-thread | notification-service] INFO  o.a.k.c.a.i.AdminMetadataManager trace=,span= - [AdminClient clientId=notification-service] Rebootstrapping with Cluster(id = null, nodes = [localhost:9092 (id: -1 rack: null isFenced: false)], partitions = [], controller = null)
2026-06-16 13:32:19.294 [kafka-admin-client-thread | notification-service] INFO  o.a.k.c.a.i.AdminMetadataManager trace=,span= - [AdminClient clientId=notification-service] Rebootstrapping with Cluster(id = null, nodes = [localhost:9092 (id: -1 rack: null isFenced: false)], partitions = [], controller = null)
2026-06-16 13:32:19.294 [kafka-admin-client-thread | notification-service] INFO  o.a.k.c.a.i.AdminMetadataManager trace=,span= - [AdminClient clientId=notification-service] Rebootstrapping with Cluster(id = null, nodes = [localhost:9092 (id: -1 rack: null isFenced: false)], partitions = [], controller = null)
2026-06-16 13:32:19.294 [kafka-admin-client-thread | notification-service] INFO  o.a.k.c.a.i.AdminMetadataManager trace=,span= - [AdminClient clientId=notification-service] Rebootstrapping with Cluster(id = null, nodes = [localhost:9092 (id: -1 rack: null isFenced: false)], partitions = [], controller = null)
2026-06-16 13:32:19.294 [kafka-admin-client-thread | notification-service] INFO  o.a.k.c.a.i.AdminMetadataManager trace=,span= - [AdminClient clientId=notification-service] Rebootstrapping with Cluster(id = null, nodes = [localhost:9092 (id: -1 rack: null isFenced: false)], partitions = [], controller = null)
2026-06-16 13:32:19.294 [kafka-admin-client-thread | notification-service] INFO  o.a.k.c.a.i.AdminMetadataManager trace=,span= - [AdminClient clientId=notification-service] Rebootstrapping with Cluster(id = null, nodes = [localhost:9092 (id: -1 rack: null isFenced: false)], partitions = [], controller = null)
2026-06-16 13:32:19.294 [kafka-admin-client-thread | notification-service] INFO  o.a.k.c.a.i.AdminMetadataManager trace=,span= - [AdminClient clientId=notification-service] Rebootstrapping with Cluster(id = null, nodes = [localhost:9092 (id: -1 rack: null isFenced: false)], partitions = [], controller = null)
2026-06-16 13:32:19.294 [kafka-admin-client-thread | notification-service] INFO  o.a.k.c.a.i.AdminMetadataManager trace=,span= - [AdminClient clientId=notification-service] Rebootstrapping with Cluster(id = null, nodes = [localhost:9092 (id: -1 rack: null isFenced: false)], partitions = [], controller = null)
2026-06-16 13:32:19.294 [kafka-admin-client-thread | notification-service] INFO  o.a.k.c.a.i.AdminMetadataManager trace=,span= - [AdminClient clientId=notification-service] Rebootstrapping with Cluster(id = null, nodes = [localhost:9092 (id: -1 rack: null isFenced: false)], partitions = [], controller = null)
2026-06-16 13:32:19.294 [kafka-admin-client-thread | notification-service] INFO  o.a.k.c.a.i.AdminMetadataManager trace=,span= - [AdminClient clientId=notification-service] Rebootstrapping with Cluster(id = null, nodes = [localhost:9092 (id: -1 rack: null isFenced: false)], partitions = [], controller = null)
2026-06-16 13:32:19.294 [kafka-admin-client-thread | notification-service] INFO  o.a.k.c.a.i.AdminMetadataManager trace=,span= - [AdminClient clientId=notification-service] Rebootstrapping with Cluster(id = null, nodes = [localhost:9092 (id: -1 rack: null isFenced: false)], partitions = [], controller = null)
2026-06-16 13:32:19.294 [kafka-admin-client-thread | notification-service] INFO  o.a.k.c.a.i.AdminMetadataManager trace=,span= - [AdminClient clientId=notification-service] Rebootstrapping with Cluster(id = null, nodes = [localhost:9092 (id: -1 rack: null isFenced: false)], partitions = [], controller = null)
2026-06-16 13:32:19.294 [kafka-admin-client-thread | notification-service] INFO  o.a.k.c.a.i.AdminMetadataManager trace=,span= - [AdminClient clientId=notification-service] Rebootstrapping with Cluster(id = null, nodes = [localhost:9092 (id: -1 rack: null isFenced: false)], partitions = [], controller = null)
2026-06-16 13:32:19.294 [kafka-admin-client-thread | notification-service] INFO  o.a.k.c.a.i.AdminMetadataManager trace=,span= - [AdminClient clientId=notification-service] Rebootstrapping with Cluster(id = null, nodes = [localhost:9092 (id: -1 rack: null isFenced: false)], partitions = [], controller = null)
2026-06-16 13:32:19.294 [kafka-admin-client-thread | notification-service] INFO  o.a.k.c.a.i.AdminMetadataManager trace=,span= - [AdminClient clientId=notification-service] Rebootstrapping with Cluster(id = null, nodes = [localhost:9092 (id: -1 rack: null isFenced: false)], partitions = [], controller = null)
2026-06-16 13:32:19.294 [kafka-admin-client-thread | notification-service] INFO  o.a.k.c.a.i.AdminMetadataManager trace=,span= - [AdminClient clientId=notification-service] Rebootstrapping with Cluster(id = null, nodes = [localhost:9092 (id: -1 rack: null isFenced: false)], partitions = [], controller = null)
2026-06-16 13:32:19.294 [kafka-admin-client-thread | notification-service] INFO  o.a.k.c.a.i.AdminMetadataManager trace=,span= - [AdminClient clientId=notification-service] Rebootstrapping with Cluster(id = null, nodes = [localhost:9092 (id: -1 rack: null isFenced: false)], partitions = [], controller = null)
2026-06-16 13:32:19.294 [kafka-admin-client-thread | notification-service] INFO  o.a.k.c.a.i.AdminMetadataManager trace=,span= - [AdminClient clientId=notification-service] Rebootstrapping with Cluster(id = null, nodes = [localhost:9092 (id: -1 rack: null isFenced: false)], partitions = [], controller = null)
2026-06-16 13:32:19.294 [kafka-admin-client-thread | notification-service] INFO  o.a.k.c.a.i.AdminMetadataManager trace=,span= - [AdminClient clientId=notification-service] Rebootstrapping with Cluster(id = null, nodes = [localhost:9092 (id: -1 rack: null isFenced: false)], partitions = [], controller = null)
2026-06-16 13:32:19.294 [kafka-admin-client-thread | notification-service] INFO  o.a.k.c.a.i.AdminMetadataManager trace=,span= - [AdminClient clientId=notification-service] Rebootstrapping with Cluster(id = null, nodes = [localhost:9092 (id: -1 rack: null isFenced: false)], partitions = [], controller = null)
2026-06-16 13:32:19.294 [kafka-admin-client-thread | notification-service] INFO  o.a.k.c.a.i.AdminMetadataManager trace=,span= - [AdminClient clientId=notification-service] Rebootstrapping with Cluster(id = null, nodes = [localhost:9092 (id: -1 rack: null isFenced: false)], partitions = [], controller = null)
2026-06-16 13:32:19.294 [kafka-admin-client-thread | notification-service] INFO  o.a.k.c.a.i.AdminMetadataManager trace=,span= - [AdminClient clientId=notification-service] Rebootstrapping with Cluster(id = null, nodes = [localhost:9092 (id: -1 rack: null isFenced: false)], partitions = [], controller = null)
2026-06-16 13:32:19.294 [kafka-admin-client-thread | notification-service] INFO  o.a.k.c.a.i.AdminMetadataManager trace=,span= - [AdminClient clientId=notification-service] Rebootstrapping with Cluster(id = null, nodes = [localhost:9092 (id: -1 rack: null isFenced: false)], partitions = [], controller = null)
2026-06-16 13:32:19.294 [kafka-admin-client-thread | notification-service] INFO  o.a.k.c.a.i.AdminMetadataManager trace=,span= - [AdminClient clientId=notification-service] Rebootstrapping with Cluster(id = null, nodes = [localhost:9092 (id: -1 rack: null isFenced: false)], partitions = [], controller = null)
2026-06-16 13:32:19.295 [kafka-admin-client-thread | notification-service] INFO  o.a.k.c.a.i.AdminMetadataManager trace=,span= - [AdminClient clientId=notification-service] Rebootstrapping with Cluster(id = null, nodes = [localhost:9092 (id: -1 rack: null isFenced: false)], partitions = [], controller = null)
2026-06-16 13:32:19.395 [kafka-admin-client-thread | notification-service] INFO  o.a.k.c.a.i.AdminMetadataManager trace=,span= - [AdminClient clientId=notification-service] Rebootstrapping with Cluster(id = null, nodes = [localhost:9092 (id: -1 rack: null isFenced: false)], partitions = [], controller = null)
2026-06-16 13:32:19.395 [kafka-admin-client-thread | notification-service] INFO  o.a.k.c.a.i.AdminMetadataManager trace=,span= - [AdminClient clientId=notification-service] Rebootstrapping with Cluster(id = null, nodes = [localhost:9092 (id: -1 rack: null isFenced: false)], partitions = [], controller = null)
2026-06-16 13:32:19.395 [kafka-admin-client-thread | notification-service] INFO  o.a.k.c.a.i.AdminMetadataManager trace=,span= - [AdminClient clientId=notification-service] Rebootstrapping with Cluster(id = null, nodes = [localhost:9092 (id: -1 rack: null isFenced: false)], partitions = [], controller = null)
2026-06-16 13:32:19.395 [kafka-admin-client-thread | notification-service] INFO  o.a.k.c.a.i.AdminMetadataManager trace=,span= - [AdminClient clientId=notification-service] Rebootstrapping with Cluster(id = null, nodes = [localhost:9092 (id: -1 rack: null isFenced: false)], partitions = [], controller = null)
2026-06-16 13:32:19.395 [kafka-admin-client-thread | notification-service] INFO  o.a.k.c.a.i.AdminMetadataManager trace=,span= - [AdminClient clientId=notification-service] Rebootstrapping with Cluster(id = null, nodes = [localhost:9092 (id: -1 rack: null isFenced: false)], partitions = [], controller = null)
2026-06-16 13:32:19.395 [kafka-admin-client-thread | notification-service] INFO  o.a.k.c.a.i.AdminMetadataManager trace=,span= - [AdminClient clientId=notification-service] Rebootstrapping with Cluster(id = null, nodes = [localhost:9092 (id: -1 rack: null isFenced: false)], partitions = [], controller = null)
2026-06-16 13:32:19.395 [kafka-admin-client-thread | notification-service] INFO  o.a.k.c.a.i.AdminMetadataManager trace=,span= - [AdminClient clientId=notification-service] Rebootstrapping with Cluster(id = null, nodes = [localhost:9092 (id: -1 rack: null isFenced: false)], partitions = [], controller = null)
2026-06-16 13:32:19.395 [kafka-admin-client-thread | notification-service] INFO  o.a.k.c.a.i.AdminMetadataManager trace=,span= - [AdminClient clientId=notification-service] Rebootstrapping with Cluster(id = null, nodes = [localhost:9092 (id: -1 rack: null isFenced: false)], partitions = [], controller = null)
2026-06-16 13:32:19.395 [kafka-admin-client-thread | notification-service] INFO  o.a.k.c.a.i.AdminMetadataManager trace=,span= - [AdminClient clientId=notification-service] Rebootstrapping with Cluster(id = null, nodes = [localhost:9092 (id: -1 rack: null isFenced: false)], partitions = [], controller = null)
2026-06-16 13:32:19.395 [kafka-admin-client-thread | notification-service] INFO  o.a.k.c.a.i.AdminMetadataManager trace=,span= - [AdminClient clientId=notification-service] Rebootstrapping with Cluster(id = null, nodes = [localhost:9092 (id: -1 rack: null isFenced: false)], partitions = [], controller = null)
2026-06-16 13:32:19.395 [kafka-admin-client-thread | notification-service] INFO  o.a.k.c.a.i.AdminMetadataManager trace=,span= - [AdminClient clientId=notification-service] Rebootstrapping with Cluster(id = null, nodes = [localhost:9092 (id: -1 rack: null isFenced: false)], partitions = [], controller = null)
2026-06-16 13:32:19.395 [kafka-admin-client-thread | notification-service] INFO  o.a.k.c.a.i.AdminMetadataManager trace=,span= - [AdminClient clientId=notification-service] Rebootstrapping with Cluster(id = null, nodes = [localhost:9092 (id: -1 rack: null isFenced: false)], partitions = [], controller = null)
2026-06-16 13:32:19.395 [kafka-admin-client-thread | notification-service] INFO  o.a.k.c.a.i.AdminMetadataManager trace=,span= - [AdminClient clientId=notification-service] Rebootstrapping with Cluster(id = null, nodes = [localhost:9092 (id: -1 rack: null isFenced: false)], partitions = [], controller = null)
2026-06-16 13:32:19.395 [kafka-admin-client-thread | notification-service] INFO  o.a.k.c.a.i.AdminMetadataManager trace=,span= - [AdminClient clientId=notification-service] Rebootstrapping with Cluster(id = null, nodes = [localhost:9092 (id: -1 rack: null isFenced: false)], partitions = [], controller = null)
2026-06-16 13:32:19.395 [kafka-admin-client-thread | notification-service] INFO  o.a.k.c.a.i.AdminMetadataManager trace=,span= - [AdminClient clientId=notification-service] Rebootstrapping with Cluster(id = null, nodes = [localhost:9092 (id: -1 rack: null isFenced: false)], partitions = [], controller = null)
2026-06-16 13:32:19.395 [kafka-admin-client-thread | notification-service] INFO  o.a.k.c.a.i.AdminMetadataManager trace=,span= - [AdminClient clientId=notification-service] Rebootstrapping with Cluster(id = null, nodes = [localhost:9092 (id: -1 rack: null isFenced: false)], partitions = [], controller = null)
2026-06-16 13:32:19.395 [kafka-admin-client-thread | notification-service] INFO  o.a.k.c.a.i.AdminMetadataManager trace=,span= - [AdminClient clientId=notification-service] Rebootstrapping with Cluster(id = null, nodes = [localhost:9092 (id: -1 rack: null isFenced: false)], partitions = [], controller = null)
2026-06-16 13:32:19.395 [kafka-admin-client-thread | notification-service] INFO  o.a.k.c.a.i.AdminMetadataManager trace=,span= - [AdminClient clientId=notification-service] Rebootstrapping with Cluster(id = null, nodes = [localhost:9092 (id: -1 rack: null isFenced: false)], partitions = [], controller = null)
2026-06-16 13:32:19.395 [kafka-admin-client-thread | notification-service] INFO  o.a.k.c.a.i.AdminMetadataManager trace=,span= - [AdminClient clientId=notification-service] Rebootstrapping with Cluster(id = null, nodes = [localhost:9092 (id: -1 rack: null isFenced: false)], partitions = [], controller = null)
2026-06-16 13:32:19.396 [kafka-admin-client-thread | notification-service] INFO  o.a.k.c.a.i.AdminMetadataManager trace=,span= - [AdminClient clientId=notification-service] Rebootstrapping with Cluster(id = null, nodes = [localhost:9092 (id: -1 rack: null isFenced: false)], partitions = [], controller = null)
2026-06-16 13:32:19.396 [kafka-admin-client-thread | notification-service] INFO  o.a.k.c.a.i.AdminMetadataManager trace=,span= - [AdminClient clientId=notification-service] Rebootstrapping with Cluster(id = null, nodes = [localhost:9092 (id: -1 rack: null isFenced: false)], partitions = [], controller = null)
2026-06-16 13:32:19.396 [kafka-admin-client-thread | notification-service] INFO  o.a.k.c.a.i.AdminMetadataManager trace=,span= - [AdminClient clientId=notification-service] Rebootstrapping with Cluster(id = null, nodes = [localhost:9092 (id: -1 rack: null isFenced: false)], partitions = [], controller = null)
2026-06-16 13:32:19.396 [kafka-admin-client-thread | notification-service] INFO  o.a.k.c.a.i.AdminMetadataManager trace=,span= - [AdminClient clientId=notification-service] Rebootstrapping with Cluster(id = null, nodes = [localhost:9092 (id: -1 rack: null isFenced: false)], partitions = [], controller = null)
2026-06-16 13:32:19.396 [kafka-admin-client-thread | notification-service] INFO  o.a.k.c.a.i.AdminMetadataManager trace=,span= - [AdminClient clientId=notification-service] Rebootstrapping with Cluster(id = null, nodes = [localhost:9092 (id: -1 rack: null isFenced: false)], partitions = [], controller = null)
2026-06-16 13:32:19.396 [kafka-admin-client-thread | notification-service] INFO  o.a.k.c.a.i.AdminMetadataManager trace=,span= - [AdminClient clientId=notification-service] Rebootstrapping with Cluster(id = null, nodes = [localhost:9092 (id: -1 rack: null isFenced: false)], partitions = [], controller = null)
2026-06-16 13:32:19.396 [kafka-admin-client-thread | notification-service] INFO  o.a.k.c.a.i.AdminMetadataManager trace=,span= - [AdminClient clientId=notification-service] Rebootstrapping with Cluster(id = null, nodes = [localhost:9092 (id: -1 rack: null isFenced: false)], partitions = [], controller = null)
2026-06-16 13:32:19.396 [kafka-admin-client-thread | notification-service] INFO  o.a.k.c.a.i.AdminMetadataManager trace=,span= - [AdminClient clientId=notification-service] Rebootstrapping with Cluster(id = null, nodes = [localhost:9092 (id: -1 rack: null isFenced: false)], partitions = [], controller = null)
2026-06-16 13:32:19.396 [kafka-admin-client-thread | notification-service] INFO  o.a.k.c.a.i.AdminMetadataManager trace=,span= - [AdminClient clientId=notification-service] Rebootstrapping with Cluster(id = null, nodes = [localhost:9092 (id: -1 rack: null isFenced: false)], partitions = [], controller = null)
2026-06-16 13:32:19.396 [kafka-admin-client-thread | notification-service] INFO  o.a.k.c.a.i.AdminMetadataManager trace=,span= - [AdminClient clientId=notification-service] Rebootstrapping with Cluster(id = null, nodes = [localhost:9092 (id: -1 rack: null isFenced: false)], partitions = [], controller = null)
2026-06-16 13:32:19.396 [kafka-admin-client-thread | notification-service] INFO  o.a.k.c.a.i.AdminMetadataManager trace=,span= - [AdminClient clientId=notification-service] Rebootstrapping with Cluster(id = null, nodes = [localhost:9092 (id: -1 rack: null isFenced: false)], partitions = [], controller = null)
2026-06-16 13:32:19.497 [kafka-admin-client-thread | notification-service] INFO  o.a.k.c.a.i.AdminMetadataManager trace=,span= - [AdminClient clientId=notification-service] Rebootstrapping with Cluster(id = null, nodes = [localhost:9092 (id: -1 rack: null isFenced: false)], partitions = [], controller = null)
2026-06-16 13:32:19.497 [kafka-admin-client-thread | notification-service] INFO  o.a.k.c.a.i.AdminMetadataManager trace=,span= - [AdminClient clientId=notification-service] Rebootstrapping with Cluster(id = null, nodes = [localhost:9092 (id: -1 rack: null isFenced: false)], partitions = [], controller = null)
2026-06-16 13:32:19.497 [kafka-admin-client-thread | notification-service] INFO  o.a.k.c.a.i.AdminMetadataManager trace=,span= - [AdminClient clientId=notification-service] Rebootstrapping with Cluster(id = null, nodes = [localhost:9092 (id: -1 rack: null isFenced: false)], partitions = [], controller = null)
2026-06-16 13:32:19.497 [kafka-admin-client-thread | notification-service] INFO  o.a.k.c.a.i.AdminMetadataManager trace=,span= - [AdminClient clientId=notification-service] Rebootstrapping with Cluster(id = null, nodes = [localhost:9092 (id: -1 rack: null isFenced: false)], partitions = [], controller = null)
2026-06-16 13:32:19.497 [kafka-admin-client-thread | notification-service] INFO  o.a.k.c.a.i.AdminMetadataManager trace=,span= - [AdminClient clientId=notification-service] Rebootstrapping with Cluster(id = null, nodes = [localhost:9092 (id: -1 rack: null isFenced: false)], partitions = [], controller = null)
2026-06-16 13:32:19.497 [kafka-admin-client-thread | notification-service] INFO  o.a.k.c.a.i.AdminMetadataManager trace=,span= - [AdminClient clientId=notification-service] Rebootstrapping with Cluster(id = null, nodes = [localhost:9092 (id: -1 rack: null isFenced: false)], partitions = [], controller = null)
2026-06-16 13:32:19.497 [kafka-admin-client-thread | notification-service] INFO  o.a.k.c.a.i.AdminMetadataManager trace=,span= - [AdminClient clientId=notification-service] Rebootstrapping with Cluster(id = null, nodes = [localhost:9092 (id: -1 rack: null isFenced: false)], partitions = [], controller = null)
2026-06-16 13:32:19.497 [kafka-admin-client-thread | notification-service] INFO  o.a.k.c.a.i.AdminMetadataManager trace=,span= - [AdminClient clientId=notification-service] Rebootstrapping with Cluster(id = null, nodes = [localhost:9092 (id: -1 rack: null isFenced: false)], partitions = [], controller = null)
2026-06-16 13:32:19.498 [kafka-admin-client-thread | notification-service] INFO  o.a.k.c.a.i.AdminMetadataManager trace=,span= - [AdminClient clientId=notification-service] Rebootstrapping with Cluster(id = null, nodes = [localhost:9092 (id: -1 rack: null isFenced: false)], partitions = [], controller = null)
2026-06-16 13:32:19.498 [kafka-admin-client-thread | notification-service] INFO  o.a.k.c.a.i.AdminMetadataManager trace=,span= - [AdminClient clientId=notification-service] Rebootstrapping with Cluster(id = null, nodes = [localhost:9092 (id: -1 rack: null isFenced: false)], partitions = [], controller = null)
2026-06-16 13:32:19.498 [kafka-admin-client-thread | notification-service] INFO  o.a.k.c.a.i.AdminMetadataManager trace=,span= - [AdminClient clientId=notification-service] Rebootstrapping with Cluster(id = null, nodes = [localhost:9092 (id: -1 rack: null isFenced: false)], partitions = [], controller = null)
2026-06-16 13:32:19.498 [kafka-admin-client-thread | notification-service] INFO  o.a.k.c.a.i.AdminMetadataManager trace=,span= - [AdminClient clientId=notification-service] Rebootstrapping with Cluster(id = null, nodes = [localhost:9092 (id: -1 rack: null isFenced: false)], partitions = [], controller = null)
2026-06-16 13:32:19.498 [kafka-admin-client-thread | notification-service] INFO  o.a.k.c.a.i.AdminMetadataManager trace=,span= - [AdminClient clientId=notification-service] Rebootstrapping with Cluster(id = null, nodes = [localhost:9092 (id: -1 rack: null isFenced: false)], partitions = [], controller = null)
2026-06-16 13:32:19.498 [kafka-admin-client-thread | notification-service] INFO  o.a.k.c.a.i.AdminMetadataManager trace=,span= - [AdminClient clientId=notification-service] Rebootstrapping with Cluster(id = null, nodes = [localhost:9092 (id: -1 rack: null isFenced: false)], partitions = [], controller = null)
2026-06-16 13:32:19.498 [kafka-admin-client-thread | notification-service] INFO  o.a.k.c.a.i.AdminMetadataManager trace=,span= - [AdminClient clientId=notification-service] Rebootstrapping with Cluster(id = null, nodes = [localhost:9092 (id: -1 rack: null isFenced: false)], partitions = [], controller = null)
2026-06-16 13:32:19.498 [kafka-admin-client-thread | notification-service] INFO  o.a.k.c.a.i.AdminMetadataManager trace=,span= - [AdminClient clientId=notification-service] Rebootstrapping with Cluster(id = null, nodes = [localhost:9092 (id: -1 rack: null isFenced: false)], partitions = [], controller = null)
2026-06-16 13:32:19.498 [kafka-admin-client-thread | notification-service] INFO  o.a.k.c.a.i.AdminMetadataManager trace=,span= - [AdminClient clientId=notification-service] Rebootstrapping with Cluster(id = null, nodes = [localhost:9092 (id: -1 rack: null isFenced: false)], partitions = [], controller = null)
2026-06-16 13:32:19.498 [kafka-admin-client-thread | notification-service] INFO  o.a.k.c.a.i.AdminMetadataManager trace=,span= - [AdminClient clientId=notification-service] Rebootstrapping with Cluster(id = null, nodes = [localhost:9092 (id: -1 rack: null isFenced: false)], partitions = [], controller = null)
2026-06-16 13:32:19.498 [kafka-admin-client-thread | notification-service] INFO  o.a.k.c.a.i.AdminMetadataManager trace=,span= - [AdminClient clientId=notification-service] Rebootstrapping with Cluster(id = null, nodes = [localhost:9092 (id: -1 rack: null isFenced: false)], partitions = [], controller = null)
2026-06-16 13:32:19.498 [kafka-admin-client-thread | notification-service] INFO  o.a.k.c.a.i.AdminMetadataManager trace=,span= - [AdminClient clientId=notification-service] Rebootstrapping with Cluster(id = null, nodes = [localhost:9092 (id: -1 rack: null isFenced: false)], partitions = [], controller = null)
2026-06-16 13:32:19.498 [kafka-admin-client-thread | notification-service] INFO  o.a.k.c.a.i.AdminMetadataManager trace=,span= - [AdminClient clientId=notification-service] Rebootstrapping with Cluster(id = null, nodes = [localhost:9092 (id: -1 rack: null isFenced: false)], partitions = [], controller = null)
2026-06-16 13:32:19.498 [kafka-admin-client-thread | notification-service] INFO  o.a.k.c.a.i.AdminMetadataManager trace=,span= - [AdminClient clientId=notification-service] Rebootstrapping with Cluster(id = null, nodes = [localhost:9092 (id: -1 rack: null isFenced: false)], partitions = [], controller = null)
2026-06-16 13:32:19.498 [kafka-admin-client-thread | notification-service] INFO  o.a.k.c.a.i.AdminMetadataManager trace=,span= - [AdminClient clientId=notification-service] Rebootstrapping with Cluster(id = null, nodes = [localhost:9092 (id: -1 rack: null isFenced: false)], partitions = [], controller = null)
2026-06-16 13:32:19.498 [kafka-admin-client-thread | notification-service] INFO  o.a.k.c.a.i.AdminMetadataManager trace=,span= - [AdminClient clientId=notification-service] Rebootstrapping with Cluster(id = null, nodes = [localhost:9092 (id: -1 rack: null isFenced: false)], partitions = [], controller = null)
2026-06-16 13:32:19.498 [kafka-admin-client-thread | notification-service] INFO  o.a.k.c.a.i.AdminMetadataManager trace=,span= - [AdminClient clientId=notification-service] Rebootstrapping with Cluster(id = null, nodes = [localhost:9092 (id: -1 rack: null isFenced: false)], partitions = [], controller = null)
2026-06-16 13:32:19.498 [kafka-admin-client-thread | notification-service] INFO  o.a.k.c.a.i.AdminMetadataManager trace=,span= - [AdminClient clientId=notification-service] Rebootstrapping with Cluster(id = null, nodes = [localhost:9092 (id: -1 rack: null isFenced: false)], partitions = [], controller = null)
2026-06-16 13:32:19.498 [kafka-admin-client-thread | notification-service] INFO  o.a.k.c.a.i.AdminMetadataManager trace=,span= - [AdminClient clientId=notification-service] Rebootstrapping with Cluster(id = null, nodes = [localhost:9092 (id: -1 rack: null isFenced: false)], partitions = [], controller = null)
2026-06-16 13:32:19.498 [kafka-admin-client-thread | notification-service] INFO  o.a.k.c.a.i.AdminMetadataManager trace=,span= - [AdminClient clientId=notification-service] Rebootstrapping with Cluster(id = null, nodes = [localhost:9092 (id: -1 rack: null isFenced: false)], partitions = [], controller = null)
2026-06-16 13:32:19.498 [kafka-admin-client-thread | notification-service] INFO  o.a.k.c.a.i.AdminMetadataManager trace=,span= - [AdminClient clientId=notification-service] Rebootstrapping with Cluster(id = null, nodes = [localhost:9092 (id: -1 rack: null isFenced: false)], partitions = [], controller = null)
2026-06-16 13:32:19.498 [kafka-admin-client-thread | notification-service] INFO  o.a.k.c.a.i.AdminMetadataManager trace=,span= - [AdminClient clientId=notification-service] Rebootstrapping with Cluster(id = null, nodes = [localhost:9092 (id: -1 rack: null isFenced: false)], partitions = [], controller = null)
2026-06-16 13:32:19.498 [kafka-admin-client-thread | notification-service] INFO  o.a.k.c.a.i.AdminMetadataManager trace=,span= - [AdminClient clientId=notification-service] Rebootstrapping with Cluster(id = null, nodes = [localhost:9092 (id: -1 rack: null isFenced: false)], partitions = [], controller = null)
2026-06-16 13:32:19.600 [kafka-admin-client-thread | notification-service] INFO  o.a.k.c.a.i.AdminMetadataManager trace=,span= - [AdminClient clientId=notification-service] Rebootstrapping with Cluster(id = null, nodes = [localhost:9092 (id: -1 rack: null isFenced: false)], partitions = [], controller = null)
2026-06-16 13:32:19.600 [kafka-admin-client-thread | notification-service] INFO  o.a.k.c.a.i.AdminMetadataManager trace=,span= - [AdminClient clientId=notification-service] Rebootstrapping with Cluster(id = null, nodes = [localhost:9092 (id: -1 rack: null isFenced: false)], partitions = [], controller = null)
2026-06-16 13:32:19.600 [kafka-admin-client-thread | notification-service] INFO  o.a.k.c.a.i.AdminMetadataManager trace=,span= - [AdminClient clientId=notification-service] Rebootstrapping with Cluster(id = null, nodes = [localhost:9092 (id: -1 rack: null isFenced: false)], partitions = [], controller = null)
2026-06-16 13:32:19.600 [kafka-admin-client-thread | notification-service] INFO  o.a.k.c.a.i.AdminMetadataManager trace=,span= - [AdminClient clientId=notification-service] Rebootstrapping with Cluster(id = null, nodes = [localhost:9092 (id: -1 rack: null isFenced: false)], partitions = [], controller = null)
2026-06-16 13:32:19.600 [kafka-admin-client-thread | notification-service] INFO  o.a.k.c.a.i.AdminMetadataManager trace=,span= - [AdminClient clientId=notification-service] Rebootstrapping with Cluster(id = null, nodes = [localhost:9092 (id: -1 rack: null isFenced: false)], partitions = [], controller = null)
2026-06-16 13:32:19.600 [kafka-admin-client-thread | notification-service] INFO  o.a.k.c.a.i.AdminMetadataManager trace=,span= - [AdminClient clientId=notification-service] Rebootstrapping with Cluster(id = null, nodes = [localhost:9092 (id: -1 rack: null isFenced: false)], partitions = [], controller = null)
2026-06-16 13:32:19.600 [kafka-admin-client-thread | notification-service] INFO  o.a.k.c.a.i.AdminMetadataManager trace=,span= - [AdminClient clientId=notification-service] Rebootstrapping with Cluster(id = null, nodes = [localhost:9092 (id: -1 rack: null isFenced: false)], partitions = [], controller = null)
2026-06-16 13:32:19.600 [kafka-admin-client-thread | notification-service] INFO  o.a.k.c.a.i.AdminMetadataManager trace=,span= - [AdminClient clientId=notification-service] Rebootstrapping with Cluster(id = null, nodes = [localhost:9092 (id: -1 rack: null isFenced: false)], partitions = [], controller = null)
2026-06-16 13:32:19.600 [kafka-admin-client-thread | notification-service] INFO  o.a.k.c.a.i.AdminMetadataManager trace=,span= - [AdminClient clientId=notification-service] Rebootstrapping with Cluster(id = null, nodes = [localhost:9092 (id: -1 rack: null isFenced: false)], partitions = [], controller = null)
2026-06-16 13:32:19.600 [kafka-admin-client-thread | notification-service] INFO  o.a.k.c.a.i.AdminMetadataManager trace=,span= - [AdminClient clientId=notification-service] Rebootstrapping with Cluster(id = null, nodes = [localhost:9092 (id: -1 rack: null isFenced: false)], partitions = [], controller = null)
2026-06-16 13:32:19.600 [kafka-admin-client-thread | notification-service] INFO  o.a.k.c.a.i.AdminMetadataManager trace=,span= - [AdminClient clientId=notification-service] Rebootstrapping with Cluster(id = null, nodes = [localhost:9092 (id: -1 rack: null isFenced: false)], partitions = [], controller = null)
2026-06-16 13:32:19.600 [kafka-admin-client-thread | notification-service] INFO  o.a.k.c.a.i.AdminMetadataManager trace=,span= - [AdminClient clientId=notification-service] Rebootstrapping with Cluster(id = null, nodes = [localhost:9092 (id: -1 rack: null isFenced: false)], partitions = [], controller = null)
2026-06-16 13:32:19.600 [kafka-admin-client-thread | notification-service] INFO  o.a.k.c.a.i.AdminMetadataManager trace=,span= - [AdminClient clientId=notification-service] Rebootstrapping with Cluster(id = null, nodes = [localhost:9092 (id: -1 rack: null isFenced: false)], partitions = [], controller = null)
2026-06-16 13:32:19.600 [kafka-admin-client-thread | notification-service] INFO  o.a.k.c.a.i.AdminMetadataManager trace=,span= - [AdminClient clientId=notification-service] Rebootstrapping with Cluster(id = null, nodes = [localhost:9092 (id: -1 rack: null isFenced: false)], partitions = [], controller = null)
2026-06-16 13:32:19.600 [kafka-admin-client-thread | notification-service] INFO  o.a.k.c.a.i.AdminMetadataManager trace=,span= - [AdminClient clientId=notification-service] Rebootstrapping with Cluster(id = null, nodes = [localhost:9092 (id: -1 rack: null isFenced: false)], partitions = [], controller = null)
2026-06-16 13:32:19.600 [kafka-admin-client-thread | notification-service] INFO  o.a.k.c.a.i.AdminMetadataManager trace=,span= - [AdminClient clientId=notification-service] Rebootstrapping with Cluster(id = null, nodes = [localhost:9092 (id: -1 rack: null isFenced: false)], partitions = [], controller = null)
2026-06-16 13:32:19.600 [kafka-admin-client-thread | notification-service] INFO  o.a.k.c.a.i.AdminMetadataManager trace=,span= - [AdminClient clientId=notification-service] Rebootstrapping with Cluster(id = null, nodes = [localhost:9092 (id: -1 rack: null isFenced: false)], partitions = [], controller = null)
2026-06-16 13:32:19.600 [kafka-admin-client-thread | notification-service] INFO  o.a.k.c.a.i.AdminMetadataManager trace=,span= - [AdminClient clientId=notification-service] Rebootstrapping with Cluster(id = null, nodes = [localhost:9092 (id: -1 rack: null isFenced: false)], partitions = [], controller = null)
2026-06-16 13:32:19.600 [kafka-admin-client-thread | notification-service] INFO  o.a.k.c.a.i.AdminMetadataManager trace=,span= - [AdminClient clientId=notification-service] Rebootstrapping with Cluster(id = null, nodes = [localhost:9092 (id: -1 rack: null isFenced: false)], partitions = [], controller = null)
2026-06-16 13:32:19.601 [kafka-admin-client-thread | notification-service] INFO  o.a.k.c.a.i.AdminMetadataManager trace=,span= - [AdminClient clientId=notification-service] Rebootstrapping with Cluster(id = null, nodes = [localhost:9092 (id: -1 rack: null isFenced: false)], partitions = [], controller = null)
2026-06-16 13:32:19.601 [kafka-admin-client-thread | notification-service] INFO  o.a.k.c.a.i.AdminMetadataManager trace=,span= - [AdminClient clientId=notification-service] Rebootstrapping with Cluster(id = null, nodes = [localhost:9092 (id: -1 rack: null isFenced: false)], partitions = [], controller = null)
2026-06-16 13:32:19.601 [kafka-admin-client-thread | notification-service] INFO  o.a.k.c.a.i.AdminMetadataManager trace=,span= - [AdminClient clientId=notification-service] Rebootstrapping with Cluster(id = null, nodes = [localhost:9092 (id: -1 rack: null isFenced: false)], partitions = [], controller = null)
2026-06-16 13:32:19.601 [kafka-admin-client-thread | notification-service] INFO  o.a.k.c.a.i.AdminMetadataManager trace=,span= - [AdminClient clientId=notification-service] Rebootstrapping with Cluster(id = null, nodes = [localhost:9092 (id: -1 rack: null isFenced: false)], partitions = [], controller = null)
2026-06-16 13:32:19.601 [kafka-admin-client-thread | notification-service] INFO  o.a.k.c.a.i.AdminMetadataManager trace=,span= - [AdminClient clientId=notification-service] Rebootstrapping with Cluster(id = null, nodes = [localhost:9092 (id: -1 rack: null isFenced: false)], partitions = [], controller = null)
2026-06-16 13:32:19.601 [kafka-admin-client-thread | notification-service] INFO  o.a.k.c.a.i.AdminMetadataManager trace=,span= - [AdminClient clientId=notification-service] Rebootstrapping with Cluster(id = null, nodes = [localhost:9092 (id: -1 rack: null isFenced: false)], partitions = [], controller = null)
2026-06-16 13:32:19.601 [kafka-admin-client-thread | notification-service] INFO  o.a.k.c.a.i.AdminMetadataManager trace=,span= - [AdminClient clientId=notification-service] Rebootstrapping with Cluster(id = null, nodes = [localhost:9092 (id: -1 rack: null isFenced: false)], partitions = [], controller = null)
2026-06-16 13:32:19.601 [kafka-admin-client-thread | notification-service] INFO  o.a.k.c.a.i.AdminMetadataManager trace=,span= - [AdminClient clientId=notification-service] Rebootstrapping with Cluster(id = null, nodes = [localhost:9092 (id: -1 rack: null isFenced: false)], partitions = [], controller = null)
2026-06-16 13:32:19.601 [kafka-admin-client-thread | notification-service] INFO  o.a.k.c.a.i.AdminMetadataManager trace=,span= - [AdminClient clientId=notification-service] Rebootstrapping with Cluster(id = null, nodes = [localhost:9092 (id: -1 rack: null isFenced: false)], partitions = [], controller = null)
2026-06-16 13:32:19.601 [kafka-admin-client-thread | notification-service] INFO  o.a.k.c.a.i.AdminMetadataManager trace=,span= - [AdminClient clientId=notification-service] Rebootstrapping with Cluster(id = null, nodes = [localhost:9092 (id: -1 rack: null isFenced: false)], partitions = [], controller = null)
2026-06-16 13:32:19.601 [kafka-admin-client-thread | notification-service] INFO  o.a.k.c.a.i.AdminMetadataManager trace=,span= - [AdminClient clientId=notification-service] Rebootstrapping with Cluster(id = null, nodes = [localhost:9092 (id: -1 rack: null isFenced: false)], partitions = [], controller = null)
2026-06-16 13:32:19.601 [kafka-admin-client-thread | notification-service] INFO  o.a.k.c.a.i.AdminMetadataManager trace=,span= - [AdminClient clientId=notification-service] Rebootstrapping with Cluster(id = null, nodes = [localhost:9092 (id: -1 rack: null isFenced: false)], partitions = [], controller = null)
2026-06-16 13:32:19.601 [kafka-admin-client-thread | notification-service] INFO  o.a.k.c.a.i.AdminMetadataManager trace=,span= - [AdminClient clientId=notification-service] Rebootstrapping with Cluster(id = null, nodes = [localhost:9092 (id: -1 rack: null isFenced: false)], partitions = [], controller = null)
2026-06-16 13:32:19.702 [kafka-admin-client-thread | notification-service] INFO  o.a.k.c.a.i.AdminMetadataManager trace=,span= - [AdminClient clientId=notification-service] Rebootstrapping with Cluster(id = null, nodes = [localhost:9092 (id: -1 rack: null isFenced: false)], partitions = [], controller = null)
2026-06-16 13:32:19.703 [kafka-admin-client-thread | notification-service] INFO  o.a.k.c.a.i.AdminMetadataManager trace=,span= - [AdminClient clientId=notification-service] Rebootstrapping with Cluster(id = null, nodes = [localhost:9092 (id: -1 rack: null isFenced: false)], partitions = [], controller = null)
2026-06-16 13:32:19.703 [kafka-admin-client-thread | notification-service] INFO  o.a.k.c.a.i.AdminMetadataManager trace=,span= - [AdminClient clientId=notification-service] Rebootstrapping with Cluster(id = null, nodes = [localhost:9092 (id: -1 rack: null isFenced: false)], partitions = [], controller = null)
2026-06-16 13:32:19.703 [kafka-admin-client-thread | notification-service] INFO  o.a.k.c.a.i.AdminMetadataManager trace=,span= - [AdminClient clientId=notification-service] Rebootstrapping with Cluster(id = null, nodes = [localhost:9092 (id: -1 rack: null isFenced: false)], partitions = [], controller = null)
2026-06-16 13:32:19.703 [kafka-admin-client-thread | notification-service] INFO  o.a.k.c.a.i.AdminMetadataManager trace=,span= - [AdminClient clientId=notification-service] Rebootstrapping with Cluster(id = null, nodes = [localhost:9092 (id: -1 rack: null isFenced: false)], partitions = [], controller = null)
2026-06-16 13:32:19.703 [kafka-admin-client-thread | notification-service] INFO  o.a.k.c.a.i.AdminMetadataManager trace=,span= - [AdminClient clientId=notification-service] Rebootstrapping with Cluster(id = null, nodes = [localhost:9092 (id: -1 rack: null isFenced: false)], partitions = [], controller = null)
2026-06-16 13:32:19.703 [kafka-admin-client-thread | notification-service] INFO  o.a.k.c.a.i.AdminMetadataManager trace=,span= - [AdminClient clientId=notification-service] Rebootstrapping with Cluster(id = null, nodes = [localhost:9092 (id: -1 rack: null isFenced: false)], partitions = [], controller = null)
2026-06-16 13:32:19.703 [kafka-admin-client-thread | notification-service] INFO  o.a.k.c.a.i.AdminMetadataManager trace=,span= - [AdminClient clientId=notification-service] Rebootstrapping with Cluster(id = null, nodes = [localhost:9092 (id: -1 rack: null isFenced: false)], partitions = [], controller = null)
2026-06-16 13:32:19.704 [kafka-admin-client-thread | notification-service] INFO  o.a.k.c.a.i.AdminMetadataManager trace=,span= - [AdminClient clientId=notification-service] Rebootstrapping with Cluster(id = null, nodes = [localhost:9092 (id: -1 rack: null isFenced: false)], partitions = [], controller = null)
2026-06-16 13:32:19.704 [kafka-admin-client-thread | notification-service] INFO  o.a.k.c.a.i.AdminMetadataManager trace=,span= - [AdminClient clientId=notification-service] Rebootstrapping with Cluster(id = null, nodes = [localhost:9092 (id: -1 rack: null isFenced: false)], partitions = [], controller = null)
2026-06-16 13:32:19.704 [kafka-admin-client-thread | notification-service] INFO  o.a.k.c.a.i.AdminMetadataManager trace=,span= - [AdminClient clientId=notification-service] Rebootstrapping with Cluster(id = null, nodes = [localhost:9092 (id: -1 rack: null isFenced: false)], partitions = [], controller = null)
2026-06-16 13:32:19.704 [kafka-admin-client-thread | notification-service] INFO  o.a.k.c.a.i.AdminMetadataManager trace=,span= - [AdminClient clientId=notification-service] Rebootstrapping with Cluster(id = null, nodes = [localhost:9092 (id: -1 rack: null isFenced: false)], partitions = [], controller = null)
2026-06-16 13:32:19.704 [kafka-admin-client-thread | notification-service] INFO  o.a.k.c.a.i.AdminMetadataManager trace=,span= - [AdminClient clientId=notification-service] Rebootstrapping with Cluster(id = null, nodes = [localhost:9092 (id: -1 rack: null isFenced: false)], partitions = [], controller = null)
2026-06-16 13:32:19.704 [kafka-admin-client-thread | notification-service] INFO  o.a.k.c.a.i.AdminMetadataManager trace=,span= - [AdminClient clientId=notification-service] Rebootstrapping with Cluster(id = null, nodes = [localhost:9092 (id: -1 rack: null isFenced: false)], partitions = [], controller = null)
2026-06-16 13:32:19.704 [kafka-admin-client-thread | notification-service] INFO  o.a.k.c.a.i.AdminMetadataManager trace=,span= - [AdminClient clientId=notification-service] Rebootstrapping with Cluster(id = null, nodes = [localhost:9092 (id: -1 rack: null isFenced: false)], partitions = [], controller = null)
2026-06-16 13:32:19.704 [kafka-admin-client-thread | notification-service] INFO  o.a.k.c.a.i.AdminMetadataManager trace=,span= - [AdminClient clientId=notification-service] Rebootstrapping with Cluster(id = null, nodes = [localhost:9092 (id: -1 rack: null isFenced: false)], partitions = [], controller = null)
2026-06-16 13:32:19.704 [kafka-admin-client-thread | notification-service] INFO  o.a.k.c.a.i.AdminMetadataManager trace=,span= - [AdminClient clientId=notification-service] Rebootstrapping with Cluster(id = null, nodes = [localhost:9092 (id: -1 rack: null isFenced: false)], partitions = [], controller = null)
2026-06-16 13:32:19.704 [kafka-admin-client-thread | notification-service] INFO  o.a.k.c.a.i.AdminMetadataManager trace=,span= - [AdminClient clientId=notification-service] Rebootstrapping with Cluster(id = null, nodes = [localhost:9092 (id: -1 rack: null isFenced: false)], partitions = [], controller = null)
2026-06-16 13:32:19.705 [kafka-admin-client-thread | notification-service] INFO  o.a.k.c.a.i.AdminMetadataManager trace=,span= - [AdminClient clientId=notification-service] Rebootstrapping with Cluster(id = null, nodes = [localhost:9092 (id: -1 rack: null isFenced: false)], partitions = [], controller = null)
2026-06-16 13:32:19.705 [kafka-admin-client-thread | notification-service] INFO  o.a.k.c.a.i.AdminMetadataManager trace=,span= - [AdminClient clientId=notification-service] Rebootstrapping with Cluster(id = null, nodes = [localhost:9092 (id: -1 rack: null isFenced: false)], partitions = [], controller = null)
2026-06-16 13:32:19.705 [kafka-admin-client-thread | notification-service] INFO  o.a.k.c.a.i.AdminMetadataManager trace=,span= - [AdminClient clientId=notification-service] Rebootstrapping with Cluster(id = null, nodes = [localhost:9092 (id: -1 rack: null isFenced: false)], partitions = [], controller = null)
2026-06-16 13:32:19.705 [kafka-admin-client-thread | notification-service] INFO  o.a.k.c.a.i.AdminMetadataManager trace=,span= - [AdminClient clientId=notification-service] Rebootstrapping with Cluster(id = null, nodes = [localhost:9092 (id: -1 rack: null isFenced: false)], partitions = [], controller = null)
2026-06-16 13:32:19.705 [kafka-admin-client-thread | notification-service] INFO  o.a.k.c.a.i.AdminMetadataManager trace=,span= - [AdminClient clientId=notification-service] Rebootstrapping with Cluster(id = null, nodes = [localhost:9092 (id: -1 rack: null isFenced: false)], partitions = [], controller = null)
2026-06-16 13:32:19.705 [kafka-admin-client-thread | notification-service] INFO  o.a.k.c.a.i.AdminMetadataManager trace=,span= - [AdminClient clientId=notification-service] Rebootstrapping with Cluster(id = null, nodes = [localhost:9092 (id: -1 rack: null isFenced: false)], partitions = [], controller = null)
2026-06-16 13:32:19.705 [kafka-admin-client-thread | notification-service] INFO  o.a.k.c.a.i.AdminMetadataManager trace=,span= - [AdminClient clientId=notification-service] Rebootstrapping with Cluster(id = null, nodes = [localhost:9092 (id: -1 rack: null isFenced: false)], partitions = [], controller = null)
2026-06-16 13:32:19.705 [kafka-admin-client-thread | notification-service] INFO  o.a.k.c.a.i.AdminMetadataManager trace=,span= - [AdminClient clientId=notification-service] Rebootstrapping with Cluster(id = null, nodes = [localhost:9092 (id: -1 rack: null isFenced: false)], partitions = [], controller = null)
2026-06-16 13:32:19.705 [kafka-admin-client-thread | notification-service] INFO  o.a.k.c.a.i.AdminMetadataManager trace=,span= - [AdminClient clientId=notification-service] Rebootstrapping with Cluster(id = null, nodes = [localhost:9092 (id: -1 rack: null isFenced: false)], partitions = [], controller = null)
2026-06-16 13:32:19.705 [kafka-admin-client-thread | notification-service] INFO  o.a.k.c.a.i.AdminMetadataManager trace=,span= - [AdminClient clientId=notification-service] Rebootstrapping with Cluster(id = null, nodes = [localhost:9092 (id: -1 rack: null isFenced: false)], partitions = [], controller = null)
2026-06-16 13:32:19.705 [kafka-admin-client-thread | notification-service] INFO  o.a.k.c.a.i.AdminMetadataManager trace=,span= - [AdminClient clientId=notification-service] Rebootstrapping with Cluster(id = null, nodes = [localhost:9092 (id: -1 rack: null isFenced: false)], partitions = [], controller = null)
2026-06-16 13:32:19.705 [kafka-admin-client-thread | notification-service] INFO  o.a.k.c.a.i.AdminMetadataManager trace=,span= - [AdminClient clientId=notification-service] Rebootstrapping with Cluster(id = null, nodes = [localhost:9092 (id: -1 rack: null isFenced: false)], partitions = [], controller = null)
2026-06-16 13:32:19.705 [kafka-admin-client-thread | notification-service] INFO  o.a.k.c.a.i.AdminMetadataManager trace=,span= - [AdminClient clientId=notification-service] Rebootstrapping with Cluster(id = null, nodes = [localhost:9092 (id: -1 rack: null isFenced: false)], partitions = [], controller = null)
2026-06-16 13:32:19.705 [kafka-admin-client-thread | notification-service] INFO  o.a.k.c.a.i.AdminMetadataManager trace=,span= - [AdminClient clientId=notification-service] Rebootstrapping with Cluster(id = null, nodes = [localhost:9092 (id: -1 rack: null isFenced: false)], partitions = [], controller = null)
2026-06-16 13:32:19.705 [kafka-admin-client-thread | notification-service] INFO  o.a.k.c.a.i.AdminMetadataManager trace=,span= - [AdminClient clientId=notification-service] Rebootstrapping with Cluster(id = null, nodes = [localhost:9092 (id: -1 rack: null isFenced: false)], partitions = [], controller = null)
2026-06-16 13:32:19.809 [kafka-admin-client-thread | notification-service] INFO  o.a.k.c.a.i.AdminMetadataManager trace=,span= - [AdminClient clientId=notification-service] Rebootstrapping with Cluster(id = null, nodes = [localhost:9092 (id: -1 rack: null isFenced: false)], partitions = [], controller = null)
2026-06-16 13:32:19.810 [kafka-admin-client-thread | notification-service] INFO  o.a.k.c.a.i.AdminMetadataManager trace=,span= - [AdminClient clientId=notification-service] Rebootstrapping with Cluster(id = null, nodes = [localhost:9092 (id: -1 rack: null isFenced: false)], partitions = [], controller = null)
2026-06-16 13:32:19.810 [kafka-admin-client-thread | notification-service] INFO  o.a.k.c.a.i.AdminMetadataManager trace=,span= - [AdminClient clientId=notification-service] Rebootstrapping with Cluster(id = null, nodes = [localhost:9092 (id: -1 rack: null isFenced: false)], partitions = [], controller = null)
2026-06-16 13:32:19.810 [kafka-admin-client-thread | notification-service] INFO  o.a.k.c.a.i.AdminMetadataManager trace=,span= - [AdminClient clientId=notification-service] Rebootstrapping with Cluster(id = null, nodes = [localhost:9092 (id: -1 rack: null isFenced: false)], partitions = [], controller = null)
2026-06-16 13:32:19.810 [kafka-admin-client-thread | notification-service] INFO  o.a.k.c.a.i.AdminMetadataManager trace=,span= - [AdminClient clientId=notification-service] Rebootstrapping with Cluster(id = null, nodes = [localhost:9092 (id: -1 rack: null isFenced: false)], partitions = [], controller = null)
2026-06-16 13:32:19.810 [kafka-admin-client-thread | notification-service] INFO  o.a.k.c.a.i.AdminMetadataManager trace=,span= - [AdminClient clientId=notification-service] Rebootstrapping with Cluster(id = null, nodes = [localhost:9092 (id: -1 rack: null isFenced: false)], partitions = [], controller = null)
2026-06-16 13:32:19.810 [kafka-admin-client-thread | notification-service] INFO  o.a.k.c.a.i.AdminMetadataManager trace=,span= - [AdminClient clientId=notification-service] Rebootstrapping with Cluster(id = null, nodes = [localhost:9092 (id: -1 rack: null isFenced: false)], partitions = [], controller = null)
2026-06-16 13:32:19.810 [kafka-admin-client-thread | notification-service] INFO  o.a.k.c.a.i.AdminMetadataManager trace=,span= - [AdminClient clientId=notification-service] Rebootstrapping with Cluster(id = null, nodes = [localhost:9092 (id: -1 rack: null isFenced: false)], partitions = [], controller = null)
2026-06-16 13:32:19.810 [kafka-admin-client-thread | notification-service] INFO  o.a.k.c.a.i.AdminMetadataManager trace=,span= - [AdminClient clientId=notification-service] Rebootstrapping with Cluster(id = null, nodes = [localhost:9092 (id: -1 rack: null isFenced: false)], partitions = [], controller = null)
2026-06-16 13:32:19.810 [kafka-admin-client-thread | notification-service] INFO  o.a.k.c.a.i.AdminMetadataManager trace=,span= - [AdminClient clientId=notification-service] Rebootstrapping with Cluster(id = null, nodes = [localhost:9092 (id: -1 rack: null isFenced: false)], partitions = [], controller = null)
2026-06-16 13:32:19.811 [kafka-admin-client-thread | notification-service] INFO  o.a.k.c.a.i.AdminMetadataManager trace=,span= - [AdminClient clientId=notification-service] Rebootstrapping with Cluster(id = null, nodes = [localhost:9092 (id: -1 rack: null isFenced: false)], partitions = [], controller = null)
2026-06-16 13:32:19.811 [kafka-admin-client-thread | notification-service] INFO  o.a.k.c.a.i.AdminMetadataManager trace=,span= - [AdminClient clientId=notification-service] Rebootstrapping with Cluster(id = null, nodes = [localhost:9092 (id: -1 rack: null isFenced: false)], partitions = [], controller = null)
2026-06-16 13:32:19.811 [kafka-admin-client-thread | notification-service] INFO  o.a.k.c.a.i.AdminMetadataManager trace=,span= - [AdminClient clientId=notification-service] Rebootstrapping with Cluster(id = null, nodes = [localhost:9092 (id: -1 rack: null isFenced: false)], partitions = [], controller = null)
2026-06-16 13:32:19.811 [kafka-admin-client-thread | notification-service] INFO  o.a.k.c.a.i.AdminMetadataManager trace=,span= - [AdminClient clientId=notification-service] Rebootstrapping with Cluster(id = null, nodes = [localhost:9092 (id: -1 rack: null isFenced: false)], partitions = [], controller = null)
2026-06-16 13:32:19.811 [kafka-admin-client-thread | notification-service] INFO  o.a.k.c.a.i.AdminMetadataManager trace=,span= - [AdminClient clientId=notification-service] Rebootstrapping with Cluster(id = null, nodes = [localhost:9092 (id: -1 rack: null isFenced: false)], partitions = [], controller = null)
2026-06-16 13:32:19.811 [kafka-admin-client-thread | notification-service] INFO  o.a.k.c.a.i.AdminMetadataManager trace=,span= - [AdminClient clientId=notification-service] Rebootstrapping with Cluster(id = null, nodes = [localhost:9092 (id: -1 rack: null isFenced: false)], partitions = [], controller = null)
2026-06-16 13:32:19.811 [kafka-admin-client-thread | notification-service] INFO  o.a.k.c.a.i.AdminMetadataManager trace=,span= - [AdminClient clientId=notification-service] Rebootstrapping with Cluster(id = null, nodes = [localhost:9092 (id: -1 rack: null isFenced: false)], partitions = [], controller = null)
2026-06-16 13:32:19.811 [kafka-admin-client-thread | notification-service] INFO  o.a.k.c.a.i.AdminMetadataManager trace=,span= - [AdminClient clientId=notification-service] Rebootstrapping with Cluster(id = null, nodes = [localhost:9092 (id: -1 rack: null isFenced: false)], partitions = [], controller = null)
2026-06-16 13:32:19.811 [kafka-admin-client-thread | notification-service] INFO  o.a.k.c.a.i.AdminMetadataManager trace=,span= - [AdminClient clientId=notification-service] Rebootstrapping with Cluster(id = null, nodes = [localhost:9092 (id: -1 rack: null isFenced: false)], partitions = [], controller = null)
2026-06-16 13:32:19.811 [kafka-admin-client-thread | notification-service] INFO  o.a.k.c.a.i.AdminMetadataManager trace=,span= - [AdminClient clientId=notification-service] Rebootstrapping with Cluster(id = null, nodes = [localhost:9092 (id: -1 rack: null isFenced: false)], partitions = [], controller = null)
2026-06-16 13:32:19.811 [kafka-admin-client-thread | notification-service] INFO  o.a.k.c.a.i.AdminMetadataManager trace=,span= - [AdminClient clientId=notification-service] Rebootstrapping with Cluster(id = null, nodes = [localhost:9092 (id: -1 rack: null isFenced: false)], partitions = [], controller = null)
2026-06-16 13:32:19.811 [kafka-admin-client-thread | notification-service] INFO  o.a.k.c.a.i.AdminMetadataManager trace=,span= - [AdminClient clientId=notification-service] Rebootstrapping with Cluster(id = null, nodes = [localhost:9092 (id: -1 rack: null isFenced: false)], partitions = [], controller = null)
2026-06-16 13:32:19.811 [kafka-admin-client-thread | notification-service] INFO  o.a.k.c.a.i.AdminMetadataManager trace=,span= - [AdminClient clientId=notification-service] Rebootstrapping with Cluster(id = null, nodes = [localhost:9092 (id: -1 rack: null isFenced: false)], partitions = [], controller = null)
2026-06-16 13:32:19.811 [kafka-admin-client-thread | notification-service] INFO  o.a.k.c.a.i.AdminMetadataManager trace=,span= - [AdminClient clientId=notification-service] Rebootstrapping with Cluster(id = null, nodes = [localhost:9092 (id: -1 rack: null isFenced: false)], partitions = [], controller = null)
2026-06-16 13:32:19.812 [kafka-admin-client-thread | notification-service] INFO  o.a.k.c.a.i.AdminMetadataManager trace=,span= - [AdminClient clientId=notification-service] Rebootstrapping with Cluster(id = null, nodes = [localhost:9092 (id: -1 rack: null isFenced: false)], partitions = [], controller = null)
2026-06-16 13:32:19.812 [kafka-admin-client-thread | notification-service] INFO  o.a.k.c.a.i.AdminMetadataManager trace=,span= - [AdminClient clientId=notification-service] Rebootstrapping with Cluster(id = null, nodes = [localhost:9092 (id: -1 rack: null isFenced: false)], partitions = [], controller = null)
2026-06-16 13:32:19.812 [kafka-admin-client-thread | notification-service] INFO  o.a.k.c.a.i.AdminMetadataManager trace=,span= - [AdminClient clientId=notification-service] Rebootstrapping with Cluster(id = null, nodes = [localhost:9092 (id: -1 rack: null isFenced: false)], partitions = [], controller = null)
2026-06-16 13:32:19.812 [kafka-admin-client-thread | notification-service] INFO  o.a.k.c.a.i.AdminMetadataManager trace=,span= - [AdminClient clientId=notification-service] Rebootstrapping with Cluster(id = null, nodes = [localhost:9092 (id: -1 rack: null isFenced: false)], partitions = [], controller = null)
2026-06-16 13:32:19.812 [kafka-admin-client-thread | notification-service] INFO  o.a.k.c.a.i.AdminMetadataManager trace=,span= - [AdminClient clientId=notification-service] Rebootstrapping with Cluster(id = null, nodes = [localhost:9092 (id: -1 rack: null isFenced: false)], partitions = [], controller = null)
2026-06-16 13:32:19.812 [kafka-admin-client-thread | notification-service] INFO  o.a.k.c.a.i.AdminMetadataManager trace=,span= - [AdminClient clientId=notification-service] Rebootstrapping with Cluster(id = null, nodes = [localhost:9092 (id: -1 rack: null isFenced: false)], partitions = [], controller = null)
2026-06-16 13:32:19.812 [kafka-admin-client-thread | notification-service] INFO  o.a.k.c.a.i.AdminMetadataManager trace=,span= - [AdminClient clientId=notification-service] Rebootstrapping with Cluster(id = null, nodes = [localhost:9092 (id: -1 rack: null isFenced: false)], partitions = [], controller = null)
2026-06-16 13:32:19.812 [kafka-admin-client-thread | notification-service] INFO  o.a.k.c.a.i.AdminMetadataManager trace=,span= - [AdminClient clientId=notification-service] Rebootstrapping with Cluster(id = null, nodes = [localhost:9092 (id: -1 rack: null isFenced: false)], partitions = [], controller = null)
2026-06-16 13:32:19.812 [kafka-admin-client-thread | notification-service] INFO  o.a.k.c.a.i.AdminMetadataManager trace=,span= - [AdminClient clientId=notification-service] Rebootstrapping with Cluster(id = null, nodes = [localhost:9092 (id: -1 rack: null isFenced: false)], partitions = [], controller = null)
2026-06-16 13:32:19.812 [kafka-admin-client-thread | notification-service] INFO  o.a.k.c.a.i.AdminMetadataManager trace=,span= - [AdminClient clientId=notification-service] Rebootstrapping with Cluster(id = null, nodes = [localhost:9092 (id: -1 rack: null isFenced: false)], partitions = [], controller = null)
2026-06-16 13:32:19.913 [kafka-admin-client-thread | notification-service] INFO  o.a.k.c.a.i.AdminMetadataManager trace=,span= - [AdminClient clientId=notification-service] Rebootstrapping with Cluster(id = null, nodes = [localhost:9092 (id: -1 rack: null isFenced: false)], partitions = [], controller = null)
2026-06-16 13:32:19.914 [kafka-admin-client-thread | notification-service] INFO  o.a.k.c.a.i.AdminMetadataManager trace=,span= - [AdminClient clientId=notification-service] Rebootstrapping with Cluster(id = null, nodes = [localhost:9092 (id: -1 rack: null isFenced: false)], partitions = [], controller = null)
2026-06-16 13:32:19.914 [kafka-admin-client-thread | notification-service] INFO  o.a.k.c.a.i.AdminMetadataManager trace=,span= - [AdminClient clientId=notification-service] Rebootstrapping with Cluster(id = null, nodes = [localhost:9092 (id: -1 rack: null isFenced: false)], partitions = [], controller = null)
2026-06-16 13:32:19.914 [kafka-admin-client-thread | notification-service] INFO  o.a.k.c.a.i.AdminMetadataManager trace=,span= - [AdminClient clientId=notification-service] Rebootstrapping with Cluster(id = null, nodes = [localhost:9092 (id: -1 rack: null isFenced: false)], partitions = [], controller = null)
2026-06-16 13:32:19.914 [kafka-admin-client-thread | notification-service] INFO  o.a.k.c.a.i.AdminMetadataManager trace=,span= - [AdminClient clientId=notification-service] Rebootstrapping with Cluster(id = null, nodes = [localhost:9092 (id: -1 rack: null isFenced: false)], partitions = [], controller = null)
2026-06-16 13:32:19.914 [kafka-admin-client-thread | notification-service] INFO  o.a.k.c.a.i.AdminMetadataManager trace=,span= - [AdminClient clientId=notification-service] Rebootstrapping with Cluster(id = null, nodes = [localhost:9092 (id: -1 rack: null isFenced: false)], partitions = [], controller = null)
2026-06-16 13:32:19.914 [kafka-admin-client-thread | notification-service] INFO  o.a.k.c.a.i.AdminMetadataManager trace=,span= - [AdminClient clientId=notification-service] Rebootstrapping with Cluster(id = null, nodes = [localhost:9092 (id: -1 rack: null isFenced: false)], partitions = [], controller = null)
2026-06-16 13:32:19.914 [kafka-admin-client-thread | notification-service] INFO  o.a.k.c.a.i.AdminMetadataManager trace=,span= - [AdminClient clientId=notification-service] Rebootstrapping with Cluster(id = null, nodes = [localhost:9092 (id: -1 rack: null isFenced: false)], partitions = [], controller = null)
2026-06-16 13:32:19.914 [kafka-admin-client-thread | notification-service] INFO  o.a.k.c.a.i.AdminMetadataManager trace=,span= - [AdminClient clientId=notification-service] Rebootstrapping with Cluster(id = null, nodes = [localhost:9092 (id: -1 rack: null isFenced: false)], partitions = [], controller = null)
2026-06-16 13:32:19.914 [kafka-admin-client-thread | notification-service] INFO  o.a.k.c.a.i.AdminMetadataManager trace=,span= - [AdminClient clientId=notification-service] Rebootstrapping with Cluster(id = null, nodes = [localhost:9092 (id: -1 rack: null isFenced: false)], partitions = [], controller = null)
2026-06-16 13:32:19.914 [kafka-admin-client-thread | notification-service] INFO  o.a.k.c.a.i.AdminMetadataManager trace=,span= - [AdminClient clientId=notification-service] Rebootstrapping with Cluster(id = null, nodes = [localhost:9092 (id: -1 rack: null isFenced: false)], partitions = [], controller = null)
2026-06-16 13:32:19.914 [kafka-admin-client-thread | notification-service] INFO  o.a.k.c.a.i.AdminMetadataManager trace=,span= - [AdminClient clientId=notification-service] Rebootstrapping with Cluster(id = null, nodes = [localhost:9092 (id: -1 rack: null isFenced: false)], partitions = [], controller = null)
2026-06-16 13:32:19.914 [kafka-admin-client-thread | notification-service] INFO  o.a.k.c.a.i.AdminMetadataManager trace=,span= - [AdminClient clientId=notification-service] Rebootstrapping with Cluster(id = null, nodes = [localhost:9092 (id: -1 rack: null isFenced: false)], partitions = [], controller = null)
2026-06-16 13:32:19.914 [kafka-admin-client-thread | notification-service] INFO  o.a.k.c.a.i.AdminMetadataManager trace=,span= - [AdminClient clientId=notification-service] Rebootstrapping with Cluster(id = null, nodes = [localhost:9092 (id: -1 rack: null isFenced: false)], partitions = [], controller = null)
2026-06-16 13:32:19.914 [kafka-admin-client-thread | notification-service] INFO  o.a.k.c.a.i.AdminMetadataManager trace=,span= - [AdminClient clientId=notification-service] Rebootstrapping with Cluster(id = null, nodes = [localhost:9092 (id: -1 rack: null isFenced: false)], partitions = [], controller = null)
2026-06-16 13:32:19.914 [kafka-admin-client-thread | notification-service] INFO  o.a.k.c.a.i.AdminMetadataManager trace=,span= - [AdminClient clientId=notification-service] Rebootstrapping with Cluster(id = null, nodes = [localhost:9092 (id: -1 rack: null isFenced: false)], partitions = [], controller = null)
2026-06-16 13:32:19.914 [kafka-admin-client-thread | notification-service] INFO  o.a.k.c.a.i.AdminMetadataManager trace=,span= - [AdminClient clientId=notification-service] Rebootstrapping with Cluster(id = null, nodes = [localhost:9092 (id: -1 rack: null isFenced: false)], partitions = [], controller = null)
2026-06-16 13:32:19.914 [kafka-admin-client-thread | notification-service] INFO  o.a.k.c.a.i.AdminMetadataManager trace=,span= - [AdminClient clientId=notification-service] Rebootstrapping with Cluster(id = null, nodes = [localhost:9092 (id: -1 rack: null isFenced: false)], partitions = [], controller = null)
2026-06-16 13:32:19.914 [kafka-admin-client-thread | notification-service] INFO  o.a.k.c.a.i.AdminMetadataManager trace=,span= - [AdminClient clientId=notification-service] Rebootstrapping with Cluster(id = null, nodes = [localhost:9092 (id: -1 rack: null isFenced: false)], partitions = [], controller = null)
2026-06-16 13:32:19.914 [kafka-admin-client-thread | notification-service] INFO  o.a.k.c.a.i.AdminMetadataManager trace=,span= - [AdminClient clientId=notification-service] Rebootstrapping with Cluster(id = null, nodes = [localhost:9092 (id: -1 rack: null isFenced: false)], partitions = [], controller = null)
2026-06-16 13:32:19.914 [kafka-admin-client-thread | notification-service] INFO  o.a.k.c.a.i.AdminMetadataManager trace=,span= - [AdminClient clientId=notification-service] Rebootstrapping with Cluster(id = null, nodes = [localhost:9092 (id: -1 rack: null isFenced: false)], partitions = [], controller = null)
2026-06-16 13:32:19.914 [kafka-admin-client-thread | notification-service] INFO  o.a.k.c.a.i.AdminMetadataManager trace=,span= - [AdminClient clientId=notification-service] Rebootstrapping with Cluster(id = null, nodes = [localhost:9092 (id: -1 rack: null isFenced: false)], partitions = [], controller = null)
2026-06-16 13:32:19.914 [kafka-admin-client-thread | notification-service] INFO  o.a.k.c.a.i.AdminMetadataManager trace=,span= - [AdminClient clientId=notification-service] Rebootstrapping with Cluster(id = null, nodes = [localhost:9092 (id: -1 rack: null isFenced: false)], partitions = [], controller = null)
2026-06-16 13:32:19.914 [kafka-admin-client-thread | notification-service] INFO  o.a.k.c.a.i.AdminMetadataManager trace=,span= - [AdminClient clientId=notification-service] Rebootstrapping with Cluster(id = null, nodes = [localhost:9092 (id: -1 rack: null isFenced: false)], partitions = [], controller = null)
2026-06-16 13:32:19.914 [kafka-admin-client-thread | notification-service] INFO  o.a.k.c.a.i.AdminMetadataManager trace=,span= - [AdminClient clientId=notification-service] Rebootstrapping with Cluster(id = null, nodes = [localhost:9092 (id: -1 rack: null isFenced: false)], partitions = [], controller = null)
2026-06-16 13:32:19.914 [kafka-admin-client-thread | notification-service] INFO  o.a.k.c.a.i.AdminMetadataManager trace=,span= - [AdminClient clientId=notification-service] Rebootstrapping with Cluster(id = null, nodes = [localhost:9092 (id: -1 rack: null isFenced: false)], partitions = [], controller = null)
2026-06-16 13:32:19.914 [kafka-admin-client-thread | notification-service] INFO  o.a.k.c.a.i.AdminMetadataManager trace=,span= - [AdminClient clientId=notification-service] Rebootstrapping with Cluster(id = null, nodes = [localhost:9092 (id: -1 rack: null isFenced: false)], partitions = [], controller = null)
2026-06-16 13:32:19.914 [kafka-admin-client-thread | notification-service] INFO  o.a.k.c.a.i.AdminMetadataManager trace=,span= - [AdminClient clientId=notification-service] Rebootstrapping with Cluster(id = null, nodes = [localhost:9092 (id: -1 rack: null isFenced: false)], partitions = [], controller = null)
2026-06-16 13:32:19.914 [kafka-admin-client-thread | notification-service] INFO  o.a.k.c.a.i.AdminMetadataManager trace=,span= - [AdminClient clientId=notification-service] Rebootstrapping with Cluster(id = null, nodes = [localhost:9092 (id: -1 rack: null isFenced: false)], partitions = [], controller = null)
2026-06-16 13:32:19.914 [kafka-admin-client-thread | notification-service] INFO  o.a.k.c.a.i.AdminMetadataManager trace=,span= - [AdminClient clientId=notification-service] Rebootstrapping with Cluster(id = null, nodes = [localhost:9092 (id: -1 rack: null isFenced: false)], partitions = [], controller = null)
2026-06-16 13:32:19.914 [kafka-admin-client-thread | notification-service] INFO  o.a.k.c.a.i.AdminMetadataManager trace=,span= - [AdminClient clientId=notification-service] Rebootstrapping with Cluster(id = null, nodes = [localhost:9092 (id: -1 rack: null isFenced: false)], partitions = [], controller = null)
2026-06-16 13:32:19.914 [kafka-admin-client-thread | notification-service] INFO  o.a.k.c.a.i.AdminMetadataManager trace=,span= - [AdminClient clientId=notification-service] Rebootstrapping with Cluster(id = null, nodes = [localhost:9092 (id: -1 rack: null isFenced: false)], partitions = [], controller = null)
2026-06-16 13:32:19.914 [kafka-admin-client-thread | notification-service] INFO  o.a.k.c.a.i.AdminMetadataManager trace=,span= - [AdminClient clientId=notification-service] Rebootstrapping with Cluster(id = null, nodes = [localhost:9092 (id: -1 rack: null isFenced: false)], partitions = [], controller = null)
2026-06-16 13:32:19.914 [kafka-admin-client-thread | notification-service] INFO  o.a.k.c.a.i.AdminMetadataManager trace=,span= - [AdminClient clientId=notification-service] Rebootstrapping with Cluster(id = null, nodes = [localhost:9092 (id: -1 rack: null isFenced: false)], partitions = [], controller = null)
2026-06-16 13:32:19.914 [kafka-admin-client-thread | notification-service] INFO  o.a.k.c.a.i.AdminMetadataManager trace=,span= - [AdminClient clientId=notification-service] Rebootstrapping with Cluster(id = null, nodes = [localhost:9092 (id: -1 rack: null isFenced: false)], partitions = [], controller = null)
2026-06-16 13:32:20.016 [kafka-admin-client-thread | notification-service] INFO  o.a.k.c.a.i.AdminMetadataManager trace=,span= - [AdminClient clientId=notification-service] Rebootstrapping with Cluster(id = null, nodes = [localhost:9092 (id: -1 rack: null isFenced: false)], partitions = [], controller = null)
2026-06-16 13:32:20.016 [kafka-admin-client-thread | notification-service] INFO  o.a.k.c.a.i.AdminMetadataManager trace=,span= - [AdminClient clientId=notification-service] Rebootstrapping with Cluster(id = null, nodes = [localhost:9092 (id: -1 rack: null isFenced: false)], partitions = [], controller = null)
2026-06-16 13:32:20.016 [kafka-admin-client-thread | notification-service] INFO  o.a.k.c.a.i.AdminMetadataManager trace=,span= - [AdminClient clientId=notification-service] Rebootstrapping with Cluster(id = null, nodes = [localhost:9092 (id: -1 rack: null isFenced: false)], partitions = [], controller = null)
2026-06-16 13:32:20.016 [kafka-admin-client-thread | notification-service] INFO  o.a.k.c.a.i.AdminMetadataManager trace=,span= - [AdminClient clientId=notification-service] Rebootstrapping with Cluster(id = null, nodes = [localhost:9092 (id: -1 rack: null isFenced: false)], partitions = [], controller = null)
2026-06-16 13:32:20.016 [kafka-admin-client-thread | notification-service] INFO  o.a.k.c.a.i.AdminMetadataManager trace=,span= - [AdminClient clientId=notification-service] Rebootstrapping with Cluster(id = null, nodes = [localhost:9092 (id: -1 rack: null isFenced: false)], partitions = [], controller = null)
2026-06-16 13:32:20.016 [kafka-admin-client-thread | notification-service] INFO  o.a.k.c.a.i.AdminMetadataManager trace=,span= - [AdminClient clientId=notification-service] Rebootstrapping with Cluster(id = null, nodes = [localhost:9092 (id: -1 rack: null isFenced: false)], partitions = [], controller = null)
2026-06-16 13:32:20.016 [kafka-admin-client-thread | notification-service] INFO  o.a.k.c.a.i.AdminMetadataManager trace=,span= - [AdminClient clientId=notification-service] Rebootstrapping with Cluster(id = null, nodes = [localhost:9092 (id: -1 rack: null isFenced: false)], partitions = [], controller = null)
2026-06-16 13:32:20.016 [kafka-admin-client-thread | notification-service] INFO  o.a.k.c.a.i.AdminMetadataManager trace=,span= - [AdminClient clientId=notification-service] Rebootstrapping with Cluster(id = null, nodes = [localhost:9092 (id: -1 rack: null isFenced: false)], partitions = [], controller = null)
2026-06-16 13:32:20.016 [kafka-admin-client-thread | notification-service] INFO  o.a.k.c.a.i.AdminMetadataManager trace=,span= - [AdminClient clientId=notification-service] Rebootstrapping with Cluster(id = null, nodes = [localhost:9092 (id: -1 rack: null isFenced: false)], partitions = [], controller = null)
2026-06-16 13:32:20.016 [kafka-admin-client-thread | notification-service] INFO  o.a.k.c.a.i.AdminMetadataManager trace=,span= - [AdminClient clientId=notification-service] Rebootstrapping with Cluster(id = null, nodes = [localhost:9092 (id: -1 rack: null isFenced: false)], partitions = [], controller = null)
2026-06-16 13:32:20.016 [kafka-admin-client-thread | notification-service] INFO  o.a.k.c.a.i.AdminMetadataManager trace=,span= - [AdminClient clientId=notification-service] Rebootstrapping with Cluster(id = null, nodes = [localhost:9092 (id: -1 rack: null isFenced: false)], partitions = [], controller = null)
2026-06-16 13:32:20.016 [kafka-admin-client-thread | notification-service] INFO  o.a.k.c.a.i.AdminMetadataManager trace=,span= - [AdminClient clientId=notification-service] Rebootstrapping with Cluster(id = null, nodes = [localhost:9092 (id: -1 rack: null isFenced: false)], partitions = [], controller = null)
2026-06-16 13:32:20.016 [kafka-admin-client-thread | notification-service] INFO  o.a.k.c.a.i.AdminMetadataManager trace=,span= - [AdminClient clientId=notification-service] Rebootstrapping with Cluster(id = null, nodes = [localhost:9092 (id: -1 rack: null isFenced: false)], partitions = [], controller = null)
2026-06-16 13:32:20.016 [kafka-admin-client-thread | notification-service] INFO  o.a.k.c.a.i.AdminMetadataManager trace=,span= - [AdminClient clientId=notification-service] Rebootstrapping with Cluster(id = null, nodes = [localhost:9092 (id: -1 rack: null isFenced: false)], partitions = [], controller = null)
2026-06-16 13:32:20.016 [kafka-admin-client-thread | notification-service] INFO  o.a.k.c.a.i.AdminMetadataManager trace=,span= - [AdminClient clientId=notification-service] Rebootstrapping with Cluster(id = null, nodes = [localhost:9092 (id: -1 rack: null isFenced: false)], partitions = [], controller = null)
2026-06-16 13:32:20.016 [kafka-admin-client-thread | notification-service] INFO  o.a.k.c.a.i.AdminMetadataManager trace=,span= - [AdminClient clientId=notification-service] Rebootstrapping with Cluster(id = null, nodes = [localhost:9092 (id: -1 rack: null isFenced: false)], partitions = [], controller = null)
2026-06-16 13:32:20.016 [kafka-admin-client-thread | notification-service] INFO  o.a.k.c.a.i.AdminMetadataManager trace=,span= - [AdminClient clientId=notification-service] Rebootstrapping with Cluster(id = null, nodes = [localhost:9092 (id: -1 rack: null isFenced: false)], partitions = [], controller = null)
2026-06-16 13:32:20.017 [kafka-admin-client-thread | notification-service] INFO  o.a.k.c.a.i.AdminMetadataManager trace=,span= - [AdminClient clientId=notification-service] Rebootstrapping with Cluster(id = null, nodes = [localhost:9092 (id: -1 rack: null isFenced: false)], partitions = [], controller = null)
2026-06-16 13:32:20.017 [kafka-admin-client-thread | notification-service] INFO  o.a.k.c.a.i.AdminMetadataManager trace=,span= - [AdminClient clientId=notification-service] Rebootstrapping with Cluster(id = null, nodes = [localhost:9092 (id: -1 rack: null isFenced: false)], partitions = [], controller = null)
2026-06-16 13:32:20.017 [kafka-admin-client-thread | notification-service] INFO  o.a.k.c.a.i.AdminMetadataManager trace=,span= - [AdminClient clientId=notification-service] Rebootstrapping with Cluster(id = null, nodes = [localhost:9092 (id: -1 rack: null isFenced: false)], partitions = [], controller = null)
2026-06-16 13:32:20.017 [kafka-admin-client-thread | notification-service] INFO  o.a.k.c.a.i.AdminMetadataManager trace=,span= - [AdminClient clientId=notification-service] Rebootstrapping with Cluster(id = null, nodes = [localhost:9092 (id: -1 rack: null isFenced: false)], partitions = [], controller = null)
2026-06-16 13:32:20.017 [kafka-admin-client-thread | notification-service] INFO  o.a.k.c.a.i.AdminMetadataManager trace=,span= - [AdminClient clientId=notification-service] Rebootstrapping with Cluster(id = null, nodes = [localhost:9092 (id: -1 rack: null isFenced: false)], partitions = [], controller = null)
2026-06-16 13:32:20.017 [kafka-admin-client-thread | notification-service] INFO  o.a.k.c.a.i.AdminMetadataManager trace=,span= - [AdminClient clientId=notification-service] Rebootstrapping with Cluster(id = null, nodes = [localhost:9092 (id: -1 rack: null isFenced: false)], partitions = [], controller = null)
2026-06-16 13:32:20.017 [kafka-admin-client-thread | notification-service] INFO  o.a.k.c.a.i.AdminMetadataManager trace=,span= - [AdminClient clientId=notification-service] Rebootstrapping with Cluster(id = null, nodes = [localhost:9092 (id: -1 rack: null isFenced: false)], partitions = [], controller = null)
2026-06-16 13:32:20.017 [kafka-admin-client-thread | notification-service] INFO  o.a.k.c.a.i.AdminMetadataManager trace=,span= - [AdminClient clientId=notification-service] Rebootstrapping with Cluster(id = null, nodes = [localhost:9092 (id: -1 rack: null isFenced: false)], partitions = [], controller = null)
2026-06-16 13:32:20.017 [kafka-admin-client-thread | notification-service] INFO  o.a.k.c.a.i.AdminMetadataManager trace=,span= - [AdminClient clientId=notification-service] Rebootstrapping with Cluster(id = null, nodes = [localhost:9092 (id: -1 rack: null isFenced: false)], partitions = [], controller = null)
2026-06-16 13:32:20.017 [kafka-admin-client-thread | notification-service] INFO  o.a.k.c.a.i.AdminMetadataManager trace=,span= - [AdminClient clientId=notification-service] Rebootstrapping with Cluster(id = null, nodes = [localhost:9092 (id: -1 rack: null isFenced: false)], partitions = [], controller = null)
2026-06-16 13:32:20.017 [kafka-admin-client-thread | notification-service] INFO  o.a.k.c.a.i.AdminMetadataManager trace=,span= - [AdminClient clientId=notification-service] Rebootstrapping with Cluster(id = null, nodes = [localhost:9092 (id: -1 rack: null isFenced: false)], partitions = [], controller = null)
2026-06-16 13:32:20.017 [kafka-admin-client-thread | notification-service] INFO  o.a.k.c.a.i.AdminMetadataManager trace=,span= - [AdminClient clientId=notification-service] Rebootstrapping with Cluster(id = null, nodes = [localhost:9092 (id: -1 rack: null isFenced: false)], partitions = [], controller = null)
2026-06-16 13:32:20.017 [kafka-admin-client-thread | notification-service] INFO  o.a.k.c.a.i.AdminMetadataManager trace=,span= - [AdminClient clientId=notification-service] Rebootstrapping with Cluster(id = null, nodes = [localhost:9092 (id: -1 rack: null isFenced: false)], partitions = [], controller = null)
2026-06-16 13:32:20.017 [kafka-admin-client-thread | notification-service] INFO  o.a.k.c.a.i.AdminMetadataManager trace=,span= - [AdminClient clientId=notification-service] Rebootstrapping with Cluster(id = null, nodes = [localhost:9092 (id: -1 rack: null isFenced: false)], partitions = [], controller = null)
2026-06-16 13:32:20.017 [kafka-admin-client-thread | notification-service] INFO  o.a.k.c.a.i.AdminMetadataManager trace=,span= - [AdminClient clientId=notification-service] Rebootstrapping with Cluster(id = null, nodes = [localhost:9092 (id: -1 rack: null isFenced: false)], partitions = [], controller = null)
2026-06-16 13:32:20.017 [kafka-admin-client-thread | notification-service] INFO  o.a.k.c.a.i.AdminMetadataManager trace=,span= - [AdminClient clientId=notification-service] Rebootstrapping with Cluster(id = null, nodes = [localhost:9092 (id: -1 rack: null isFenced: false)], partitions = [], controller = null)
2026-06-16 13:32:20.017 [kafka-admin-client-thread | notification-service] INFO  o.a.k.c.a.i.AdminMetadataManager trace=,span= - [AdminClient clientId=notification-service] Rebootstrapping with Cluster(id = null, nodes = [localhost:9092 (id: -1 rack: null isFenced: false)], partitions = [], controller = null)
2026-06-16 13:32:20.017 [kafka-admin-client-thread | notification-service] INFO  o.a.k.c.a.i.AdminMetadataManager trace=,span= - [AdminClient clientId=notification-service] Rebootstrapping with Cluster(id = null, nodes = [localhost:9092 (id: -1 rack: null isFenced: false)], partitions = [], controller = null)
2026-06-16 13:32:20.017 [kafka-admin-client-thread | notification-service] INFO  o.a.k.c.a.i.AdminMetadataManager trace=,span= - [AdminClient clientId=notification-service] Rebootstrapping with Cluster(id = null, nodes = [localhost:9092 (id: -1 rack: null isFenced: false)], partitions = [], controller = null)
2026-06-16 13:32:20.119 [kafka-admin-client-thread | notification-service] INFO  o.a.k.c.a.i.AdminMetadataManager trace=,span= - [AdminClient clientId=notification-service] Rebootstrapping with Cluster(id = null, nodes = [localhost:9092 (id: -1 rack: null isFenced: false)], partitions = [], controller = null)
2026-06-16 13:32:20.119 [kafka-admin-client-thread | notification-service] INFO  o.a.k.c.a.i.AdminMetadataManager trace=,span= - [AdminClient clientId=notification-service] Rebootstrapping with Cluster(id = null, nodes = [localhost:9092 (id: -1 rack: null isFenced: false)], partitions = [], controller = null)
2026-06-16 13:32:20.119 [kafka-admin-client-thread | notification-service] INFO  o.a.k.c.a.i.AdminMetadataManager trace=,span= - [AdminClient clientId=notification-service] Rebootstrapping with Cluster(id = null, nodes = [localhost:9092 (id: -1 rack: null isFenced: false)], partitions = [], controller = null)
2026-06-16 13:32:20.119 [kafka-admin-client-thread | notification-service] INFO  o.a.k.c.a.i.AdminMetadataManager trace=,span= - [AdminClient clientId=notification-service] Rebootstrapping with Cluster(id = null, nodes = [localhost:9092 (id: -1 rack: null isFenced: false)], partitions = [], controller = null)
2026-06-16 13:32:20.120 [kafka-admin-client-thread | notification-service] INFO  o.a.k.c.a.i.AdminMetadataManager trace=,span= - [AdminClient clientId=notification-service] Rebootstrapping with Cluster(id = null, nodes = [localhost:9092 (id: -1 rack: null isFenced: false)], partitions = [], controller = null)
2026-06-16 13:32:20.120 [kafka-admin-client-thread | notification-service] INFO  o.a.k.c.a.i.AdminMetadataManager trace=,span= - [AdminClient clientId=notification-service] Rebootstrapping with Cluster(id = null, nodes = [localhost:9092 (id: -1 rack: null isFenced: false)], partitions = [], controller = null)
2026-06-16 13:32:20.120 [kafka-admin-client-thread | notification-service] INFO  o.a.k.c.a.i.AdminMetadataManager trace=,span= - [AdminClient clientId=notification-service] Rebootstrapping with Cluster(id = null, nodes = [localhost:9092 (id: -1 rack: null isFenced: false)], partitions = [], controller = null)
2026-06-16 13:32:20.120 [kafka-admin-client-thread | notification-service] INFO  o.a.k.c.a.i.AdminMetadataManager trace=,span= - [AdminClient clientId=notification-service] Rebootstrapping with Cluster(id = null, nodes = [localhost:9092 (id: -1 rack: null isFenced: false)], partitions = [], controller = null)
2026-06-16 13:32:20.120 [kafka-admin-client-thread | notification-service] INFO  o.a.k.c.a.i.AdminMetadataManager trace=,span= - [AdminClient clientId=notification-service] Rebootstrapping with Cluster(id = null, nodes = [localhost:9092 (id: -1 rack: null isFenced: false)], partitions = [], controller = null)
2026-06-16 13:32:20.120 [kafka-admin-client-thread | notification-service] INFO  o.a.k.c.a.i.AdminMetadataManager trace=,span= - [AdminClient clientId=notification-service] Rebootstrapping with Cluster(id = null, nodes = [localhost:9092 (id: -1 rack: null isFenced: false)], partitions = [], controller = null)
2026-06-16 13:32:20.121 [kafka-admin-client-thread | notification-service] INFO  o.a.k.c.a.i.AdminMetadataManager trace=,span= - [AdminClient clientId=notification-service] Rebootstrapping with Cluster(id = null, nodes = [localhost:9092 (id: -1 rack: null isFenced: false)], partitions = [], controller = null)
2026-06-16 13:32:20.122 [kafka-admin-client-thread | notification-service] INFO  o.a.k.c.a.i.AdminMetadataManager trace=,span= - [AdminClient clientId=notification-service] Rebootstrapping with Cluster(id = null, nodes = [localhost:9092 (id: -1 rack: null isFenced: false)], partitions = [], controller = null)
2026-06-16 13:32:20.122 [kafka-admin-client-thread | notification-service] INFO  o.a.k.c.a.i.AdminMetadataManager trace=,span= - [AdminClient clientId=notification-service] Rebootstrapping with Cluster(id = null, nodes = [localhost:9092 (id: -1 rack: null isFenced: false)], partitions = [], controller = null)
2026-06-16 13:32:20.122 [kafka-admin-client-thread | notification-service] INFO  o.a.k.c.a.i.AdminMetadataManager trace=,span= - [AdminClient clientId=notification-service] Rebootstrapping with Cluster(id = null, nodes = [localhost:9092 (id: -1 rack: null isFenced: false)], partitions = [], controller = null)
2026-06-16 13:32:20.123 [kafka-admin-client-thread | notification-service] INFO  o.a.k.c.a.i.AdminMetadataManager trace=,span= - [AdminClient clientId=notification-service] Rebootstrapping with Cluster(id = null, nodes = [localhost:9092 (id: -1 rack: null isFenced: false)], partitions = [], controller = null)
2026-06-16 13:32:20.123 [kafka-admin-client-thread | notification-service] INFO  o.a.k.c.a.i.AdminMetadataManager trace=,span= - [AdminClient clientId=notification-service] Rebootstrapping with Cluster(id = null, nodes = [localhost:9092 (id: -1 rack: null isFenced: false)], partitions = [], controller = null)
2026-06-16 13:32:20.123 [kafka-admin-client-thread | notification-service] INFO  o.a.k.c.a.i.AdminMetadataManager trace=,span= - [AdminClient clientId=notification-service] Rebootstrapping with Cluster(id = null, nodes = [localhost:9092 (id: -1 rack: null isFenced: false)], partitions = [], controller = null)
2026-06-16 13:32:20.123 [kafka-admin-client-thread | notification-service] INFO  o.a.k.c.a.i.AdminMetadataManager trace=,span= - [AdminClient clientId=notification-service] Rebootstrapping with Cluster(id = null, nodes = [localhost:9092 (id: -1 rack: null isFenced: false)], partitions = [], controller = null)
2026-06-16 13:32:20.123 [kafka-admin-client-thread | notification-service] INFO  o.a.k.c.a.i.AdminMetadataManager trace=,span= - [AdminClient clientId=notification-service] Rebootstrapping with Cluster(id = null, nodes = [localhost:9092 (id: -1 rack: null isFenced: false)], partitions = [], controller = null)
2026-06-16 13:32:20.123 [kafka-admin-client-thread | notification-service] INFO  o.a.k.c.a.i.AdminMetadataManager trace=,span= - [AdminClient clientId=notification-service] Rebootstrapping with Cluster(id = null, nodes = [localhost:9092 (id: -1 rack: null isFenced: false)], partitions = [], controller = null)
2026-06-16 13:32:20.123 [kafka-admin-client-thread | notification-service] INFO  o.a.k.c.a.i.AdminMetadataManager trace=,span= - [AdminClient clientId=notification-service] Rebootstrapping with Cluster(id = null, nodes = [localhost:9092 (id: -1 rack: null isFenced: false)], partitions = [], controller = null)
2026-06-16 13:32:20.124 [kafka-admin-client-thread | notification-service] INFO  o.a.k.c.a.i.AdminMetadataManager trace=,span= - [AdminClient clientId=notification-service] Rebootstrapping with Cluster(id = null, nodes = [localhost:9092 (id: -1 rack: null isFenced: false)], partitions = [], controller = null)
2026-06-16 13:32:20.124 [kafka-admin-client-thread | notification-service] INFO  o.a.k.c.a.i.AdminMetadataManager trace=,span= - [AdminClient clientId=notification-service] Rebootstrapping with Cluster(id = null, nodes = [localhost:9092 (id: -1 rack: null isFenced: false)], partitions = [], controller = null)
2026-06-16 13:32:20.124 [kafka-admin-client-thread | notification-service] INFO  o.a.k.c.a.i.AdminMetadataManager trace=,span= - [AdminClient clientId=notification-service] Rebootstrapping with Cluster(id = null, nodes = [localhost:9092 (id: -1 rack: null isFenced: false)], partitions = [], controller = null)
2026-06-16 13:32:20.124 [kafka-admin-client-thread | notification-service] INFO  o.a.k.c.a.i.AdminMetadataManager trace=,span= - [AdminClient clientId=notification-service] Rebootstrapping with Cluster(id = null, nodes = [localhost:9092 (id: -1 rack: null isFenced: false)], partitions = [], controller = null)
2026-06-16 13:32:20.124 [kafka-admin-client-thread | notification-service] INFO  o.a.k.c.a.i.AdminMetadataManager trace=,span= - [AdminClient clientId=notification-service] Rebootstrapping with Cluster(id = null, nodes = [localhost:9092 (id: -1 rack: null isFenced: false)], partitions = [], controller = null)
2026-06-16 13:32:20.124 [kafka-admin-client-thread | notification-service] INFO  o.a.k.c.a.i.AdminMetadataManager trace=,span= - [AdminClient clientId=notification-service] Rebootstrapping with Cluster(id = null, nodes = [localhost:9092 (id: -1 rack: null isFenced: false)], partitions = [], controller = null)
2026-06-16 13:32:20.124 [kafka-admin-client-thread | notification-service] INFO  o.a.k.c.a.i.AdminMetadataManager trace=,span= - [AdminClient clientId=notification-service] Rebootstrapping with Cluster(id = null, nodes = [localhost:9092 (id: -1 rack: null isFenced: false)], partitions = [], controller = null)
2026-06-16 13:32:20.124 [kafka-admin-client-thread | notification-service] INFO  o.a.k.c.a.i.AdminMetadataManager trace=,span= - [AdminClient clientId=notification-service] Rebootstrapping with Cluster(id = null, nodes = [localhost:9092 (id: -1 rack: null isFenced: false)], partitions = [], controller = null)
2026-06-16 13:32:20.124 [kafka-admin-client-thread | notification-service] INFO  o.a.k.c.a.i.AdminMetadataManager trace=,span= - [AdminClient clientId=notification-service] Rebootstrapping with Cluster(id = null, nodes = [localhost:9092 (id: -1 rack: null isFenced: false)], partitions = [], controller = null)
2026-06-16 13:32:20.124 [kafka-admin-client-thread | notification-service] INFO  o.a.k.c.a.i.AdminMetadataManager trace=,span= - [AdminClient clientId=notification-service] Rebootstrapping with Cluster(id = null, nodes = [localhost:9092 (id: -1 rack: null isFenced: false)], partitions = [], controller = null)
2026-06-16 13:32:20.124 [kafka-admin-client-thread | notification-service] INFO  o.a.k.c.a.i.AdminMetadataManager trace=,span= - [AdminClient clientId=notification-service] Rebootstrapping with Cluster(id = null, nodes = [localhost:9092 (id: -1 rack: null isFenced: false)], partitions = [], controller = null)
2026-06-16 13:32:20.124 [kafka-admin-client-thread | notification-service] INFO  o.a.k.c.a.i.AdminMetadataManager trace=,span= - [AdminClient clientId=notification-service] Rebootstrapping with Cluster(id = null, nodes = [localhost:9092 (id: -1 rack: null isFenced: false)], partitions = [], controller = null)
2026-06-16 13:32:20.124 [kafka-admin-client-thread | notification-service] INFO  o.a.k.c.a.i.AdminMetadataManager trace=,span= - [AdminClient clientId=notification-service] Rebootstrapping with Cluster(id = null, nodes = [localhost:9092 (id: -1 rack: null isFenced: false)], partitions = [], controller = null)
2026-06-16 13:32:20.124 [kafka-admin-client-thread | notification-service] INFO  o.a.k.c.a.i.AdminMetadataManager trace=,span= - [AdminClient clientId=notification-service] Rebootstrapping with Cluster(id = null, nodes = [localhost:9092 (id: -1 rack: null isFenced: false)], partitions = [], controller = null)
2026-06-16 13:32:20.124 [kafka-admin-client-thread | notification-service] INFO  o.a.k.c.a.i.AdminMetadataManager trace=,span= - [AdminClient clientId=notification-service] Rebootstrapping with Cluster(id = null, nodes = [localhost:9092 (id: -1 rack: null isFenced: false)], partitions = [], controller = null)
2026-06-16 13:32:20.124 [kafka-admin-client-thread | notification-service] INFO  o.a.k.c.a.i.AdminMetadataManager trace=,span= - [AdminClient clientId=notification-service] Rebootstrapping with Cluster(id = null, nodes = [localhost:9092 (id: -1 rack: null isFenced: false)], partitions = [], controller = null)
2026-06-16 13:32:20.225 [kafka-admin-client-thread | notification-service] INFO  o.a.k.c.a.i.AdminMetadataManager trace=,span= - [AdminClient clientId=notification-service] Rebootstrapping with Cluster(id = null, nodes = [localhost:9092 (id: -1 rack: null isFenced: false)], partitions = [], controller = null)
2026-06-16 13:32:20.225 [kafka-admin-client-thread | notification-service] INFO  o.a.k.c.a.i.AdminMetadataManager trace=,span= - [AdminClient clientId=notification-service] Rebootstrapping with Cluster(id = null, nodes = [localhost:9092 (id: -1 rack: null isFenced: false)], partitions = [], controller = null)
2026-06-16 13:32:20.225 [kafka-admin-client-thread | notification-service] INFO  o.a.k.c.a.i.AdminMetadataManager trace=,span= - [AdminClient clientId=notification-service] Rebootstrapping with Cluster(id = null, nodes = [localhost:9092 (id: -1 rack: null isFenced: false)], partitions = [], controller = null)
2026-06-16 13:32:20.225 [kafka-admin-client-thread | notification-service] INFO  o.a.k.c.a.i.AdminMetadataManager trace=,span= - [AdminClient clientId=notification-service] Rebootstrapping with Cluster(id = null, nodes = [localhost:9092 (id: -1 rack: null isFenced: false)], partitions = [], controller = null)
2026-06-16 13:32:20.225 [kafka-admin-client-thread | notification-service] INFO  o.a.k.c.a.i.AdminMetadataManager trace=,span= - [AdminClient clientId=notification-service] Rebootstrapping with Cluster(id = null, nodes = [localhost:9092 (id: -1 rack: null isFenced: false)], partitions = [], controller = null)
2026-06-16 13:32:20.226 [kafka-admin-client-thread | notification-service] INFO  o.a.k.c.a.i.AdminMetadataManager trace=,span= - [AdminClient clientId=notification-service] Rebootstrapping with Cluster(id = null, nodes = [localhost:9092 (id: -1 rack: null isFenced: false)], partitions = [], controller = null)
2026-06-16 13:32:20.226 [kafka-admin-client-thread | notification-service] INFO  o.a.k.c.a.i.AdminMetadataManager trace=,span= - [AdminClient clientId=notification-service] Rebootstrapping with Cluster(id = null, nodes = [localhost:9092 (id: -1 rack: null isFenced: false)], partitions = [], controller = null)
2026-06-16 13:32:20.226 [kafka-admin-client-thread | notification-service] INFO  o.a.k.c.a.i.AdminMetadataManager trace=,span= - [AdminClient clientId=notification-service] Rebootstrapping with Cluster(id = null, nodes = [localhost:9092 (id: -1 rack: null isFenced: false)], partitions = [], controller = null)
2026-06-16 13:32:20.226 [kafka-admin-client-thread | notification-service] INFO  o.a.k.c.a.i.AdminMetadataManager trace=,span= - [AdminClient clientId=notification-service] Rebootstrapping with Cluster(id = null, nodes = [localhost:9092 (id: -1 rack: null isFenced: false)], partitions = [], controller = null)
2026-06-16 13:32:20.226 [kafka-admin-client-thread | notification-service] INFO  o.a.k.c.a.i.AdminMetadataManager trace=,span= - [AdminClient clientId=notification-service] Rebootstrapping with Cluster(id = null, nodes = [localhost:9092 (id: -1 rack: null isFenced: false)], partitions = [], controller = null)
2026-06-16 13:32:20.226 [kafka-admin-client-thread | notification-service] INFO  o.a.k.c.a.i.AdminMetadataManager trace=,span= - [AdminClient clientId=notification-service] Rebootstrapping with Cluster(id = null, nodes = [localhost:9092 (id: -1 rack: null isFenced: false)], partitions = [], controller = null)
2026-06-16 13:32:20.226 [kafka-admin-client-thread | notification-service] INFO  o.a.k.c.a.i.AdminMetadataManager trace=,span= - [AdminClient clientId=notification-service] Rebootstrapping with Cluster(id = null, nodes = [localhost:9092 (id: -1 rack: null isFenced: false)], partitions = [], controller = null)
2026-06-16 13:32:20.226 [kafka-admin-client-thread | notification-service] INFO  o.a.k.c.a.i.AdminMetadataManager trace=,span= - [AdminClient clientId=notification-service] Rebootstrapping with Cluster(id = null, nodes = [localhost:9092 (id: -1 rack: null isFenced: false)], partitions = [], controller = null)
2026-06-16 13:32:20.226 [kafka-admin-client-thread | notification-service] INFO  o.a.k.c.a.i.AdminMetadataManager trace=,span= - [AdminClient clientId=notification-service] Rebootstrapping with Cluster(id = null, nodes = [localhost:9092 (id: -1 rack: null isFenced: false)], partitions = [], controller = null)
2026-06-16 13:32:20.226 [kafka-admin-client-thread | notification-service] INFO  o.a.k.c.a.i.AdminMetadataManager trace=,span= - [AdminClient clientId=notification-service] Rebootstrapping with Cluster(id = null, nodes = [localhost:9092 (id: -1 rack: null isFenced: false)], partitions = [], controller = null)
2026-06-16 13:32:20.226 [kafka-admin-client-thread | notification-service] INFO  o.a.k.c.a.i.AdminMetadataManager trace=,span= - [AdminClient clientId=notification-service] Rebootstrapping with Cluster(id = null, nodes = [localhost:9092 (id: -1 rack: null isFenced: false)], partitions = [], controller = null)
2026-06-16 13:32:20.226 [kafka-admin-client-thread | notification-service] INFO  o.a.k.c.a.i.AdminMetadataManager trace=,span= - [AdminClient clientId=notification-service] Rebootstrapping with Cluster(id = null, nodes = [localhost:9092 (id: -1 rack: null isFenced: false)], partitions = [], controller = null)
2026-06-16 13:32:20.226 [kafka-admin-client-thread | notification-service] INFO  o.a.k.c.a.i.AdminMetadataManager trace=,span= - [AdminClient clientId=notification-service] Rebootstrapping with Cluster(id = null, nodes = [localhost:9092 (id: -1 rack: null isFenced: false)], partitions = [], controller = null)
2026-06-16 13:32:20.226 [kafka-admin-client-thread | notification-service] INFO  o.a.k.c.a.i.AdminMetadataManager trace=,span= - [AdminClient clientId=notification-service] Rebootstrapping with Cluster(id = null, nodes = [localhost:9092 (id: -1 rack: null isFenced: false)], partitions = [], controller = null)
2026-06-16 13:32:20.226 [kafka-admin-client-thread | notification-service] INFO  o.a.k.c.a.i.AdminMetadataManager trace=,span= - [AdminClient clientId=notification-service] Rebootstrapping with Cluster(id = null, nodes = [localhost:9092 (id: -1 rack: null isFenced: false)], partitions = [], controller = null)
2026-06-16 13:32:20.226 [kafka-admin-client-thread | notification-service] INFO  o.a.k.c.a.i.AdminMetadataManager trace=,span= - [AdminClient clientId=notification-service] Rebootstrapping with Cluster(id = null, nodes = [localhost:9092 (id: -1 rack: null isFenced: false)], partitions = [], controller = null)
2026-06-16 13:32:20.226 [kafka-admin-client-thread | notification-service] INFO  o.a.k.c.a.i.AdminMetadataManager trace=,span= - [AdminClient clientId=notification-service] Rebootstrapping with Cluster(id = null, nodes = [localhost:9092 (id: -1 rack: null isFenced: false)], partitions = [], controller = null)
2026-06-16 13:32:20.226 [kafka-admin-client-thread | notification-service] INFO  o.a.k.c.a.i.AdminMetadataManager trace=,span= - [AdminClient clientId=notification-service] Rebootstrapping with Cluster(id = null, nodes = [localhost:9092 (id: -1 rack: null isFenced: false)], partitions = [], controller = null)
2026-06-16 13:32:20.226 [kafka-admin-client-thread | notification-service] INFO  o.a.k.c.a.i.AdminMetadataManager trace=,span= - [AdminClient clientId=notification-service] Rebootstrapping with Cluster(id = null, nodes = [localhost:9092 (id: -1 rack: null isFenced: false)], partitions = [], controller = null)
2026-06-16 13:32:20.226 [kafka-admin-client-thread | notification-service] INFO  o.a.k.c.a.i.AdminMetadataManager trace=,span= - [AdminClient clientId=notification-service] Rebootstrapping with Cluster(id = null, nodes = [localhost:9092 (id: -1 rack: null isFenced: false)], partitions = [], controller = null)
2026-06-16 13:32:20.226 [kafka-admin-client-thread | notification-service] INFO  o.a.k.c.a.i.AdminMetadataManager trace=,span= - [AdminClient clientId=notification-service] Rebootstrapping with Cluster(id = null, nodes = [localhost:9092 (id: -1 rack: null isFenced: false)], partitions = [], controller = null)
2026-06-16 13:32:20.226 [kafka-admin-client-thread | notification-service] INFO  o.a.k.c.a.i.AdminMetadataManager trace=,span= - [AdminClient clientId=notification-service] Rebootstrapping with Cluster(id = null, nodes = [localhost:9092 (id: -1 rack: null isFenced: false)], partitions = [], controller = null)
2026-06-16 13:32:20.226 [kafka-admin-client-thread | notification-service] INFO  o.a.k.c.a.i.AdminMetadataManager trace=,span= - [AdminClient clientId=notification-service] Rebootstrapping with Cluster(id = null, nodes = [localhost:9092 (id: -1 rack: null isFenced: false)], partitions = [], controller = null)
2026-06-16 13:32:20.226 [kafka-admin-client-thread | notification-service] INFO  o.a.k.c.a.i.AdminMetadataManager trace=,span= - [AdminClient clientId=notification-service] Rebootstrapping with Cluster(id = null, nodes = [localhost:9092 (id: -1 rack: null isFenced: false)], partitions = [], controller = null)
2026-06-16 13:32:20.226 [kafka-admin-client-thread | notification-service] INFO  o.a.k.c.a.i.AdminMetadataManager trace=,span= - [AdminClient clientId=notification-service] Rebootstrapping with Cluster(id = null, nodes = [localhost:9092 (id: -1 rack: null isFenced: false)], partitions = [], controller = null)
2026-06-16 13:32:20.226 [kafka-admin-client-thread | notification-service] INFO  o.a.k.c.a.i.AdminMetadataManager trace=,span= - [AdminClient clientId=notification-service] Rebootstrapping with Cluster(id = null, nodes = [localhost:9092 (id: -1 rack: null isFenced: false)], partitions = [], controller = null)
2026-06-16 13:32:20.226 [kafka-admin-client-thread | notification-service] INFO  o.a.k.c.a.i.AdminMetadataManager trace=,span= - [AdminClient clientId=notification-service] Rebootstrapping with Cluster(id = null, nodes = [localhost:9092 (id: -1 rack: null isFenced: false)], partitions = [], controller = null)
2026-06-16 13:32:20.226 [kafka-admin-client-thread | notification-service] INFO  o.a.k.c.a.i.AdminMetadataManager trace=,span= - [AdminClient clientId=notification-service] Rebootstrapping with Cluster(id = null, nodes = [localhost:9092 (id: -1 rack: null isFenced: false)], partitions = [], controller = null)
2026-06-16 13:32:20.226 [kafka-admin-client-thread | notification-service] INFO  o.a.k.c.a.i.AdminMetadataManager trace=,span= - [AdminClient clientId=notification-service] Rebootstrapping with Cluster(id = null, nodes = [localhost:9092 (id: -1 rack: null isFenced: false)], partitions = [], controller = null)
2026-06-16 13:32:20.226 [kafka-admin-client-thread | notification-service] INFO  o.a.k.c.a.i.AdminMetadataManager trace=,span= - [AdminClient clientId=notification-service] Rebootstrapping with Cluster(id = null, nodes = [localhost:9092 (id: -1 rack: null isFenced: false)], partitions = [], controller = null)
2026-06-16 13:32:20.226 [kafka-admin-client-thread | notification-service] INFO  o.a.k.c.a.i.AdminMetadataManager trace=,span= - [AdminClient clientId=notification-service] Rebootstrapping with Cluster(id = null, nodes = [localhost:9092 (id: -1 rack: null isFenced: false)], partitions = [], controller = null)
2026-06-16 13:32:20.226 [kafka-admin-client-thread | notification-service] INFO  o.a.k.c.a.i.AdminMetadataManager trace=,span= - [AdminClient clientId=notification-service] Rebootstrapping with Cluster(id = null, nodes = [localhost:9092 (id: -1 rack: null isFenced: false)], partitions = [], controller = null)
2026-06-16 13:32:20.226 [kafka-admin-client-thread | notification-service] INFO  o.a.k.c.a.i.AdminMetadataManager trace=,span= - [AdminClient clientId=notification-service] Rebootstrapping with Cluster(id = null, nodes = [localhost:9092 (id: -1 rack: null isFenced: false)], partitions = [], controller = null)
2026-06-16 13:32:20.331 [kafka-admin-client-thread | notification-service] INFO  o.apache.kafka.clients.NetworkClient trace=,span= - [AdminClient clientId=notification-service] Node -1 disconnected.
2026-06-16 13:32:20.331 [kafka-admin-client-thread | notification-service] WARN  o.apache.kafka.clients.NetworkClient trace=,span= - [AdminClient clientId=notification-service] Connection to node -1 (localhost/127.0.0.1:9092) could not be established. Node may not be available.
2026-06-16 13:32:20.331 [kafka-admin-client-thread | notification-service] INFO  o.a.k.c.a.i.AdminMetadataManager trace=,span= - [AdminClient clientId=notification-service] Rebootstrapping with Cluster(id = null, nodes = [localhost:9092 (id: -1 rack: null isFenced: false)], partitions = [], controller = null)
2026-06-16 13:32:20.331 [kafka-admin-client-thread | notification-service] INFO  o.a.k.c.a.i.AdminMetadataManager trace=,span= - [AdminClient clientId=notification-service] Rebootstrapping with Cluster(id = null, nodes = [localhost:9092 (id: -1 rack: null isFenced: false)], partitions = [], controller = null)
2026-06-16 13:32:20.331 [kafka-admin-client-thread | notification-service] INFO  o.a.k.c.a.i.AdminMetadataManager trace=,span= - [AdminClient clientId=notification-service] Rebootstrapping with Cluster(id = null, nodes = [localhost:9092 (id: -1 rack: null isFenced: false)], partitions = [], controller = null)
2026-06-16 13:32:20.331 [kafka-admin-client-thread | notification-service] INFO  o.a.k.c.a.i.AdminMetadataManager trace=,span= - [AdminClient clientId=notification-service] Rebootstrapping with Cluster(id = null, nodes = [localhost:9092 (id: -1 rack: null isFenced: false)], partitions = [], controller = null)
2026-06-16 13:32:20.331 [kafka-admin-client-thread | notification-service] INFO  o.a.k.c.a.i.AdminMetadataManager trace=,span= - [AdminClient clientId=notification-service] Rebootstrapping with Cluster(id = null, nodes = [localhost:9092 (id: -1 rack: null isFenced: false)], partitions = [], controller = null)
2026-06-16 13:32:20.331 [kafka-admin-client-thread | notification-service] INFO  o.a.k.c.a.i.AdminMetadataManager trace=,span= - [AdminClient clientId=notification-service] Rebootstrapping with Cluster(id = null, nodes = [localhost:9092 (id: -1 rack: null isFenced: false)], partitions = [], controller = null)
2026-06-16 13:32:20.331 [kafka-admin-client-thread | notification-service] INFO  o.a.k.c.a.i.AdminMetadataManager trace=,span= - [AdminClient clientId=notification-service] Rebootstrapping with Cluster(id = null, nodes = [localhost:9092 (id: -1 rack: null isFenced: false)], partitions = [], controller = null)
2026-06-16 13:32:20.332 [kafka-admin-client-thread | notification-service] INFO  o.a.k.c.a.i.AdminMetadataManager trace=,span= - [AdminClient clientId=notification-service] Rebootstrapping with Cluster(id = null, nodes = [localhost:9092 (id: -1 rack: null isFenced: false)], partitions = [], controller = null)
2026-06-16 13:32:20.332 [kafka-admin-client-thread | notification-service] INFO  o.a.k.c.a.i.AdminMetadataManager trace=,span= - [AdminClient clientId=notification-service] Rebootstrapping with Cluster(id = null, nodes = [localhost:9092 (id: -1 rack: null isFenced: false)], partitions = [], controller = null)
2026-06-16 13:32:20.332 [kafka-admin-client-thread | notification-service] INFO  o.a.k.c.a.i.AdminMetadataManager trace=,span= - [AdminClient clientId=notification-service] Rebootstrapping with Cluster(id = null, nodes = [localhost:9092 (id: -1 rack: null isFenced: false)], partitions = [], controller = null)
2026-06-16 13:32:20.332 [kafka-admin-client-thread | notification-service] INFO  o.a.k.c.a.i.AdminMetadataManager trace=,span= - [AdminClient clientId=notification-service] Rebootstrapping with Cluster(id = null, nodes = [localhost:9092 (id: -1 rack: null isFenced: false)], partitions = [], controller = null)
2026-06-16 13:32:20.332 [kafka-admin-client-thread | notification-service] INFO  o.a.k.c.a.i.AdminMetadataManager trace=,span= - [AdminClient clientId=notification-service] Rebootstrapping with Cluster(id = null, nodes = [localhost:9092 (id: -1 rack: null isFenced: false)], partitions = [], controller = null)
2026-06-16 13:32:20.332 [kafka-admin-client-thread | notification-service] INFO  o.a.k.c.a.i.AdminMetadataManager trace=,span= - [AdminClient clientId=notification-service] Rebootstrapping with Cluster(id = null, nodes = [localhost:9092 (id: -1 rack: null isFenced: false)], partitions = [], controller = null)
2026-06-16 13:32:20.332 [kafka-admin-client-thread | notification-service] INFO  o.a.k.c.a.i.AdminMetadataManager trace=,span= - [AdminClient clientId=notification-service] Rebootstrapping with Cluster(id = null, nodes = [localhost:9092 (id: -1 rack: null isFenced: false)], partitions = [], controller = null)
2026-06-16 13:32:20.332 [kafka-admin-client-thread | notification-service] INFO  o.a.k.c.a.i.AdminMetadataManager trace=,span= - [AdminClient clientId=notification-service] Rebootstrapping with Cluster(id = null, nodes = [localhost:9092 (id: -1 rack: null isFenced: false)], partitions = [], controller = null)
2026-06-16 13:32:20.332 [kafka-admin-client-thread | notification-service] INFO  o.a.k.c.a.i.AdminMetadataManager trace=,span= - [AdminClient clientId=notification-service] Rebootstrapping with Cluster(id = null, nodes = [localhost:9092 (id: -1 rack: null isFenced: false)], partitions = [], controller = null)
2026-06-16 13:32:20.332 [kafka-admin-client-thread | notification-service] INFO  o.a.k.c.a.i.AdminMetadataManager trace=,span= - [AdminClient clientId=notification-service] Rebootstrapping with Cluster(id = null, nodes = [localhost:9092 (id: -1 rack: null isFenced: false)], partitions = [], controller = null)
2026-06-16 13:32:20.332 [kafka-admin-client-thread | notification-service] INFO  o.a.k.c.a.i.AdminMetadataManager trace=,span= - [AdminClient clientId=notification-service] Rebootstrapping with Cluster(id = null, nodes = [localhost:9092 (id: -1 rack: null isFenced: false)], partitions = [], controller = null)
2026-06-16 13:32:20.332 [kafka-admin-client-thread | notification-service] INFO  o.a.k.c.a.i.AdminMetadataManager trace=,span= - [AdminClient clientId=notification-service] Rebootstrapping with Cluster(id = null, nodes = [localhost:9092 (id: -1 rack: null isFenced: false)], partitions = [], controller = null)
2026-06-16 13:32:20.332 [kafka-admin-client-thread | notification-service] INFO  o.a.k.c.a.i.AdminMetadataManager trace=,span= - [AdminClient clientId=notification-service] Rebootstrapping with Cluster(id = null, nodes = [localhost:9092 (id: -1 rack: null isFenced: false)], partitions = [], controller = null)
2026-06-16 13:32:20.332 [kafka-admin-client-thread | notification-service] INFO  o.a.k.c.a.i.AdminMetadataManager trace=,span= - [AdminClient clientId=notification-service] Rebootstrapping with Cluster(id = null, nodes = [localhost:9092 (id: -1 rack: null isFenced: false)], partitions = [], controller = null)
2026-06-16 13:32:20.332 [kafka-admin-client-thread | notification-service] INFO  o.a.k.c.a.i.AdminMetadataManager trace=,span= - [AdminClient clientId=notification-service] Rebootstrapping with Cluster(id = null, nodes = [localhost:9092 (id: -1 rack: null isFenced: false)], partitions = [], controller = null)
2026-06-16 13:32:20.332 [kafka-admin-client-thread | notification-service] INFO  o.a.k.c.a.i.AdminMetadataManager trace=,span= - [AdminClient clientId=notification-service] Rebootstrapping with Cluster(id = null, nodes = [localhost:9092 (id: -1 rack: null isFenced: false)], partitions = [], controller = null)
2026-06-16 13:32:20.332 [kafka-admin-client-thread | notification-service] INFO  o.a.k.c.a.i.AdminMetadataManager trace=,span= - [AdminClient clientId=notification-service] Rebootstrapping with Cluster(id = null, nodes = [localhost:9092 (id: -1 rack: null isFenced: false)], partitions = [], controller = null)
2026-06-16 13:32:20.332 [kafka-admin-client-thread | notification-service] INFO  o.a.k.c.a.i.AdminMetadataManager trace=,span= - [AdminClient clientId=notification-service] Rebootstrapping with Cluster(id = null, nodes = [localhost:9092 (id: -1 rack: null isFenced: false)], partitions = [], controller = null)
2026-06-16 13:32:20.332 [kafka-admin-client-thread | notification-service] INFO  o.a.k.c.a.i.AdminMetadataManager trace=,span= - [AdminClient clientId=notification-service] Rebootstrapping with Cluster(id = null, nodes = [localhost:9092 (id: -1 rack: null isFenced: false)], partitions = [], controller = null)
2026-06-16 13:32:20.332 [kafka-admin-client-thread | notification-service] INFO  o.a.k.c.a.i.AdminMetadataManager trace=,span= - [AdminClient clientId=notification-service] Rebootstrapping with Cluster(id = null, nodes = [localhost:9092 (id: -1 rack: null isFenced: false)], partitions = [], controller = null)
2026-06-16 13:32:20.332 [kafka-admin-client-thread | notification-service] INFO  o.a.k.c.a.i.AdminMetadataManager trace=,span= - [AdminClient clientId=notification-service] Rebootstrapping with Cluster(id = null, nodes = [localhost:9092 (id: -1 rack: null isFenced: false)], partitions = [], controller = null)
2026-06-16 13:32:20.332 [kafka-admin-client-thread | notification-service] INFO  o.a.k.c.a.i.AdminMetadataManager trace=,span= - [AdminClient clientId=notification-service] Rebootstrapping with Cluster(id = null, nodes = [localhost:9092 (id: -1 rack: null isFenced: false)], partitions = [], controller = null)
2026-06-16 13:32:20.332 [kafka-admin-client-thread | notification-service] INFO  o.a.k.c.a.i.AdminMetadataManager trace=,span= - [AdminClient clientId=notification-service] Rebootstrapping with Cluster(id = null, nodes = [localhost:9092 (id: -1 rack: null isFenced: false)], partitions = [], controller = null)
2026-06-16 13:32:20.332 [kafka-admin-client-thread | notification-service] INFO  o.a.k.c.a.i.AdminMetadataManager trace=,span= - [AdminClient clientId=notification-service] Rebootstrapping with Cluster(id = null, nodes = [localhost:9092 (id: -1 rack: null isFenced: false)], partitions = [], controller = null)
2026-06-16 13:32:20.332 [kafka-admin-client-thread | notification-service] INFO  o.a.k.c.a.i.AdminMetadataManager trace=,span= - [AdminClient clientId=notification-service] Rebootstrapping with Cluster(id = null, nodes = [localhost:9092 (id: -1 rack: null isFenced: false)], partitions = [], controller = null)
2026-06-16 13:32:20.332 [kafka-admin-client-thread | notification-service] INFO  o.a.k.c.a.i.AdminMetadataManager trace=,span= - [AdminClient clientId=notification-service] Rebootstrapping with Cluster(id = null, nodes = [localhost:9092 (id: -1 rack: null isFenced: false)], partitions = [], controller = null)
2026-06-16 13:32:20.332 [kafka-admin-client-thread | notification-service] INFO  o.a.k.c.a.i.AdminMetadataManager trace=,span= - [AdminClient clientId=notification-service] Rebootstrapping with Cluster(id = null, nodes = [localhost:9092 (id: -1 rack: null isFenced: false)], partitions = [], controller = null)
2026-06-16 13:32:20.332 [kafka-admin-client-thread | notification-service] INFO  o.a.k.c.a.i.AdminMetadataManager trace=,span= - [AdminClient clientId=notification-service] Rebootstrapping with Cluster(id = null, nodes = [localhost:9092 (id: -1 rack: null isFenced: false)], partitions = [], controller = null)
2026-06-16 13:32:20.332 [kafka-admin-client-thread | notification-service] INFO  o.a.k.c.a.i.AdminMetadataManager trace=,span= - [AdminClient clientId=notification-service] Rebootstrapping with Cluster(id = null, nodes = [localhost:9092 (id: -1 rack: null isFenced: false)], partitions = [], controller = null)
2026-06-16 13:32:20.332 [kafka-admin-client-thread | notification-service] INFO  o.a.k.c.a.i.AdminMetadataManager trace=,span= - [AdminClient clientId=notification-service] Rebootstrapping with Cluster(id = null, nodes = [localhost:9092 (id: -1 rack: null isFenced: false)], partitions = [], controller = null)
2026-06-16 13:32:20.332 [kafka-admin-client-thread | notification-service] INFO  o.a.k.c.a.i.AdminMetadataManager trace=,span= - [AdminClient clientId=notification-service] Rebootstrapping with Cluster(id = null, nodes = [localhost:9092 (id: -1 rack: null isFenced: false)], partitions = [], controller = null)
2026-06-16 13:32:20.332 [kafka-admin-client-thread | notification-service] INFO  o.a.k.c.a.i.AdminMetadataManager trace=,span= - [AdminClient clientId=notification-service] Rebootstrapping with Cluster(id = null, nodes = [localhost:9092 (id: -1 rack: null isFenced: false)], partitions = [], controller = null)
2026-06-16 13:32:20.432 [kafka-admin-client-thread | notification-service] INFO  o.a.k.c.a.i.AdminMetadataManager trace=,span= - [AdminClient clientId=notification-service] Rebootstrapping with Cluster(id = null, nodes = [localhost:9092 (id: -1 rack: null isFenced: false)], partitions = [], controller = null)
2026-06-16 13:32:20.432 [kafka-admin-client-thread | notification-service] INFO  o.a.k.c.a.i.AdminMetadataManager trace=,span= - [AdminClient clientId=notification-service] Rebootstrapping with Cluster(id = null, nodes = [localhost:9092 (id: -1 rack: null isFenced: false)], partitions = [], controller = null)
2026-06-16 13:32:20.432 [kafka-admin-client-thread | notification-service] INFO  o.a.k.c.a.i.AdminMetadataManager trace=,span= - [AdminClient clientId=notification-service] Rebootstrapping with Cluster(id = null, nodes = [localhost:9092 (id: -1 rack: null isFenced: false)], partitions = [], controller = null)
2026-06-16 13:32:20.432 [kafka-admin-client-thread | notification-service] INFO  o.a.k.c.a.i.AdminMetadataManager trace=,span= - [AdminClient clientId=notification-service] Rebootstrapping with Cluster(id = null, nodes = [localhost:9092 (id: -1 rack: null isFenced: false)], partitions = [], controller = null)
2026-06-16 13:32:20.432 [kafka-admin-client-thread | notification-service] INFO  o.a.k.c.a.i.AdminMetadataManager trace=,span= - [AdminClient clientId=notification-service] Rebootstrapping with Cluster(id = null, nodes = [localhost:9092 (id: -1 rack: null isFenced: false)], partitions = [], controller = null)
2026-06-16 13:32:20.432 [kafka-admin-client-thread | notification-service] INFO  o.a.k.c.a.i.AdminMetadataManager trace=,span= - [AdminClient clientId=notification-service] Rebootstrapping with Cluster(id = null, nodes = [localhost:9092 (id: -1 rack: null isFenced: false)], partitions = [], controller = null)
2026-06-16 13:32:20.432 [kafka-admin-client-thread | notification-service] INFO  o.a.k.c.a.i.AdminMetadataManager trace=,span= - [AdminClient clientId=notification-service] Rebootstrapping with Cluster(id = null, nodes = [localhost:9092 (id: -1 rack: null isFenced: false)], partitions = [], controller = null)
2026-06-16 13:32:20.432 [kafka-admin-client-thread | notification-service] INFO  o.a.k.c.a.i.AdminMetadataManager trace=,span= - [AdminClient clientId=notification-service] Rebootstrapping with Cluster(id = null, nodes = [localhost:9092 (id: -1 rack: null isFenced: false)], partitions = [], controller = null)
2026-06-16 13:32:20.432 [kafka-admin-client-thread | notification-service] INFO  o.a.k.c.a.i.AdminMetadataManager trace=,span= - [AdminClient clientId=notification-service] Rebootstrapping with Cluster(id = null, nodes = [localhost:9092 (id: -1 rack: null isFenced: false)], partitions = [], controller = null)
2026-06-16 13:32:20.432 [kafka-admin-client-thread | notification-service] INFO  o.a.k.c.a.i.AdminMetadataManager trace=,span= - [AdminClient clientId=notification-service] Rebootstrapping with Cluster(id = null, nodes = [localhost:9092 (id: -1 rack: null isFenced: false)], partitions = [], controller = null)
2026-06-16 13:32:20.432 [kafka-admin-client-thread | notification-service] INFO  o.a.k.c.a.i.AdminMetadataManager trace=,span= - [AdminClient clientId=notification-service] Rebootstrapping with Cluster(id = null, nodes = [localhost:9092 (id: -1 rack: null isFenced: false)], partitions = [], controller = null)
2026-06-16 13:32:20.432 [kafka-admin-client-thread | notification-service] INFO  o.a.k.c.a.i.AdminMetadataManager trace=,span= - [AdminClient clientId=notification-service] Rebootstrapping with Cluster(id = null, nodes = [localhost:9092 (id: -1 rack: null isFenced: false)], partitions = [], controller = null)
2026-06-16 13:32:20.432 [kafka-admin-client-thread | notification-service] INFO  o.a.k.c.a.i.AdminMetadataManager trace=,span= - [AdminClient clientId=notification-service] Rebootstrapping with Cluster(id = null, nodes = [localhost:9092 (id: -1 rack: null isFenced: false)], partitions = [], controller = null)
2026-06-16 13:32:20.432 [kafka-admin-client-thread | notification-service] INFO  o.a.k.c.a.i.AdminMetadataManager trace=,span= - [AdminClient clientId=notification-service] Rebootstrapping with Cluster(id = null, nodes = [localhost:9092 (id: -1 rack: null isFenced: false)], partitions = [], controller = null)
2026-06-16 13:32:20.432 [kafka-admin-client-thread | notification-service] INFO  o.a.k.c.a.i.AdminMetadataManager trace=,span= - [AdminClient clientId=notification-service] Rebootstrapping with Cluster(id = null, nodes = [localhost:9092 (id: -1 rack: null isFenced: false)], partitions = [], controller = null)
2026-06-16 13:32:20.433 [kafka-admin-client-thread | notification-service] INFO  o.a.k.c.a.i.AdminMetadataManager trace=,span= - [AdminClient clientId=notification-service] Rebootstrapping with Cluster(id = null, nodes = [localhost:9092 (id: -1 rack: null isFenced: false)], partitions = [], controller = null)
2026-06-16 13:32:20.433 [kafka-admin-client-thread | notification-service] INFO  o.a.k.c.a.i.AdminMetadataManager trace=,span= - [AdminClient clientId=notification-service] Rebootstrapping with Cluster(id = null, nodes = [localhost:9092 (id: -1 rack: null isFenced: false)], partitions = [], controller = null)
2026-06-16 13:32:20.433 [kafka-admin-client-thread | notification-service] INFO  o.a.k.c.a.i.AdminMetadataManager trace=,span= - [AdminClient clientId=notification-service] Rebootstrapping with Cluster(id = null, nodes = [localhost:9092 (id: -1 rack: null isFenced: false)], partitions = [], controller = null)
2026-06-16 13:32:20.433 [kafka-admin-client-thread | notification-service] INFO  o.a.k.c.a.i.AdminMetadataManager trace=,span= - [AdminClient clientId=notification-service] Rebootstrapping with Cluster(id = null, nodes = [localhost:9092 (id: -1 rack: null isFenced: false)], partitions = [], controller = null)
2026-06-16 13:32:20.433 [kafka-admin-client-thread | notification-service] INFO  o.a.k.c.a.i.AdminMetadataManager trace=,span= - [AdminClient clientId=notification-service] Rebootstrapping with Cluster(id = null, nodes = [localhost:9092 (id: -1 rack: null isFenced: false)], partitions = [], controller = null)
2026-06-16 13:32:20.433 [kafka-admin-client-thread | notification-service] INFO  o.a.k.c.a.i.AdminMetadataManager trace=,span= - [AdminClient clientId=notification-service] Rebootstrapping with Cluster(id = null, nodes = [localhost:9092 (id: -1 rack: null isFenced: false)], partitions = [], controller = null)
2026-06-16 13:32:20.433 [kafka-admin-client-thread | notification-service] INFO  o.a.k.c.a.i.AdminMetadataManager trace=,span= - [AdminClient clientId=notification-service] Rebootstrapping with Cluster(id = null, nodes = [localhost:9092 (id: -1 rack: null isFenced: false)], partitions = [], controller = null)
2026-06-16 13:32:20.433 [kafka-admin-client-thread | notification-service] INFO  o.a.k.c.a.i.AdminMetadataManager trace=,span= - [AdminClient clientId=notification-service] Rebootstrapping with Cluster(id = null, nodes = [localhost:9092 (id: -1 rack: null isFenced: false)], partitions = [], controller = null)
2026-06-16 13:32:20.433 [kafka-admin-client-thread | notification-service] INFO  o.a.k.c.a.i.AdminMetadataManager trace=,span= - [AdminClient clientId=notification-service] Rebootstrapping with Cluster(id = null, nodes = [localhost:9092 (id: -1 rack: null isFenced: false)], partitions = [], controller = null)
2026-06-16 13:32:20.433 [kafka-admin-client-thread | notification-service] INFO  o.a.k.c.a.i.AdminMetadataManager trace=,span= - [AdminClient clientId=notification-service] Rebootstrapping with Cluster(id = null, nodes = [localhost:9092 (id: -1 rack: null isFenced: false)], partitions = [], controller = null)
2026-06-16 13:32:20.433 [kafka-admin-client-thread | notification-service] INFO  o.a.k.c.a.i.AdminMetadataManager trace=,span= - [AdminClient clientId=notification-service] Rebootstrapping with Cluster(id = null, nodes = [localhost:9092 (id: -1 rack: null isFenced: false)], partitions = [], controller = null)
2026-06-16 13:32:20.433 [kafka-admin-client-thread | notification-service] INFO  o.a.k.c.a.i.AdminMetadataManager trace=,span= - [AdminClient clientId=notification-service] Rebootstrapping with Cluster(id = null, nodes = [localhost:9092 (id: -1 rack: null isFenced: false)], partitions = [], controller = null)
2026-06-16 13:32:20.433 [kafka-admin-client-thread | notification-service] INFO  o.a.k.c.a.i.AdminMetadataManager trace=,span= - [AdminClient clientId=notification-service] Rebootstrapping with Cluster(id = null, nodes = [localhost:9092 (id: -1 rack: null isFenced: false)], partitions = [], controller = null)
2026-06-16 13:32:20.433 [kafka-admin-client-thread | notification-service] INFO  o.a.k.c.a.i.AdminMetadataManager trace=,span= - [AdminClient clientId=notification-service] Rebootstrapping with Cluster(id = null, nodes = [localhost:9092 (id: -1 rack: null isFenced: false)], partitions = [], controller = null)
2026-06-16 13:32:20.433 [kafka-admin-client-thread | notification-service] INFO  o.a.k.c.a.i.AdminMetadataManager trace=,span= - [AdminClient clientId=notification-service] Rebootstrapping with Cluster(id = null, nodes = [localhost:9092 (id: -1 rack: null isFenced: false)], partitions = [], controller = null)
2026-06-16 13:32:20.433 [kafka-admin-client-thread | notification-service] INFO  o.a.k.c.a.i.AdminMetadataManager trace=,span= - [AdminClient clientId=notification-service] Rebootstrapping with Cluster(id = null, nodes = [localhost:9092 (id: -1 rack: null isFenced: false)], partitions = [], controller = null)
2026-06-16 13:32:20.433 [kafka-admin-client-thread | notification-service] INFO  o.a.k.c.a.i.AdminMetadataManager trace=,span= - [AdminClient clientId=notification-service] Rebootstrapping with Cluster(id = null, nodes = [localhost:9092 (id: -1 rack: null isFenced: false)], partitions = [], controller = null)
2026-06-16 13:32:20.433 [kafka-admin-client-thread | notification-service] INFO  o.a.k.c.a.i.AdminMetadataManager trace=,span= - [AdminClient clientId=notification-service] Rebootstrapping with Cluster(id = null, nodes = [localhost:9092 (id: -1 rack: null isFenced: false)], partitions = [], controller = null)
2026-06-16 13:32:20.433 [kafka-admin-client-thread | notification-service] INFO  o.a.k.c.a.i.AdminMetadataManager trace=,span= - [AdminClient clientId=notification-service] Rebootstrapping with Cluster(id = null, nodes = [localhost:9092 (id: -1 rack: null isFenced: false)], partitions = [], controller = null)
2026-06-16 13:32:20.433 [kafka-admin-client-thread | notification-service] INFO  o.a.k.c.a.i.AdminMetadataManager trace=,span= - [AdminClient clientId=notification-service] Rebootstrapping with Cluster(id = null, nodes = [localhost:9092 (id: -1 rack: null isFenced: false)], partitions = [], controller = null)
2026-06-16 13:32:20.433 [kafka-admin-client-thread | notification-service] INFO  o.a.k.c.a.i.AdminMetadataManager trace=,span= - [AdminClient clientId=notification-service] Rebootstrapping with Cluster(id = null, nodes = [localhost:9092 (id: -1 rack: null isFenced: false)], partitions = [], controller = null)
2026-06-16 13:32:20.433 [kafka-admin-client-thread | notification-service] INFO  o.a.k.c.a.i.AdminMetadataManager trace=,span= - [AdminClient clientId=notification-service] Rebootstrapping with Cluster(id = null, nodes = [localhost:9092 (id: -1 rack: null isFenced: false)], partitions = [], controller = null)
2026-06-16 13:32:20.433 [kafka-admin-client-thread | notification-service] INFO  o.a.k.c.a.i.AdminMetadataManager trace=,span= - [AdminClient clientId=notification-service] Rebootstrapping with Cluster(id = null, nodes = [localhost:9092 (id: -1 rack: null isFenced: false)], partitions = [], controller = null)
2026-06-16 13:32:20.433 [kafka-admin-client-thread | notification-service] INFO  o.a.k.c.a.i.AdminMetadataManager trace=,span= - [AdminClient clientId=notification-service] Rebootstrapping with Cluster(id = null, nodes = [localhost:9092 (id: -1 rack: null isFenced: false)], partitions = [], controller = null)
2026-06-16 13:32:20.433 [kafka-admin-client-thread | notification-service] INFO  o.a.k.c.a.i.AdminMetadataManager trace=,span= - [AdminClient clientId=notification-service] Rebootstrapping with Cluster(id = null, nodes = [localhost:9092 (id: -1 rack: null isFenced: false)], partitions = [], controller = null)
2026-06-16 13:32:20.534 [kafka-admin-client-thread | notification-service] INFO  o.a.k.c.a.i.AdminMetadataManager trace=,span= - [AdminClient clientId=notification-service] Rebootstrapping with Cluster(id = null, nodes = [localhost:9092 (id: -1 rack: null isFenced: false)], partitions = [], controller = null)
2026-06-16 13:32:20.535 [kafka-admin-client-thread | notification-service] INFO  o.a.k.c.a.i.AdminMetadataManager trace=,span= - [AdminClient clientId=notification-service] Rebootstrapping with Cluster(id = null, nodes = [localhost:9092 (id: -1 rack: null isFenced: false)], partitions = [], controller = null)
2026-06-16 13:32:20.535 [kafka-admin-client-thread | notification-service] INFO  o.a.k.c.a.i.AdminMetadataManager trace=,span= - [AdminClient clientId=notification-service] Rebootstrapping with Cluster(id = null, nodes = [localhost:9092 (id: -1 rack: null isFenced: false)], partitions = [], controller = null)
2026-06-16 13:32:20.535 [kafka-admin-client-thread | notification-service] INFO  o.a.k.c.a.i.AdminMetadataManager trace=,span= - [AdminClient clientId=notification-service] Rebootstrapping with Cluster(id = null, nodes = [localhost:9092 (id: -1 rack: null isFenced: false)], partitions = [], controller = null)
2026-06-16 13:32:20.535 [kafka-admin-client-thread | notification-service] INFO  o.a.k.c.a.i.AdminMetadataManager trace=,span= - [AdminClient clientId=notification-service] Rebootstrapping with Cluster(id = null, nodes = [localhost:9092 (id: -1 rack: null isFenced: false)], partitions = [], controller = null)
2026-06-16 13:32:20.535 [kafka-admin-client-thread | notification-service] INFO  o.a.k.c.a.i.AdminMetadataManager trace=,span= - [AdminClient clientId=notification-service] Rebootstrapping with Cluster(id = null, nodes = [localhost:9092 (id: -1 rack: null isFenced: false)], partitions = [], controller = null)
2026-06-16 13:32:20.535 [kafka-admin-client-thread | notification-service] INFO  o.a.k.c.a.i.AdminMetadataManager trace=,span= - [AdminClient clientId=notification-service] Rebootstrapping with Cluster(id = null, nodes = [localhost:9092 (id: -1 rack: null isFenced: false)], partitions = [], controller = null)
2026-06-16 13:32:20.535 [kafka-admin-client-thread | notification-service] INFO  o.a.k.c.a.i.AdminMetadataManager trace=,span= - [AdminClient clientId=notification-service] Rebootstrapping with Cluster(id = null, nodes = [localhost:9092 (id: -1 rack: null isFenced: false)], partitions = [], controller = null)
2026-06-16 13:32:20.535 [kafka-admin-client-thread | notification-service] INFO  o.a.k.c.a.i.AdminMetadataManager trace=,span= - [AdminClient clientId=notification-service] Rebootstrapping with Cluster(id = null, nodes = [localhost:9092 (id: -1 rack: null isFenced: false)], partitions = [], controller = null)
2026-06-16 13:32:20.535 [kafka-admin-client-thread | notification-service] INFO  o.a.k.c.a.i.AdminMetadataManager trace=,span= - [AdminClient clientId=notification-service] Rebootstrapping with Cluster(id = null, nodes = [localhost:9092 (id: -1 rack: null isFenced: false)], partitions = [], controller = null)
2026-06-16 13:32:20.535 [kafka-admin-client-thread | notification-service] INFO  o.a.k.c.a.i.AdminMetadataManager trace=,span= - [AdminClient clientId=notification-service] Rebootstrapping with Cluster(id = null, nodes = [localhost:9092 (id: -1 rack: null isFenced: false)], partitions = [], controller = null)
2026-06-16 13:32:20.536 [kafka-admin-client-thread | notification-service] INFO  o.a.k.c.a.i.AdminMetadataManager trace=,span= - [AdminClient clientId=notification-service] Rebootstrapping with Cluster(id = null, nodes = [localhost:9092 (id: -1 rack: null isFenced: false)], partitions = [], controller = null)
2026-06-16 13:32:20.536 [kafka-admin-client-thread | notification-service] INFO  o.a.k.c.a.i.AdminMetadataManager trace=,span= - [AdminClient clientId=notification-service] Rebootstrapping with Cluster(id = null, nodes = [localhost:9092 (id: -1 rack: null isFenced: false)], partitions = [], controller = null)
2026-06-16 13:32:20.536 [kafka-admin-client-thread | notification-service] INFO  o.a.k.c.a.i.AdminMetadataManager trace=,span= - [AdminClient clientId=notification-service] Rebootstrapping with Cluster(id = null, nodes = [localhost:9092 (id: -1 rack: null isFenced: false)], partitions = [], controller = null)
2026-06-16 13:32:20.536 [kafka-admin-client-thread | notification-service] INFO  o.a.k.c.a.i.AdminMetadataManager trace=,span= - [AdminClient clientId=notification-service] Rebootstrapping with Cluster(id = null, nodes = [localhost:9092 (id: -1 rack: null isFenced: false)], partitions = [], controller = null)
2026-06-16 13:32:20.536 [kafka-admin-client-thread | notification-service] INFO  o.a.k.c.a.i.AdminMetadataManager trace=,span= - [AdminClient clientId=notification-service] Rebootstrapping with Cluster(id = null, nodes = [localhost:9092 (id: -1 rack: null isFenced: false)], partitions = [], controller = null)
2026-06-16 13:32:20.536 [kafka-admin-client-thread | notification-service] INFO  o.a.k.c.a.i.AdminMetadataManager trace=,span= - [AdminClient clientId=notification-service] Rebootstrapping with Cluster(id = null, nodes = [localhost:9092 (id: -1 rack: null isFenced: false)], partitions = [], controller = null)
2026-06-16 13:32:20.536 [kafka-admin-client-thread | notification-service] INFO  o.a.k.c.a.i.AdminMetadataManager trace=,span= - [AdminClient clientId=notification-service] Rebootstrapping with Cluster(id = null, nodes = [localhost:9092 (id: -1 rack: null isFenced: false)], partitions = [], controller = null)
2026-06-16 13:32:20.536 [kafka-admin-client-thread | notification-service] INFO  o.a.k.c.a.i.AdminMetadataManager trace=,span= - [AdminClient clientId=notification-service] Rebootstrapping with Cluster(id = null, nodes = [localhost:9092 (id: -1 rack: null isFenced: false)], partitions = [], controller = null)
2026-06-16 13:32:20.536 [kafka-admin-client-thread | notification-service] INFO  o.a.k.c.a.i.AdminMetadataManager trace=,span= - [AdminClient clientId=notification-service] Rebootstrapping with Cluster(id = null, nodes = [localhost:9092 (id: -1 rack: null isFenced: false)], partitions = [], controller = null)
2026-06-16 13:32:20.536 [kafka-admin-client-thread | notification-service] INFO  o.a.k.c.a.i.AdminMetadataManager trace=,span= - [AdminClient clientId=notification-service] Rebootstrapping with Cluster(id = null, nodes = [localhost:9092 (id: -1 rack: null isFenced: false)], partitions = [], controller = null)
2026-06-16 13:32:20.536 [kafka-admin-client-thread | notification-service] INFO  o.a.k.c.a.i.AdminMetadataManager trace=,span= - [AdminClient clientId=notification-service] Rebootstrapping with Cluster(id = null, nodes = [localhost:9092 (id: -1 rack: null isFenced: false)], partitions = [], controller = null)
2026-06-16 13:32:20.536 [kafka-admin-client-thread | notification-service] INFO  o.a.k.c.a.i.AdminMetadataManager trace=,span= - [AdminClient clientId=notification-service] Rebootstrapping with Cluster(id = null, nodes = [localhost:9092 (id: -1 rack: null isFenced: false)], partitions = [], controller = null)
2026-06-16 13:32:20.536 [kafka-admin-client-thread | notification-service] INFO  o.a.k.c.a.i.AdminMetadataManager trace=,span= - [AdminClient clientId=notification-service] Rebootstrapping with Cluster(id = null, nodes = [localhost:9092 (id: -1 rack: null isFenced: false)], partitions = [], controller = null)
2026-06-16 13:32:20.536 [kafka-admin-client-thread | notification-service] INFO  o.a.k.c.a.i.AdminMetadataManager trace=,span= - [AdminClient clientId=notification-service] Rebootstrapping with Cluster(id = null, nodes = [localhost:9092 (id: -1 rack: null isFenced: false)], partitions = [], controller = null)
2026-06-16 13:32:20.536 [kafka-admin-client-thread | notification-service] INFO  o.a.k.c.a.i.AdminMetadataManager trace=,span= - [AdminClient clientId=notification-service] Rebootstrapping with Cluster(id = null, nodes = [localhost:9092 (id: -1 rack: null isFenced: false)], partitions = [], controller = null)
2026-06-16 13:32:20.536 [kafka-admin-client-thread | notification-service] INFO  o.a.k.c.a.i.AdminMetadataManager trace=,span= - [AdminClient clientId=notification-service] Rebootstrapping with Cluster(id = null, nodes = [localhost:9092 (id: -1 rack: null isFenced: false)], partitions = [], controller = null)
2026-06-16 13:32:20.536 [kafka-admin-client-thread | notification-service] INFO  o.a.k.c.a.i.AdminMetadataManager trace=,span= - [AdminClient clientId=notification-service] Rebootstrapping with Cluster(id = null, nodes = [localhost:9092 (id: -1 rack: null isFenced: false)], partitions = [], controller = null)
2026-06-16 13:32:20.536 [kafka-admin-client-thread | notification-service] INFO  o.a.k.c.a.i.AdminMetadataManager trace=,span= - [AdminClient clientId=notification-service] Rebootstrapping with Cluster(id = null, nodes = [localhost:9092 (id: -1 rack: null isFenced: false)], partitions = [], controller = null)
2026-06-16 13:32:20.536 [kafka-admin-client-thread | notification-service] INFO  o.a.k.c.a.i.AdminMetadataManager trace=,span= - [AdminClient clientId=notification-service] Rebootstrapping with Cluster(id = null, nodes = [localhost:9092 (id: -1 rack: null isFenced: false)], partitions = [], controller = null)
2026-06-16 13:32:20.536 [kafka-admin-client-thread | notification-service] INFO  o.a.k.c.a.i.AdminMetadataManager trace=,span= - [AdminClient clientId=notification-service] Rebootstrapping with Cluster(id = null, nodes = [localhost:9092 (id: -1 rack: null isFenced: false)], partitions = [], controller = null)
2026-06-16 13:32:20.536 [kafka-admin-client-thread | notification-service] INFO  o.a.k.c.a.i.AdminMetadataManager trace=,span= - [AdminClient clientId=notification-service] Rebootstrapping with Cluster(id = null, nodes = [localhost:9092 (id: -1 rack: null isFenced: false)], partitions = [], controller = null)
2026-06-16 13:32:20.536 [kafka-admin-client-thread | notification-service] INFO  o.a.k.c.a.i.AdminMetadataManager trace=,span= - [AdminClient clientId=notification-service] Rebootstrapping with Cluster(id = null, nodes = [localhost:9092 (id: -1 rack: null isFenced: false)], partitions = [], controller = null)
2026-06-16 13:32:20.536 [kafka-admin-client-thread | notification-service] INFO  o.a.k.c.a.i.AdminMetadataManager trace=,span= - [AdminClient clientId=notification-service] Rebootstrapping with Cluster(id = null, nodes = [localhost:9092 (id: -1 rack: null isFenced: false)], partitions = [], controller = null)
2026-06-16 13:32:20.536 [kafka-admin-client-thread | notification-service] INFO  o.a.k.c.a.i.AdminMetadataManager trace=,span= - [AdminClient clientId=notification-service] Rebootstrapping with Cluster(id = null, nodes = [localhost:9092 (id: -1 rack: null isFenced: false)], partitions = [], controller = null)
2026-06-16 13:32:20.536 [kafka-admin-client-thread | notification-service] INFO  o.a.k.c.a.i.AdminMetadataManager trace=,span= - [AdminClient clientId=notification-service] Rebootstrapping with Cluster(id = null, nodes = [localhost:9092 (id: -1 rack: null isFenced: false)], partitions = [], controller = null)
2026-06-16 13:32:20.536 [kafka-admin-client-thread | notification-service] INFO  o.a.k.c.a.i.AdminMetadataManager trace=,span= - [AdminClient clientId=notification-service] Rebootstrapping with Cluster(id = null, nodes = [localhost:9092 (id: -1 rack: null isFenced: false)], partitions = [], controller = null)
2026-06-16 13:32:20.537 [kafka-admin-client-thread | notification-service] INFO  o.a.k.c.a.i.AdminMetadataManager trace=,span= - [AdminClient clientId=notification-service] Rebootstrapping with Cluster(id = null, nodes = [localhost:9092 (id: -1 rack: null isFenced: false)], partitions = [], controller = null)
2026-06-16 13:32:20.537 [kafka-admin-client-thread | notification-service] INFO  o.a.k.c.a.i.AdminMetadataManager trace=,span= - [AdminClient clientId=notification-service] Rebootstrapping with Cluster(id = null, nodes = [localhost:9092 (id: -1 rack: null isFenced: false)], partitions = [], controller = null)
2026-06-16 13:32:20.537 [kafka-admin-client-thread | notification-service] INFO  o.a.k.c.a.i.AdminMetadataManager trace=,span= - [AdminClient clientId=notification-service] Rebootstrapping with Cluster(id = null, nodes = [localhost:9092 (id: -1 rack: null isFenced: false)], partitions = [], controller = null)
2026-06-16 13:32:20.537 [kafka-admin-client-thread | notification-service] INFO  o.a.k.c.a.i.AdminMetadataManager trace=,span= - [AdminClient clientId=notification-service] Rebootstrapping with Cluster(id = null, nodes = [localhost:9092 (id: -1 rack: null isFenced: false)], partitions = [], controller = null)
2026-06-16 13:32:20.639 [kafka-admin-client-thread | notification-service] INFO  o.a.k.c.a.i.AdminMetadataManager trace=,span= - [AdminClient clientId=notification-service] Rebootstrapping with Cluster(id = null, nodes = [localhost:9092 (id: -1 rack: null isFenced: false)], partitions = [], controller = null)
2026-06-16 13:32:20.644 [kafka-admin-client-thread | notification-service] INFO  o.a.k.c.a.i.AdminMetadataManager trace=,span= - [AdminClient clientId=notification-service] Rebootstrapping with Cluster(id = null, nodes = [localhost:9092 (id: -1 rack: null isFenced: false)], partitions = [], controller = null)
2026-06-16 13:32:20.645 [kafka-admin-client-thread | notification-service] INFO  o.a.k.c.a.i.AdminMetadataManager trace=,span= - [AdminClient clientId=notification-service] Rebootstrapping with Cluster(id = null, nodes = [localhost:9092 (id: -1 rack: null isFenced: false)], partitions = [], controller = null)
2026-06-16 13:32:20.645 [kafka-admin-client-thread | notification-service] INFO  o.a.k.c.a.i.AdminMetadataManager trace=,span= - [AdminClient clientId=notification-service] Rebootstrapping with Cluster(id = null, nodes = [localhost:9092 (id: -1 rack: null isFenced: false)], partitions = [], controller = null)
2026-06-16 13:32:20.645 [kafka-admin-client-thread | notification-service] INFO  o.a.k.c.a.i.AdminMetadataManager trace=,span= - [AdminClient clientId=notification-service] Rebootstrapping with Cluster(id = null, nodes = [localhost:9092 (id: -1 rack: null isFenced: false)], partitions = [], controller = null)
2026-06-16 13:32:20.645 [kafka-admin-client-thread | notification-service] INFO  o.a.k.c.a.i.AdminMetadataManager trace=,span= - [AdminClient clientId=notification-service] Rebootstrapping with Cluster(id = null, nodes = [localhost:9092 (id: -1 rack: null isFenced: false)], partitions = [], controller = null)
2026-06-16 13:32:20.645 [kafka-admin-client-thread | notification-service] INFO  o.a.k.c.a.i.AdminMetadataManager trace=,span= - [AdminClient clientId=notification-service] Rebootstrapping with Cluster(id = null, nodes = [localhost:9092 (id: -1 rack: null isFenced: false)], partitions = [], controller = null)
2026-06-16 13:32:20.645 [kafka-admin-client-thread | notification-service] INFO  o.a.k.c.a.i.AdminMetadataManager trace=,span= - [AdminClient clientId=notification-service] Rebootstrapping with Cluster(id = null, nodes = [localhost:9092 (id: -1 rack: null isFenced: false)], partitions = [], controller = null)
2026-06-16 13:32:20.645 [kafka-admin-client-thread | notification-service] INFO  o.a.k.c.a.i.AdminMetadataManager trace=,span= - [AdminClient clientId=notification-service] Rebootstrapping with Cluster(id = null, nodes = [localhost:9092 (id: -1 rack: null isFenced: false)], partitions = [], controller = null)
2026-06-16 13:32:20.645 [kafka-admin-client-thread | notification-service] INFO  o.a.k.c.a.i.AdminMetadataManager trace=,span= - [AdminClient clientId=notification-service] Rebootstrapping with Cluster(id = null, nodes = [localhost:9092 (id: -1 rack: null isFenced: false)], partitions = [], controller = null)
2026-06-16 13:32:20.645 [kafka-admin-client-thread | notification-service] INFO  o.a.k.c.a.i.AdminMetadataManager trace=,span= - [AdminClient clientId=notification-service] Rebootstrapping with Cluster(id = null, nodes = [localhost:9092 (id: -1 rack: null isFenced: false)], partitions = [], controller = null)
2026-06-16 13:32:20.645 [kafka-admin-client-thread | notification-service] INFO  o.a.k.c.a.i.AdminMetadataManager trace=,span= - [AdminClient clientId=notification-service] Rebootstrapping with Cluster(id = null, nodes = [localhost:9092 (id: -1 rack: null isFenced: false)], partitions = [], controller = null)
2026-06-16 13:32:20.645 [kafka-admin-client-thread | notification-service] INFO  o.a.k.c.a.i.AdminMetadataManager trace=,span= - [AdminClient clientId=notification-service] Rebootstrapping with Cluster(id = null, nodes = [localhost:9092 (id: -1 rack: null isFenced: false)], partitions = [], controller = null)
2026-06-16 13:32:20.645 [kafka-admin-client-thread | notification-service] INFO  o.a.k.c.a.i.AdminMetadataManager trace=,span= - [AdminClient clientId=notification-service] Rebootstrapping with Cluster(id = null, nodes = [localhost:9092 (id: -1 rack: null isFenced: false)], partitions = [], controller = null)
2026-06-16 13:32:20.645 [kafka-admin-client-thread | notification-service] INFO  o.a.k.c.a.i.AdminMetadataManager trace=,span= - [AdminClient clientId=notification-service] Rebootstrapping with Cluster(id = null, nodes = [localhost:9092 (id: -1 rack: null isFenced: false)], partitions = [], controller = null)
2026-06-16 13:32:20.645 [kafka-admin-client-thread | notification-service] INFO  o.a.k.c.a.i.AdminMetadataManager trace=,span= - [AdminClient clientId=notification-service] Rebootstrapping with Cluster(id = null, nodes = [localhost:9092 (id: -1 rack: null isFenced: false)], partitions = [], controller = null)
2026-06-16 13:32:20.645 [kafka-admin-client-thread | notification-service] INFO  o.a.k.c.a.i.AdminMetadataManager trace=,span= - [AdminClient clientId=notification-service] Rebootstrapping with Cluster(id = null, nodes = [localhost:9092 (id: -1 rack: null isFenced: false)], partitions = [], controller = null)
2026-06-16 13:32:20.645 [kafka-admin-client-thread | notification-service] INFO  o.a.k.c.a.i.AdminMetadataManager trace=,span= - [AdminClient clientId=notification-service] Rebootstrapping with Cluster(id = null, nodes = [localhost:9092 (id: -1 rack: null isFenced: false)], partitions = [], controller = null)
2026-06-16 13:32:20.645 [kafka-admin-client-thread | notification-service] INFO  o.a.k.c.a.i.AdminMetadataManager trace=,span= - [AdminClient clientId=notification-service] Rebootstrapping with Cluster(id = null, nodes = [localhost:9092 (id: -1 rack: null isFenced: false)], partitions = [], controller = null)
2026-06-16 13:32:20.645 [kafka-admin-client-thread | notification-service] INFO  o.a.k.c.a.i.AdminMetadataManager trace=,span= - [AdminClient clientId=notification-service] Rebootstrapping with Cluster(id = null, nodes = [localhost:9092 (id: -1 rack: null isFenced: false)], partitions = [], controller = null)
2026-06-16 13:32:20.645 [kafka-admin-client-thread | notification-service] INFO  o.a.k.c.a.i.AdminMetadataManager trace=,span= - [AdminClient clientId=notification-service] Rebootstrapping with Cluster(id = null, nodes = [localhost:9092 (id: -1 rack: null isFenced: false)], partitions = [], controller = null)
2026-06-16 13:32:20.645 [kafka-admin-client-thread | notification-service] INFO  o.a.k.c.a.i.AdminMetadataManager trace=,span= - [AdminClient clientId=notification-service] Rebootstrapping with Cluster(id = null, nodes = [localhost:9092 (id: -1 rack: null isFenced: false)], partitions = [], controller = null)
2026-06-16 13:32:20.645 [kafka-admin-client-thread | notification-service] INFO  o.a.k.c.a.i.AdminMetadataManager trace=,span= - [AdminClient clientId=notification-service] Rebootstrapping with Cluster(id = null, nodes = [localhost:9092 (id: -1 rack: null isFenced: false)], partitions = [], controller = null)
2026-06-16 13:32:20.645 [kafka-admin-client-thread | notification-service] INFO  o.a.k.c.a.i.AdminMetadataManager trace=,span= - [AdminClient clientId=notification-service] Rebootstrapping with Cluster(id = null, nodes = [localhost:9092 (id: -1 rack: null isFenced: false)], partitions = [], controller = null)
2026-06-16 13:32:20.645 [kafka-admin-client-thread | notification-service] INFO  o.a.k.c.a.i.AdminMetadataManager trace=,span= - [AdminClient clientId=notification-service] Rebootstrapping with Cluster(id = null, nodes = [localhost:9092 (id: -1 rack: null isFenced: false)], partitions = [], controller = null)
2026-06-16 13:32:20.645 [kafka-admin-client-thread | notification-service] INFO  o.a.k.c.a.i.AdminMetadataManager trace=,span= - [AdminClient clientId=notification-service] Rebootstrapping with Cluster(id = null, nodes = [localhost:9092 (id: -1 rack: null isFenced: false)], partitions = [], controller = null)
2026-06-16 13:32:20.645 [kafka-admin-client-thread | notification-service] INFO  o.a.k.c.a.i.AdminMetadataManager trace=,span= - [AdminClient clientId=notification-service] Rebootstrapping with Cluster(id = null, nodes = [localhost:9092 (id: -1 rack: null isFenced: false)], partitions = [], controller = null)
2026-06-16 13:32:20.645 [kafka-admin-client-thread | notification-service] INFO  o.a.k.c.a.i.AdminMetadataManager trace=,span= - [AdminClient clientId=notification-service] Rebootstrapping with Cluster(id = null, nodes = [localhost:9092 (id: -1 rack: null isFenced: false)], partitions = [], controller = null)
2026-06-16 13:32:20.645 [kafka-admin-client-thread | notification-service] INFO  o.a.k.c.a.i.AdminMetadataManager trace=,span= - [AdminClient clientId=notification-service] Rebootstrapping with Cluster(id = null, nodes = [localhost:9092 (id: -1 rack: null isFenced: false)], partitions = [], controller = null)
2026-06-16 13:32:20.645 [kafka-admin-client-thread | notification-service] INFO  o.a.k.c.a.i.AdminMetadataManager trace=,span= - [AdminClient clientId=notification-service] Rebootstrapping with Cluster(id = null, nodes = [localhost:9092 (id: -1 rack: null isFenced: false)], partitions = [], controller = null)
2026-06-16 13:32:20.645 [kafka-admin-client-thread | notification-service] INFO  o.a.k.c.a.i.AdminMetadataManager trace=,span= - [AdminClient clientId=notification-service] Rebootstrapping with Cluster(id = null, nodes = [localhost:9092 (id: -1 rack: null isFenced: false)], partitions = [], controller = null)
2026-06-16 13:32:20.645 [kafka-admin-client-thread | notification-service] INFO  o.a.k.c.a.i.AdminMetadataManager trace=,span= - [AdminClient clientId=notification-service] Rebootstrapping with Cluster(id = null, nodes = [localhost:9092 (id: -1 rack: null isFenced: false)], partitions = [], controller = null)
2026-06-16 13:32:20.645 [kafka-admin-client-thread | notification-service] INFO  o.a.k.c.a.i.AdminMetadataManager trace=,span= - [AdminClient clientId=notification-service] Rebootstrapping with Cluster(id = null, nodes = [localhost:9092 (id: -1 rack: null isFenced: false)], partitions = [], controller = null)
2026-06-16 13:32:20.645 [kafka-admin-client-thread | notification-service] INFO  o.a.k.c.a.i.AdminMetadataManager trace=,span= - [AdminClient clientId=notification-service] Rebootstrapping with Cluster(id = null, nodes = [localhost:9092 (id: -1 rack: null isFenced: false)], partitions = [], controller = null)
2026-06-16 13:32:20.645 [kafka-admin-client-thread | notification-service] INFO  o.a.k.c.a.i.AdminMetadataManager trace=,span= - [AdminClient clientId=notification-service] Rebootstrapping with Cluster(id = null, nodes = [localhost:9092 (id: -1 rack: null isFenced: false)], partitions = [], controller = null)
2026-06-16 13:32:20.645 [kafka-admin-client-thread | notification-service] INFO  o.a.k.c.a.i.AdminMetadataManager trace=,span= - [AdminClient clientId=notification-service] Rebootstrapping with Cluster(id = null, nodes = [localhost:9092 (id: -1 rack: null isFenced: false)], partitions = [], controller = null)
2026-06-16 13:32:20.645 [kafka-admin-client-thread | notification-service] INFO  o.a.k.c.a.i.AdminMetadataManager trace=,span= - [AdminClient clientId=notification-service] Rebootstrapping with Cluster(id = null, nodes = [localhost:9092 (id: -1 rack: null isFenced: false)], partitions = [], controller = null)
2026-06-16 13:32:20.645 [kafka-admin-client-thread | notification-service] INFO  o.a.k.c.a.i.AdminMetadataManager trace=,span= - [AdminClient clientId=notification-service] Rebootstrapping with Cluster(id = null, nodes = [localhost:9092 (id: -1 rack: null isFenced: false)], partitions = [], controller = null)
2026-06-16 13:32:20.645 [kafka-admin-client-thread | notification-service] INFO  o.a.k.c.a.i.AdminMetadataManager trace=,span= - [AdminClient clientId=notification-service] Rebootstrapping with Cluster(id = null, nodes = [localhost:9092 (id: -1 rack: null isFenced: false)], partitions = [], controller = null)
2026-06-16 13:32:20.645 [kafka-admin-client-thread | notification-service] INFO  o.a.k.c.a.i.AdminMetadataManager trace=,span= - [AdminClient clientId=notification-service] Rebootstrapping with Cluster(id = null, nodes = [localhost:9092 (id: -1 rack: null isFenced: false)], partitions = [], controller = null)
2026-06-16 13:32:20.645 [kafka-admin-client-thread | notification-service] INFO  o.a.k.c.a.i.AdminMetadataManager trace=,span= - [AdminClient clientId=notification-service] Rebootstrapping with Cluster(id = null, nodes = [localhost:9092 (id: -1 rack: null isFenced: false)], partitions = [], controller = null)
2026-06-16 13:32:20.645 [kafka-admin-client-thread | notification-service] INFO  o.a.k.c.a.i.AdminMetadataManager trace=,span= - [AdminClient clientId=notification-service] Rebootstrapping with Cluster(id = null, nodes = [localhost:9092 (id: -1 rack: null isFenced: false)], partitions = [], controller = null)
2026-06-16 13:32:20.747 [kafka-admin-client-thread | notification-service] INFO  o.a.k.c.a.i.AdminMetadataManager trace=,span= - [AdminClient clientId=notification-service] Rebootstrapping with Cluster(id = null, nodes = [localhost:9092 (id: -1 rack: null isFenced: false)], partitions = [], controller = null)
2026-06-16 13:32:20.747 [kafka-admin-client-thread | notification-service] INFO  o.a.k.c.a.i.AdminMetadataManager trace=,span= - [AdminClient clientId=notification-service] Rebootstrapping with Cluster(id = null, nodes = [localhost:9092 (id: -1 rack: null isFenced: false)], partitions = [], controller = null)
2026-06-16 13:32:20.747 [kafka-admin-client-thread | notification-service] INFO  o.a.k.c.a.i.AdminMetadataManager trace=,span= - [AdminClient clientId=notification-service] Rebootstrapping with Cluster(id = null, nodes = [localhost:9092 (id: -1 rack: null isFenced: false)], partitions = [], controller = null)
2026-06-16 13:32:20.747 [kafka-admin-client-thread | notification-service] INFO  o.a.k.c.a.i.AdminMetadataManager trace=,span= - [AdminClient clientId=notification-service] Rebootstrapping with Cluster(id = null, nodes = [localhost:9092 (id: -1 rack: null isFenced: false)], partitions = [], controller = null)
2026-06-16 13:32:20.747 [kafka-admin-client-thread | notification-service] INFO  o.a.k.c.a.i.AdminMetadataManager trace=,span= - [AdminClient clientId=notification-service] Rebootstrapping with Cluster(id = null, nodes = [localhost:9092 (id: -1 rack: null isFenced: false)], partitions = [], controller = null)
2026-06-16 13:32:20.747 [kafka-admin-client-thread | notification-service] INFO  o.a.k.c.a.i.AdminMetadataManager trace=,span= - [AdminClient clientId=notification-service] Rebootstrapping with Cluster(id = null, nodes = [localhost:9092 (id: -1 rack: null isFenced: false)], partitions = [], controller = null)
2026-06-16 13:32:20.747 [kafka-admin-client-thread | notification-service] INFO  o.a.k.c.a.i.AdminMetadataManager trace=,span= - [AdminClient clientId=notification-service] Rebootstrapping with Cluster(id = null, nodes = [localhost:9092 (id: -1 rack: null isFenced: false)], partitions = [], controller = null)
2026-06-16 13:32:20.747 [kafka-admin-client-thread | notification-service] INFO  o.a.k.c.a.i.AdminMetadataManager trace=,span= - [AdminClient clientId=notification-service] Rebootstrapping with Cluster(id = null, nodes = [localhost:9092 (id: -1 rack: null isFenced: false)], partitions = [], controller = null)
2026-06-16 13:32:20.747 [kafka-admin-client-thread | notification-service] INFO  o.a.k.c.a.i.AdminMetadataManager trace=,span= - [AdminClient clientId=notification-service] Rebootstrapping with Cluster(id = null, nodes = [localhost:9092 (id: -1 rack: null isFenced: false)], partitions = [], controller = null)
2026-06-16 13:32:20.747 [kafka-admin-client-thread | notification-service] INFO  o.a.k.c.a.i.AdminMetadataManager trace=,span= - [AdminClient clientId=notification-service] Rebootstrapping with Cluster(id = null, nodes = [localhost:9092 (id: -1 rack: null isFenced: false)], partitions = [], controller = null)
2026-06-16 13:32:20.747 [kafka-admin-client-thread | notification-service] INFO  o.a.k.c.a.i.AdminMetadataManager trace=,span= - [AdminClient clientId=notification-service] Rebootstrapping with Cluster(id = null, nodes = [localhost:9092 (id: -1 rack: null isFenced: false)], partitions = [], controller = null)
2026-06-16 13:32:20.747 [kafka-admin-client-thread | notification-service] INFO  o.a.k.c.a.i.AdminMetadataManager trace=,span= - [AdminClient clientId=notification-service] Rebootstrapping with Cluster(id = null, nodes = [localhost:9092 (id: -1 rack: null isFenced: false)], partitions = [], controller = null)
2026-06-16 13:32:20.747 [kafka-admin-client-thread | notification-service] INFO  o.a.k.c.a.i.AdminMetadataManager trace=,span= - [AdminClient clientId=notification-service] Rebootstrapping with Cluster(id = null, nodes = [localhost:9092 (id: -1 rack: null isFenced: false)], partitions = [], controller = null)
2026-06-16 13:32:20.747 [kafka-admin-client-thread | notification-service] INFO  o.a.k.c.a.i.AdminMetadataManager trace=,span= - [AdminClient clientId=notification-service] Rebootstrapping with Cluster(id = null, nodes = [localhost:9092 (id: -1 rack: null isFenced: false)], partitions = [], controller = null)
2026-06-16 13:32:20.748 [kafka-admin-client-thread | notification-service] INFO  o.a.k.c.a.i.AdminMetadataManager trace=,span= - [AdminClient clientId=notification-service] Rebootstrapping with Cluster(id = null, nodes = [localhost:9092 (id: -1 rack: null isFenced: false)], partitions = [], controller = null)
2026-06-16 13:32:20.748 [kafka-admin-client-thread | notification-service] INFO  o.a.k.c.a.i.AdminMetadataManager trace=,span= - [AdminClient clientId=notification-service] Rebootstrapping with Cluster(id = null, nodes = [localhost:9092 (id: -1 rack: null isFenced: false)], partitions = [], controller = null)
2026-06-16 13:32:20.748 [kafka-admin-client-thread | notification-service] INFO  o.a.k.c.a.i.AdminMetadataManager trace=,span= - [AdminClient clientId=notification-service] Rebootstrapping with Cluster(id = null, nodes = [localhost:9092 (id: -1 rack: null isFenced: false)], partitions = [], controller = null)
2026-06-16 13:32:20.748 [kafka-admin-client-thread | notification-service] INFO  o.a.k.c.a.i.AdminMetadataManager trace=,span= - [AdminClient clientId=notification-service] Rebootstrapping with Cluster(id = null, nodes = [localhost:9092 (id: -1 rack: null isFenced: false)], partitions = [], controller = null)
2026-06-16 13:32:20.748 [kafka-admin-client-thread | notification-service] INFO  o.a.k.c.a.i.AdminMetadataManager trace=,span= - [AdminClient clientId=notification-service] Rebootstrapping with Cluster(id = null, nodes = [localhost:9092 (id: -1 rack: null isFenced: false)], partitions = [], controller = null)
2026-06-16 13:32:20.748 [kafka-admin-client-thread | notification-service] INFO  o.a.k.c.a.i.AdminMetadataManager trace=,span= - [AdminClient clientId=notification-service] Rebootstrapping with Cluster(id = null, nodes = [localhost:9092 (id: -1 rack: null isFenced: false)], partitions = [], controller = null)
2026-06-16 13:32:20.748 [kafka-admin-client-thread | notification-service] INFO  o.a.k.c.a.i.AdminMetadataManager trace=,span= - [AdminClient clientId=notification-service] Rebootstrapping with Cluster(id = null, nodes = [localhost:9092 (id: -1 rack: null isFenced: false)], partitions = [], controller = null)
2026-06-16 13:32:20.748 [kafka-admin-client-thread | notification-service] INFO  o.a.k.c.a.i.AdminMetadataManager trace=,span= - [AdminClient clientId=notification-service] Rebootstrapping with Cluster(id = null, nodes = [localhost:9092 (id: -1 rack: null isFenced: false)], partitions = [], controller = null)
2026-06-16 13:32:20.748 [kafka-admin-client-thread | notification-service] INFO  o.a.k.c.a.i.AdminMetadataManager trace=,span= - [AdminClient clientId=notification-service] Rebootstrapping with Cluster(id = null, nodes = [localhost:9092 (id: -1 rack: null isFenced: false)], partitions = [], controller = null)
2026-06-16 13:32:20.748 [kafka-admin-client-thread | notification-service] INFO  o.a.k.c.a.i.AdminMetadataManager trace=,span= - [AdminClient clientId=notification-service] Rebootstrapping with Cluster(id = null, nodes = [localhost:9092 (id: -1 rack: null isFenced: false)], partitions = [], controller = null)
2026-06-16 13:32:20.748 [kafka-admin-client-thread | notification-service] INFO  o.a.k.c.a.i.AdminMetadataManager trace=,span= - [AdminClient clientId=notification-service] Rebootstrapping with Cluster(id = null, nodes = [localhost:9092 (id: -1 rack: null isFenced: false)], partitions = [], controller = null)
2026-06-16 13:32:20.748 [kafka-admin-client-thread | notification-service] INFO  o.a.k.c.a.i.AdminMetadataManager trace=,span= - [AdminClient clientId=notification-service] Rebootstrapping with Cluster(id = null, nodes = [localhost:9092 (id: -1 rack: null isFenced: false)], partitions = [], controller = null)
2026-06-16 13:32:20.748 [kafka-admin-client-thread | notification-service] INFO  o.a.k.c.a.i.AdminMetadataManager trace=,span= - [AdminClient clientId=notification-service] Rebootstrapping with Cluster(id = null, nodes = [localhost:9092 (id: -1 rack: null isFenced: false)], partitions = [], controller = null)
2026-06-16 13:32:20.748 [kafka-admin-client-thread | notification-service] INFO  o.a.k.c.a.i.AdminMetadataManager trace=,span= - [AdminClient clientId=notification-service] Rebootstrapping with Cluster(id = null, nodes = [localhost:9092 (id: -1 rack: null isFenced: false)], partitions = [], controller = null)
2026-06-16 13:32:20.748 [kafka-admin-client-thread | notification-service] INFO  o.a.k.c.a.i.AdminMetadataManager trace=,span= - [AdminClient clientId=notification-service] Rebootstrapping with Cluster(id = null, nodes = [localhost:9092 (id: -1 rack: null isFenced: false)], partitions = [], controller = null)
2026-06-16 13:32:20.748 [kafka-admin-client-thread | notification-service] INFO  o.a.k.c.a.i.AdminMetadataManager trace=,span= - [AdminClient clientId=notification-service] Rebootstrapping with Cluster(id = null, nodes = [localhost:9092 (id: -1 rack: null isFenced: false)], partitions = [], controller = null)
2026-06-16 13:32:20.748 [kafka-admin-client-thread | notification-service] INFO  o.a.k.c.a.i.AdminMetadataManager trace=,span= - [AdminClient clientId=notification-service] Rebootstrapping with Cluster(id = null, nodes = [localhost:9092 (id: -1 rack: null isFenced: false)], partitions = [], controller = null)
2026-06-16 13:32:20.748 [kafka-admin-client-thread | notification-service] INFO  o.a.k.c.a.i.AdminMetadataManager trace=,span= - [AdminClient clientId=notification-service] Rebootstrapping with Cluster(id = null, nodes = [localhost:9092 (id: -1 rack: null isFenced: false)], partitions = [], controller = null)
2026-06-16 13:32:20.748 [kafka-admin-client-thread | notification-service] INFO  o.a.k.c.a.i.AdminMetadataManager trace=,span= - [AdminClient clientId=notification-service] Rebootstrapping with Cluster(id = null, nodes = [localhost:9092 (id: -1 rack: null isFenced: false)], partitions = [], controller = null)
2026-06-16 13:32:20.748 [kafka-admin-client-thread | notification-service] INFO  o.a.k.c.a.i.AdminMetadataManager trace=,span= - [AdminClient clientId=notification-service] Rebootstrapping with Cluster(id = null, nodes = [localhost:9092 (id: -1 rack: null isFenced: false)], partitions = [], controller = null)
2026-06-16 13:32:20.748 [kafka-admin-client-thread | notification-service] INFO  o.a.k.c.a.i.AdminMetadataManager trace=,span= - [AdminClient clientId=notification-service] Rebootstrapping with Cluster(id = null, nodes = [localhost:9092 (id: -1 rack: null isFenced: false)], partitions = [], controller = null)
2026-06-16 13:32:20.748 [kafka-admin-client-thread | notification-service] INFO  o.a.k.c.a.i.AdminMetadataManager trace=,span= - [AdminClient clientId=notification-service] Rebootstrapping with Cluster(id = null, nodes = [localhost:9092 (id: -1 rack: null isFenced: false)], partitions = [], controller = null)
2026-06-16 13:32:20.748 [kafka-admin-client-thread | notification-service] INFO  o.a.k.c.a.i.AdminMetadataManager trace=,span= - [AdminClient clientId=notification-service] Rebootstrapping with Cluster(id = null, nodes = [localhost:9092 (id: -1 rack: null isFenced: false)], partitions = [], controller = null)
2026-06-16 13:32:20.748 [kafka-admin-client-thread | notification-service] INFO  o.a.k.c.a.i.AdminMetadataManager trace=,span= - [AdminClient clientId=notification-service] Rebootstrapping with Cluster(id = null, nodes = [localhost:9092 (id: -1 rack: null isFenced: false)], partitions = [], controller = null)
2026-06-16 13:32:20.748 [kafka-admin-client-thread | notification-service] INFO  o.a.k.c.a.i.AdminMetadataManager trace=,span= - [AdminClient clientId=notification-service] Rebootstrapping with Cluster(id = null, nodes = [localhost:9092 (id: -1 rack: null isFenced: false)], partitions = [], controller = null)
2026-06-16 13:32:20.748 [kafka-admin-client-thread | notification-service] INFO  o.a.k.c.a.i.AdminMetadataManager trace=,span= - [AdminClient clientId=notification-service] Rebootstrapping with Cluster(id = null, nodes = [localhost:9092 (id: -1 rack: null isFenced: false)], partitions = [], controller = null)
2026-06-16 13:32:20.748 [kafka-admin-client-thread | notification-service] INFO  o.a.k.c.a.i.AdminMetadataManager trace=,span= - [AdminClient clientId=notification-service] Rebootstrapping with Cluster(id = null, nodes = [localhost:9092 (id: -1 rack: null isFenced: false)], partitions = [], controller = null)
2026-06-16 13:32:20.748 [kafka-admin-client-thread | notification-service] INFO  o.a.k.c.a.i.AdminMetadataManager trace=,span= - [AdminClient clientId=notification-service] Rebootstrapping with Cluster(id = null, nodes = [localhost:9092 (id: -1 rack: null isFenced: false)], partitions = [], controller = null)
2026-06-16 13:32:20.748 [kafka-admin-client-thread | notification-service] INFO  o.a.k.c.a.i.AdminMetadataManager trace=,span= - [AdminClient clientId=notification-service] Rebootstrapping with Cluster(id = null, nodes = [localhost:9092 (id: -1 rack: null isFenced: false)], partitions = [], controller = null)
2026-06-16 13:32:20.850 [kafka-admin-client-thread | notification-service] INFO  o.a.k.c.a.i.AdminMetadataManager trace=,span= - [AdminClient clientId=notification-service] Rebootstrapping with Cluster(id = null, nodes = [localhost:9092 (id: -1 rack: null isFenced: false)], partitions = [], controller = null)
2026-06-16 13:32:20.851 [kafka-admin-client-thread | notification-service] INFO  o.a.k.c.a.i.AdminMetadataManager trace=,span= - [AdminClient clientId=notification-service] Rebootstrapping with Cluster(id = null, nodes = [localhost:9092 (id: -1 rack: null isFenced: false)], partitions = [], controller = null)
2026-06-16 13:32:20.851 [kafka-admin-client-thread | notification-service] INFO  o.a.k.c.a.i.AdminMetadataManager trace=,span= - [AdminClient clientId=notification-service] Rebootstrapping with Cluster(id = null, nodes = [localhost:9092 (id: -1 rack: null isFenced: false)], partitions = [], controller = null)
2026-06-16 13:32:20.851 [kafka-admin-client-thread | notification-service] INFO  o.a.k.c.a.i.AdminMetadataManager trace=,span= - [AdminClient clientId=notification-service] Rebootstrapping with Cluster(id = null, nodes = [localhost:9092 (id: -1 rack: null isFenced: false)], partitions = [], controller = null)
2026-06-16 13:32:20.851 [kafka-admin-client-thread | notification-service] INFO  o.a.k.c.a.i.AdminMetadataManager trace=,span= - [AdminClient clientId=notification-service] Rebootstrapping with Cluster(id = null, nodes = [localhost:9092 (id: -1 rack: null isFenced: false)], partitions = [], controller = null)
2026-06-16 13:32:20.851 [kafka-admin-client-thread | notification-service] INFO  o.a.k.c.a.i.AdminMetadataManager trace=,span= - [AdminClient clientId=notification-service] Rebootstrapping with Cluster(id = null, nodes = [localhost:9092 (id: -1 rack: null isFenced: false)], partitions = [], controller = null)
2026-06-16 13:32:20.851 [kafka-admin-client-thread | notification-service] INFO  o.a.k.c.a.i.AdminMetadataManager trace=,span= - [AdminClient clientId=notification-service] Rebootstrapping with Cluster(id = null, nodes = [localhost:9092 (id: -1 rack: null isFenced: false)], partitions = [], controller = null)
2026-06-16 13:32:20.852 [kafka-admin-client-thread | notification-service] INFO  o.a.k.c.a.i.AdminMetadataManager trace=,span= - [AdminClient clientId=notification-service] Rebootstrapping with Cluster(id = null, nodes = [localhost:9092 (id: -1 rack: null isFenced: false)], partitions = [], controller = null)
2026-06-16 13:32:20.852 [kafka-admin-client-thread | notification-service] INFO  o.a.k.c.a.i.AdminMetadataManager trace=,span= - [AdminClient clientId=notification-service] Rebootstrapping with Cluster(id = null, nodes = [localhost:9092 (id: -1 rack: null isFenced: false)], partitions = [], controller = null)
2026-06-16 13:32:20.852 [kafka-admin-client-thread | notification-service] INFO  o.a.k.c.a.i.AdminMetadataManager trace=,span= - [AdminClient clientId=notification-service] Rebootstrapping with Cluster(id = null, nodes = [localhost:9092 (id: -1 rack: null isFenced: false)], partitions = [], controller = null)
2026-06-16 13:32:20.852 [kafka-admin-client-thread | notification-service] INFO  o.a.k.c.a.i.AdminMetadataManager trace=,span= - [AdminClient clientId=notification-service] Rebootstrapping with Cluster(id = null, nodes = [localhost:9092 (id: -1 rack: null isFenced: false)], partitions = [], controller = null)
2026-06-16 13:32:20.852 [kafka-admin-client-thread | notification-service] INFO  o.a.k.c.a.i.AdminMetadataManager trace=,span= - [AdminClient clientId=notification-service] Rebootstrapping with Cluster(id = null, nodes = [localhost:9092 (id: -1 rack: null isFenced: false)], partitions = [], controller = null)
2026-06-16 13:32:20.852 [kafka-admin-client-thread | notification-service] INFO  o.a.k.c.a.i.AdminMetadataManager trace=,span= - [AdminClient clientId=notification-service] Rebootstrapping with Cluster(id = null, nodes = [localhost:9092 (id: -1 rack: null isFenced: false)], partitions = [], controller = null)
2026-06-16 13:32:20.852 [kafka-admin-client-thread | notification-service] INFO  o.a.k.c.a.i.AdminMetadataManager trace=,span= - [AdminClient clientId=notification-service] Rebootstrapping with Cluster(id = null, nodes = [localhost:9092 (id: -1 rack: null isFenced: false)], partitions = [], controller = null)
2026-06-16 13:32:20.852 [kafka-admin-client-thread | notification-service] INFO  o.a.k.c.a.i.AdminMetadataManager trace=,span= - [AdminClient clientId=notification-service] Rebootstrapping with Cluster(id = null, nodes = [localhost:9092 (id: -1 rack: null isFenced: false)], partitions = [], controller = null)
2026-06-16 13:32:20.852 [kafka-admin-client-thread | notification-service] INFO  o.a.k.c.a.i.AdminMetadataManager trace=,span= - [AdminClient clientId=notification-service] Rebootstrapping with Cluster(id = null, nodes = [localhost:9092 (id: -1 rack: null isFenced: false)], partitions = [], controller = null)
2026-06-16 13:32:20.852 [kafka-admin-client-thread | notification-service] INFO  o.a.k.c.a.i.AdminMetadataManager trace=,span= - [AdminClient clientId=notification-service] Rebootstrapping with Cluster(id = null, nodes = [localhost:9092 (id: -1 rack: null isFenced: false)], partitions = [], controller = null)
2026-06-16 13:32:20.852 [kafka-admin-client-thread | notification-service] INFO  o.a.k.c.a.i.AdminMetadataManager trace=,span= - [AdminClient clientId=notification-service] Rebootstrapping with Cluster(id = null, nodes = [localhost:9092 (id: -1 rack: null isFenced: false)], partitions = [], controller = null)
2026-06-16 13:32:20.852 [kafka-admin-client-thread | notification-service] INFO  o.a.k.c.a.i.AdminMetadataManager trace=,span= - [AdminClient clientId=notification-service] Rebootstrapping with Cluster(id = null, nodes = [localhost:9092 (id: -1 rack: null isFenced: false)], partitions = [], controller = null)
2026-06-16 13:32:20.852 [kafka-admin-client-thread | notification-service] INFO  o.a.k.c.a.i.AdminMetadataManager trace=,span= - [AdminClient clientId=notification-service] Rebootstrapping with Cluster(id = null, nodes = [localhost:9092 (id: -1 rack: null isFenced: false)], partitions = [], controller = null)
2026-06-16 13:32:20.852 [kafka-admin-client-thread | notification-service] INFO  o.a.k.c.a.i.AdminMetadataManager trace=,span= - [AdminClient clientId=notification-service] Rebootstrapping with Cluster(id = null, nodes = [localhost:9092 (id: -1 rack: null isFenced: false)], partitions = [], controller = null)
2026-06-16 13:32:20.852 [kafka-admin-client-thread | notification-service] INFO  o.a.k.c.a.i.AdminMetadataManager trace=,span= - [AdminClient clientId=notification-service] Rebootstrapping with Cluster(id = null, nodes = [localhost:9092 (id: -1 rack: null isFenced: false)], partitions = [], controller = null)
2026-06-16 13:32:20.853 [kafka-admin-client-thread | notification-service] INFO  o.a.k.c.a.i.AdminMetadataManager trace=,span= - [AdminClient clientId=notification-service] Rebootstrapping with Cluster(id = null, nodes = [localhost:9092 (id: -1 rack: null isFenced: false)], partitions = [], controller = null)
2026-06-16 13:32:20.853 [kafka-admin-client-thread | notification-service] INFO  o.a.k.c.a.i.AdminMetadataManager trace=,span= - [AdminClient clientId=notification-service] Rebootstrapping with Cluster(id = null, nodes = [localhost:9092 (id: -1 rack: null isFenced: false)], partitions = [], controller = null)
2026-06-16 13:32:20.853 [kafka-admin-client-thread | notification-service] INFO  o.a.k.c.a.i.AdminMetadataManager trace=,span= - [AdminClient clientId=notification-service] Rebootstrapping with Cluster(id = null, nodes = [localhost:9092 (id: -1 rack: null isFenced: false)], partitions = [], controller = null)
2026-06-16 13:32:20.853 [kafka-admin-client-thread | notification-service] INFO  o.a.k.c.a.i.AdminMetadataManager trace=,span= - [AdminClient clientId=notification-service] Rebootstrapping with Cluster(id = null, nodes = [localhost:9092 (id: -1 rack: null isFenced: false)], partitions = [], controller = null)
2026-06-16 13:32:20.853 [kafka-admin-client-thread | notification-service] INFO  o.a.k.c.a.i.AdminMetadataManager trace=,span= - [AdminClient clientId=notification-service] Rebootstrapping with Cluster(id = null, nodes = [localhost:9092 (id: -1 rack: null isFenced: false)], partitions = [], controller = null)
2026-06-16 13:32:20.853 [kafka-admin-client-thread | notification-service] INFO  o.a.k.c.a.i.AdminMetadataManager trace=,span= - [AdminClient clientId=notification-service] Rebootstrapping with Cluster(id = null, nodes = [localhost:9092 (id: -1 rack: null isFenced: false)], partitions = [], controller = null)
2026-06-16 13:32:20.854 [kafka-admin-client-thread | notification-service] INFO  o.a.k.c.a.i.AdminMetadataManager trace=,span= - [AdminClient clientId=notification-service] Rebootstrapping with Cluster(id = null, nodes = [localhost:9092 (id: -1 rack: null isFenced: false)], partitions = [], controller = null)
2026-06-16 13:32:20.854 [kafka-admin-client-thread | notification-service] INFO  o.a.k.c.a.i.AdminMetadataManager trace=,span= - [AdminClient clientId=notification-service] Rebootstrapping with Cluster(id = null, nodes = [localhost:9092 (id: -1 rack: null isFenced: false)], partitions = [], controller = null)
2026-06-16 13:32:20.854 [kafka-admin-client-thread | notification-service] INFO  o.a.k.c.a.i.AdminMetadataManager trace=,span= - [AdminClient clientId=notification-service] Rebootstrapping with Cluster(id = null, nodes = [localhost:9092 (id: -1 rack: null isFenced: false)], partitions = [], controller = null)
2026-06-16 13:32:20.854 [kafka-admin-client-thread | notification-service] INFO  o.a.k.c.a.i.AdminMetadataManager trace=,span= - [AdminClient clientId=notification-service] Rebootstrapping with Cluster(id = null, nodes = [localhost:9092 (id: -1 rack: null isFenced: false)], partitions = [], controller = null)
2026-06-16 13:32:20.854 [kafka-admin-client-thread | notification-service] INFO  o.a.k.c.a.i.AdminMetadataManager trace=,span= - [AdminClient clientId=notification-service] Rebootstrapping with Cluster(id = null, nodes = [localhost:9092 (id: -1 rack: null isFenced: false)], partitions = [], controller = null)
2026-06-16 13:32:20.854 [kafka-admin-client-thread | notification-service] INFO  o.a.k.c.a.i.AdminMetadataManager trace=,span= - [AdminClient clientId=notification-service] Rebootstrapping with Cluster(id = null, nodes = [localhost:9092 (id: -1 rack: null isFenced: false)], partitions = [], controller = null)
2026-06-16 13:32:20.854 [kafka-admin-client-thread | notification-service] INFO  o.a.k.c.a.i.AdminMetadataManager trace=,span= - [AdminClient clientId=notification-service] Rebootstrapping with Cluster(id = null, nodes = [localhost:9092 (id: -1 rack: null isFenced: false)], partitions = [], controller = null)
2026-06-16 13:32:20.854 [kafka-admin-client-thread | notification-service] INFO  o.a.k.c.a.i.AdminMetadataManager trace=,span= - [AdminClient clientId=notification-service] Rebootstrapping with Cluster(id = null, nodes = [localhost:9092 (id: -1 rack: null isFenced: false)], partitions = [], controller = null)
2026-06-16 13:32:20.854 [kafka-admin-client-thread | notification-service] INFO  o.a.k.c.a.i.AdminMetadataManager trace=,span= - [AdminClient clientId=notification-service] Rebootstrapping with Cluster(id = null, nodes = [localhost:9092 (id: -1 rack: null isFenced: false)], partitions = [], controller = null)
2026-06-16 13:32:20.854 [kafka-admin-client-thread | notification-service] INFO  o.a.k.c.a.i.AdminMetadataManager trace=,span= - [AdminClient clientId=notification-service] Rebootstrapping with Cluster(id = null, nodes = [localhost:9092 (id: -1 rack: null isFenced: false)], partitions = [], controller = null)
2026-06-16 13:32:20.854 [kafka-admin-client-thread | notification-service] INFO  o.a.k.c.a.i.AdminMetadataManager trace=,span= - [AdminClient clientId=notification-service] Rebootstrapping with Cluster(id = null, nodes = [localhost:9092 (id: -1 rack: null isFenced: false)], partitions = [], controller = null)
2026-06-16 13:32:20.854 [kafka-admin-client-thread | notification-service] INFO  o.a.k.c.a.i.AdminMetadataManager trace=,span= - [AdminClient clientId=notification-service] Rebootstrapping with Cluster(id = null, nodes = [localhost:9092 (id: -1 rack: null isFenced: false)], partitions = [], controller = null)
2026-06-16 13:32:20.854 [kafka-admin-client-thread | notification-service] INFO  o.a.k.c.a.i.AdminMetadataManager trace=,span= - [AdminClient clientId=notification-service] Rebootstrapping with Cluster(id = null, nodes = [localhost:9092 (id: -1 rack: null isFenced: false)], partitions = [], controller = null)
2026-06-16 13:32:20.854 [kafka-admin-client-thread | notification-service] INFO  o.a.k.c.a.i.AdminMetadataManager trace=,span= - [AdminClient clientId=notification-service] Rebootstrapping with Cluster(id = null, nodes = [localhost:9092 (id: -1 rack: null isFenced: false)], partitions = [], controller = null)
2026-06-16 13:32:20.854 [kafka-admin-client-thread | notification-service] INFO  o.a.k.c.a.i.AdminMetadataManager trace=,span= - [AdminClient clientId=notification-service] Rebootstrapping with Cluster(id = null, nodes = [localhost:9092 (id: -1 rack: null isFenced: false)], partitions = [], controller = null)
2026-06-16 13:32:20.854 [kafka-admin-client-thread | notification-service] INFO  o.a.k.c.a.i.AdminMetadataManager trace=,span= - [AdminClient clientId=notification-service] Rebootstrapping with Cluster(id = null, nodes = [localhost:9092 (id: -1 rack: null isFenced: false)], partitions = [], controller = null)
2026-06-16 13:32:20.957 [kafka-admin-client-thread | notification-service] INFO  o.a.k.c.a.i.AdminMetadataManager trace=,span= - [AdminClient clientId=notification-service] Rebootstrapping with Cluster(id = null, nodes = [localhost:9092 (id: -1 rack: null isFenced: false)], partitions = [], controller = null)
2026-06-16 13:32:20.958 [kafka-admin-client-thread | notification-service] INFO  o.a.k.c.a.i.AdminMetadataManager trace=,span= - [AdminClient clientId=notification-service] Rebootstrapping with Cluster(id = null, nodes = [localhost:9092 (id: -1 rack: null isFenced: false)], partitions = [], controller = null)
2026-06-16 13:32:20.958 [kafka-admin-client-thread | notification-service] INFO  o.a.k.c.a.i.AdminMetadataManager trace=,span= - [AdminClient clientId=notification-service] Rebootstrapping with Cluster(id = null, nodes = [localhost:9092 (id: -1 rack: null isFenced: false)], partitions = [], controller = null)
2026-06-16 13:32:20.958 [kafka-admin-client-thread | notification-service] INFO  o.a.k.c.a.i.AdminMetadataManager trace=,span= - [AdminClient clientId=notification-service] Rebootstrapping with Cluster(id = null, nodes = [localhost:9092 (id: -1 rack: null isFenced: false)], partitions = [], controller = null)
2026-06-16 13:32:20.958 [kafka-admin-client-thread | notification-service] INFO  o.a.k.c.a.i.AdminMetadataManager trace=,span= - [AdminClient clientId=notification-service] Rebootstrapping with Cluster(id = null, nodes = [localhost:9092 (id: -1 rack: null isFenced: false)], partitions = [], controller = null)
2026-06-16 13:32:20.961 [kafka-admin-client-thread | notification-service] INFO  o.a.k.c.a.i.AdminMetadataManager trace=,span= - [AdminClient clientId=notification-service] Rebootstrapping with Cluster(id = null, nodes = [localhost:9092 (id: -1 rack: null isFenced: false)], partitions = [], controller = null)
2026-06-16 13:32:20.961 [kafka-admin-client-thread | notification-service] INFO  o.a.k.c.a.i.AdminMetadataManager trace=,span= - [AdminClient clientId=notification-service] Rebootstrapping with Cluster(id = null, nodes = [localhost:9092 (id: -1 rack: null isFenced: false)], partitions = [], controller = null)
2026-06-16 13:32:20.961 [kafka-admin-client-thread | notification-service] INFO  o.a.k.c.a.i.AdminMetadataManager trace=,span= - [AdminClient clientId=notification-service] Rebootstrapping with Cluster(id = null, nodes = [localhost:9092 (id: -1 rack: null isFenced: false)], partitions = [], controller = null)
2026-06-16 13:32:20.962 [kafka-admin-client-thread | notification-service] INFO  o.a.k.c.a.i.AdminMetadataManager trace=,span= - [AdminClient clientId=notification-service] Rebootstrapping with Cluster(id = null, nodes = [localhost:9092 (id: -1 rack: null isFenced: false)], partitions = [], controller = null)
2026-06-16 13:32:20.962 [kafka-admin-client-thread | notification-service] INFO  o.a.k.c.a.i.AdminMetadataManager trace=,span= - [AdminClient clientId=notification-service] Rebootstrapping with Cluster(id = null, nodes = [localhost:9092 (id: -1 rack: null isFenced: false)], partitions = [], controller = null)
2026-06-16 13:32:20.962 [kafka-admin-client-thread | notification-service] INFO  o.a.k.c.a.i.AdminMetadataManager trace=,span= - [AdminClient clientId=notification-service] Rebootstrapping with Cluster(id = null, nodes = [localhost:9092 (id: -1 rack: null isFenced: false)], partitions = [], controller = null)
2026-06-16 13:32:20.962 [kafka-admin-client-thread | notification-service] INFO  o.a.k.c.a.i.AdminMetadataManager trace=,span= - [AdminClient clientId=notification-service] Rebootstrapping with Cluster(id = null, nodes = [localhost:9092 (id: -1 rack: null isFenced: false)], partitions = [], controller = null)
2026-06-16 13:32:20.962 [kafka-admin-client-thread | notification-service] INFO  o.a.k.c.a.i.AdminMetadataManager trace=,span= - [AdminClient clientId=notification-service] Rebootstrapping with Cluster(id = null, nodes = [localhost:9092 (id: -1 rack: null isFenced: false)], partitions = [], controller = null)
2026-06-16 13:32:20.962 [kafka-admin-client-thread | notification-service] INFO  o.a.k.c.a.i.AdminMetadataManager trace=,span= - [AdminClient clientId=notification-service] Rebootstrapping with Cluster(id = null, nodes = [localhost:9092 (id: -1 rack: null isFenced: false)], partitions = [], controller = null)
2026-06-16 13:32:20.962 [kafka-admin-client-thread | notification-service] INFO  o.a.k.c.a.i.AdminMetadataManager trace=,span= - [AdminClient clientId=notification-service] Rebootstrapping with Cluster(id = null, nodes = [localhost:9092 (id: -1 rack: null isFenced: false)], partitions = [], controller = null)
2026-06-16 13:32:20.962 [kafka-admin-client-thread | notification-service] INFO  o.a.k.c.a.i.AdminMetadataManager trace=,span= - [AdminClient clientId=notification-service] Rebootstrapping with Cluster(id = null, nodes = [localhost:9092 (id: -1 rack: null isFenced: false)], partitions = [], controller = null)
2026-06-16 13:32:20.962 [kafka-admin-client-thread | notification-service] INFO  o.a.k.c.a.i.AdminMetadataManager trace=,span= - [AdminClient clientId=notification-service] Rebootstrapping with Cluster(id = null, nodes = [localhost:9092 (id: -1 rack: null isFenced: false)], partitions = [], controller = null)
2026-06-16 13:32:20.962 [kafka-admin-client-thread | notification-service] INFO  o.a.k.c.a.i.AdminMetadataManager trace=,span= - [AdminClient clientId=notification-service] Rebootstrapping with Cluster(id = null, nodes = [localhost:9092 (id: -1 rack: null isFenced: false)], partitions = [], controller = null)
2026-06-16 13:32:20.962 [kafka-admin-client-thread | notification-service] INFO  o.a.k.c.a.i.AdminMetadataManager trace=,span= - [AdminClient clientId=notification-service] Rebootstrapping with Cluster(id = null, nodes = [localhost:9092 (id: -1 rack: null isFenced: false)], partitions = [], controller = null)
2026-06-16 13:32:20.962 [kafka-admin-client-thread | notification-service] INFO  o.a.k.c.a.i.AdminMetadataManager trace=,span= - [AdminClient clientId=notification-service] Rebootstrapping with Cluster(id = null, nodes = [localhost:9092 (id: -1 rack: null isFenced: false)], partitions = [], controller = null)
2026-06-16 13:32:20.962 [kafka-admin-client-thread | notification-service] INFO  o.a.k.c.a.i.AdminMetadataManager trace=,span= - [AdminClient clientId=notification-service] Rebootstrapping with Cluster(id = null, nodes = [localhost:9092 (id: -1 rack: null isFenced: false)], partitions = [], controller = null)
2026-06-16 13:32:20.962 [kafka-admin-client-thread | notification-service] INFO  o.a.k.c.a.i.AdminMetadataManager trace=,span= - [AdminClient clientId=notification-service] Rebootstrapping with Cluster(id = null, nodes = [localhost:9092 (id: -1 rack: null isFenced: false)], partitions = [], controller = null)
2026-06-16 13:32:20.962 [kafka-admin-client-thread | notification-service] INFO  o.a.k.c.a.i.AdminMetadataManager trace=,span= - [AdminClient clientId=notification-service] Rebootstrapping with Cluster(id = null, nodes = [localhost:9092 (id: -1 rack: null isFenced: false)], partitions = [], controller = null)
2026-06-16 13:32:20.962 [kafka-admin-client-thread | notification-service] INFO  o.a.k.c.a.i.AdminMetadataManager trace=,span= - [AdminClient clientId=notification-service] Rebootstrapping with Cluster(id = null, nodes = [localhost:9092 (id: -1 rack: null isFenced: false)], partitions = [], controller = null)
2026-06-16 13:32:20.962 [kafka-admin-client-thread | notification-service] INFO  o.a.k.c.a.i.AdminMetadataManager trace=,span= - [AdminClient clientId=notification-service] Rebootstrapping with Cluster(id = null, nodes = [localhost:9092 (id: -1 rack: null isFenced: false)], partitions = [], controller = null)
2026-06-16 13:32:20.962 [kafka-admin-client-thread | notification-service] INFO  o.a.k.c.a.i.AdminMetadataManager trace=,span= - [AdminClient clientId=notification-service] Rebootstrapping with Cluster(id = null, nodes = [localhost:9092 (id: -1 rack: null isFenced: false)], partitions = [], controller = null)
2026-06-16 13:32:20.963 [kafka-admin-client-thread | notification-service] INFO  o.a.k.c.a.i.AdminMetadataManager trace=,span= - [AdminClient clientId=notification-service] Rebootstrapping with Cluster(id = null, nodes = [localhost:9092 (id: -1 rack: null isFenced: false)], partitions = [], controller = null)
2026-06-16 13:32:20.963 [kafka-admin-client-thread | notification-service] INFO  o.a.k.c.a.i.AdminMetadataManager trace=,span= - [AdminClient clientId=notification-service] Rebootstrapping with Cluster(id = null, nodes = [localhost:9092 (id: -1 rack: null isFenced: false)], partitions = [], controller = null)
2026-06-16 13:32:20.963 [kafka-admin-client-thread | notification-service] INFO  o.a.k.c.a.i.AdminMetadataManager trace=,span= - [AdminClient clientId=notification-service] Rebootstrapping with Cluster(id = null, nodes = [localhost:9092 (id: -1 rack: null isFenced: false)], partitions = [], controller = null)
2026-06-16 13:32:20.963 [kafka-admin-client-thread | notification-service] INFO  o.a.k.c.a.i.AdminMetadataManager trace=,span= - [AdminClient clientId=notification-service] Rebootstrapping with Cluster(id = null, nodes = [localhost:9092 (id: -1 rack: null isFenced: false)], partitions = [], controller = null)
2026-06-16 13:32:20.963 [kafka-admin-client-thread | notification-service] INFO  o.a.k.c.a.i.AdminMetadataManager trace=,span= - [AdminClient clientId=notification-service] Rebootstrapping with Cluster(id = null, nodes = [localhost:9092 (id: -1 rack: null isFenced: false)], partitions = [], controller = null)
2026-06-16 13:32:20.963 [kafka-admin-client-thread | notification-service] INFO  o.a.k.c.a.i.AdminMetadataManager trace=,span= - [AdminClient clientId=notification-service] Rebootstrapping with Cluster(id = null, nodes = [localhost:9092 (id: -1 rack: null isFenced: false)], partitions = [], controller = null)
2026-06-16 13:32:20.963 [kafka-admin-client-thread | notification-service] INFO  o.a.k.c.a.i.AdminMetadataManager trace=,span= - [AdminClient clientId=notification-service] Rebootstrapping with Cluster(id = null, nodes = [localhost:9092 (id: -1 rack: null isFenced: false)], partitions = [], controller = null)
2026-06-16 13:32:20.963 [kafka-admin-client-thread | notification-service] INFO  o.a.k.c.a.i.AdminMetadataManager trace=,span= - [AdminClient clientId=notification-service] Rebootstrapping with Cluster(id = null, nodes = [localhost:9092 (id: -1 rack: null isFenced: false)], partitions = [], controller = null)
2026-06-16 13:32:20.963 [kafka-admin-client-thread | notification-service] INFO  o.a.k.c.a.i.AdminMetadataManager trace=,span= - [AdminClient clientId=notification-service] Rebootstrapping with Cluster(id = null, nodes = [localhost:9092 (id: -1 rack: null isFenced: false)], partitions = [], controller = null)
2026-06-16 13:32:20.963 [kafka-admin-client-thread | notification-service] INFO  o.a.k.c.a.i.AdminMetadataManager trace=,span= - [AdminClient clientId=notification-service] Rebootstrapping with Cluster(id = null, nodes = [localhost:9092 (id: -1 rack: null isFenced: false)], partitions = [], controller = null)
2026-06-16 13:32:20.963 [kafka-admin-client-thread | notification-service] INFO  o.a.k.c.a.i.AdminMetadataManager trace=,span= - [AdminClient clientId=notification-service] Rebootstrapping with Cluster(id = null, nodes = [localhost:9092 (id: -1 rack: null isFenced: false)], partitions = [], controller = null)
2026-06-16 13:32:20.963 [kafka-admin-client-thread | notification-service] INFO  o.a.k.c.a.i.AdminMetadataManager trace=,span= - [AdminClient clientId=notification-service] Rebootstrapping with Cluster(id = null, nodes = [localhost:9092 (id: -1 rack: null isFenced: false)], partitions = [], controller = null)
2026-06-16 13:32:20.963 [kafka-admin-client-thread | notification-service] INFO  o.a.k.c.a.i.AdminMetadataManager trace=,span= - [AdminClient clientId=notification-service] Rebootstrapping with Cluster(id = null, nodes = [localhost:9092 (id: -1 rack: null isFenced: false)], partitions = [], controller = null)
2026-06-16 13:32:20.964 [kafka-admin-client-thread | notification-service] INFO  o.a.k.c.a.i.AdminMetadataManager trace=,span= - [AdminClient clientId=notification-service] Rebootstrapping with Cluster(id = null, nodes = [localhost:9092 (id: -1 rack: null isFenced: false)], partitions = [], controller = null)
2026-06-16 13:32:20.964 [kafka-admin-client-thread | notification-service] INFO  o.a.k.c.a.i.AdminMetadataManager trace=,span= - [AdminClient clientId=notification-service] Rebootstrapping with Cluster(id = null, nodes = [localhost:9092 (id: -1 rack: null isFenced: false)], partitions = [], controller = null)
2026-06-16 13:32:20.964 [kafka-admin-client-thread | notification-service] INFO  o.a.k.c.a.i.AdminMetadataManager trace=,span= - [AdminClient clientId=notification-service] Rebootstrapping with Cluster(id = null, nodes = [localhost:9092 (id: -1 rack: null isFenced: false)], partitions = [], controller = null)
2026-06-16 13:32:20.964 [kafka-admin-client-thread | notification-service] INFO  o.a.k.c.a.i.AdminMetadataManager trace=,span= - [AdminClient clientId=notification-service] Rebootstrapping with Cluster(id = null, nodes = [localhost:9092 (id: -1 rack: null isFenced: false)], partitions = [], controller = null)
2026-06-16 13:32:20.964 [kafka-admin-client-thread | notification-service] INFO  o.a.k.c.a.i.AdminMetadataManager trace=,span= - [AdminClient clientId=notification-service] Rebootstrapping with Cluster(id = null, nodes = [localhost:9092 (id: -1 rack: null isFenced: false)], partitions = [], controller = null)
2026-06-16 13:32:20.964 [kafka-admin-client-thread | notification-service] INFO  o.a.k.c.a.i.AdminMetadataManager trace=,span= - [AdminClient clientId=notification-service] Rebootstrapping with Cluster(id = null, nodes = [localhost:9092 (id: -1 rack: null isFenced: false)], partitions = [], controller = null)
2026-06-16 13:32:21.066 [kafka-admin-client-thread | notification-service] INFO  o.a.k.c.a.i.AdminMetadataManager trace=,span= - [AdminClient clientId=notification-service] Rebootstrapping with Cluster(id = null, nodes = [localhost:9092 (id: -1 rack: null isFenced: false)], partitions = [], controller = null)
2026-06-16 13:32:21.067 [kafka-admin-client-thread | notification-service] INFO  o.a.k.c.a.i.AdminMetadataManager trace=,span= - [AdminClient clientId=notification-service] Rebootstrapping with Cluster(id = null, nodes = [localhost:9092 (id: -1 rack: null isFenced: false)], partitions = [], controller = null)
2026-06-16 13:32:21.068 [kafka-admin-client-thread | notification-service] INFO  o.a.k.c.a.i.AdminMetadataManager trace=,span= - [AdminClient clientId=notification-service] Rebootstrapping with Cluster(id = null, nodes = [localhost:9092 (id: -1 rack: null isFenced: false)], partitions = [], controller = null)
2026-06-16 13:32:21.068 [kafka-admin-client-thread | notification-service] INFO  o.a.k.c.a.i.AdminMetadataManager trace=,span= - [AdminClient clientId=notification-service] Rebootstrapping with Cluster(id = null, nodes = [localhost:9092 (id: -1 rack: null isFenced: false)], partitions = [], controller = null)
2026-06-16 13:32:21.068 [kafka-admin-client-thread | notification-service] INFO  o.a.k.c.a.i.AdminMetadataManager trace=,span= - [AdminClient clientId=notification-service] Rebootstrapping with Cluster(id = null, nodes = [localhost:9092 (id: -1 rack: null isFenced: false)], partitions = [], controller = null)
2026-06-16 13:32:21.070 [kafka-admin-client-thread | notification-service] INFO  o.a.k.c.a.i.AdminMetadataManager trace=,span= - [AdminClient clientId=notification-service] Rebootstrapping with Cluster(id = null, nodes = [localhost:9092 (id: -1 rack: null isFenced: false)], partitions = [], controller = null)
2026-06-16 13:32:21.070 [kafka-admin-client-thread | notification-service] INFO  o.a.k.c.a.i.AdminMetadataManager trace=,span= - [AdminClient clientId=notification-service] Rebootstrapping with Cluster(id = null, nodes = [localhost:9092 (id: -1 rack: null isFenced: false)], partitions = [], controller = null)
2026-06-16 13:32:21.071 [kafka-admin-client-thread | notification-service] INFO  o.a.k.c.a.i.AdminMetadataManager trace=,span= - [AdminClient clientId=notification-service] Rebootstrapping with Cluster(id = null, nodes = [localhost:9092 (id: -1 rack: null isFenced: false)], partitions = [], controller = null)
2026-06-16 13:32:21.071 [kafka-admin-client-thread | notification-service] INFO  o.a.k.c.a.i.AdminMetadataManager trace=,span= - [AdminClient clientId=notification-service] Rebootstrapping with Cluster(id = null, nodes = [localhost:9092 (id: -1 rack: null isFenced: false)], partitions = [], controller = null)
2026-06-16 13:32:21.071 [kafka-admin-client-thread | notification-service] INFO  o.a.k.c.a.i.AdminMetadataManager trace=,span= - [AdminClient clientId=notification-service] Rebootstrapping with Cluster(id = null, nodes = [localhost:9092 (id: -1 rack: null isFenced: false)], partitions = [], controller = null)
2026-06-16 13:32:21.071 [kafka-admin-client-thread | notification-service] INFO  o.a.k.c.a.i.AdminMetadataManager trace=,span= - [AdminClient clientId=notification-service] Rebootstrapping with Cluster(id = null, nodes = [localhost:9092 (id: -1 rack: null isFenced: false)], partitions = [], controller = null)
2026-06-16 13:32:21.071 [kafka-admin-client-thread | notification-service] INFO  o.a.k.c.a.i.AdminMetadataManager trace=,span= - [AdminClient clientId=notification-service] Rebootstrapping with Cluster(id = null, nodes = [localhost:9092 (id: -1 rack: null isFenced: false)], partitions = [], controller = null)
2026-06-16 13:32:21.072 [kafka-admin-client-thread | notification-service] INFO  o.a.k.c.a.i.AdminMetadataManager trace=,span= - [AdminClient clientId=notification-service] Rebootstrapping with Cluster(id = null, nodes = [localhost:9092 (id: -1 rack: null isFenced: false)], partitions = [], controller = null)
2026-06-16 13:32:21.072 [kafka-admin-client-thread | notification-service] INFO  o.a.k.c.a.i.AdminMetadataManager trace=,span= - [AdminClient clientId=notification-service] Rebootstrapping with Cluster(id = null, nodes = [localhost:9092 (id: -1 rack: null isFenced: false)], partitions = [], controller = null)
2026-06-16 13:32:21.072 [kafka-admin-client-thread | notification-service] INFO  o.a.k.c.a.i.AdminMetadataManager trace=,span= - [AdminClient clientId=notification-service] Rebootstrapping with Cluster(id = null, nodes = [localhost:9092 (id: -1 rack: null isFenced: false)], partitions = [], controller = null)
2026-06-16 13:32:21.072 [kafka-admin-client-thread | notification-service] INFO  o.a.k.c.a.i.AdminMetadataManager trace=,span= - [AdminClient clientId=notification-service] Rebootstrapping with Cluster(id = null, nodes = [localhost:9092 (id: -1 rack: null isFenced: false)], partitions = [], controller = null)
2026-06-16 13:32:21.072 [kafka-admin-client-thread | notification-service] INFO  o.a.k.c.a.i.AdminMetadataManager trace=,span= - [AdminClient clientId=notification-service] Rebootstrapping with Cluster(id = null, nodes = [localhost:9092 (id: -1 rack: null isFenced: false)], partitions = [], controller = null)
2026-06-16 13:32:21.072 [kafka-admin-client-thread | notification-service] INFO  o.a.k.c.a.i.AdminMetadataManager trace=,span= - [AdminClient clientId=notification-service] Rebootstrapping with Cluster(id = null, nodes = [localhost:9092 (id: -1 rack: null isFenced: false)], partitions = [], controller = null)
2026-06-16 13:32:21.072 [kafka-admin-client-thread | notification-service] INFO  o.a.k.c.a.i.AdminMetadataManager trace=,span= - [AdminClient clientId=notification-service] Rebootstrapping with Cluster(id = null, nodes = [localhost:9092 (id: -1 rack: null isFenced: false)], partitions = [], controller = null)
2026-06-16 13:32:21.072 [kafka-admin-client-thread | notification-service] INFO  o.a.k.c.a.i.AdminMetadataManager trace=,span= - [AdminClient clientId=notification-service] Rebootstrapping with Cluster(id = null, nodes = [localhost:9092 (id: -1 rack: null isFenced: false)], partitions = [], controller = null)
2026-06-16 13:32:21.072 [kafka-admin-client-thread | notification-service] INFO  o.a.k.c.a.i.AdminMetadataManager trace=,span= - [AdminClient clientId=notification-service] Rebootstrapping with Cluster(id = null, nodes = [localhost:9092 (id: -1 rack: null isFenced: false)], partitions = [], controller = null)
2026-06-16 13:32:21.072 [kafka-admin-client-thread | notification-service] INFO  o.a.k.c.a.i.AdminMetadataManager trace=,span= - [AdminClient clientId=notification-service] Rebootstrapping with Cluster(id = null, nodes = [localhost:9092 (id: -1 rack: null isFenced: false)], partitions = [], controller = null)
2026-06-16 13:32:21.072 [kafka-admin-client-thread | notification-service] INFO  o.a.k.c.a.i.AdminMetadataManager trace=,span= - [AdminClient clientId=notification-service] Rebootstrapping with Cluster(id = null, nodes = [localhost:9092 (id: -1 rack: null isFenced: false)], partitions = [], controller = null)
2026-06-16 13:32:21.072 [kafka-admin-client-thread | notification-service] INFO  o.a.k.c.a.i.AdminMetadataManager trace=,span= - [AdminClient clientId=notification-service] Rebootstrapping with Cluster(id = null, nodes = [localhost:9092 (id: -1 rack: null isFenced: false)], partitions = [], controller = null)
2026-06-16 13:32:21.072 [kafka-admin-client-thread | notification-service] INFO  o.a.k.c.a.i.AdminMetadataManager trace=,span= - [AdminClient clientId=notification-service] Rebootstrapping with Cluster(id = null, nodes = [localhost:9092 (id: -1 rack: null isFenced: false)], partitions = [], controller = null)
2026-06-16 13:32:21.072 [kafka-admin-client-thread | notification-service] INFO  o.a.k.c.a.i.AdminMetadataManager trace=,span= - [AdminClient clientId=notification-service] Rebootstrapping with Cluster(id = null, nodes = [localhost:9092 (id: -1 rack: null isFenced: false)], partitions = [], controller = null)
2026-06-16 13:32:21.072 [kafka-admin-client-thread | notification-service] INFO  o.a.k.c.a.i.AdminMetadataManager trace=,span= - [AdminClient clientId=notification-service] Rebootstrapping with Cluster(id = null, nodes = [localhost:9092 (id: -1 rack: null isFenced: false)], partitions = [], controller = null)
2026-06-16 13:32:21.072 [kafka-admin-client-thread | notification-service] INFO  o.a.k.c.a.i.AdminMetadataManager trace=,span= - [AdminClient clientId=notification-service] Rebootstrapping with Cluster(id = null, nodes = [localhost:9092 (id: -1 rack: null isFenced: false)], partitions = [], controller = null)
2026-06-16 13:32:21.072 [kafka-admin-client-thread | notification-service] INFO  o.a.k.c.a.i.AdminMetadataManager trace=,span= - [AdminClient clientId=notification-service] Rebootstrapping with Cluster(id = null, nodes = [localhost:9092 (id: -1 rack: null isFenced: false)], partitions = [], controller = null)
2026-06-16 13:32:21.072 [kafka-admin-client-thread | notification-service] INFO  o.a.k.c.a.i.AdminMetadataManager trace=,span= - [AdminClient clientId=notification-service] Rebootstrapping with Cluster(id = null, nodes = [localhost:9092 (id: -1 rack: null isFenced: false)], partitions = [], controller = null)
2026-06-16 13:32:21.072 [kafka-admin-client-thread | notification-service] INFO  o.a.k.c.a.i.AdminMetadataManager trace=,span= - [AdminClient clientId=notification-service] Rebootstrapping with Cluster(id = null, nodes = [localhost:9092 (id: -1 rack: null isFenced: false)], partitions = [], controller = null)
2026-06-16 13:32:21.072 [kafka-admin-client-thread | notification-service] INFO  o.a.k.c.a.i.AdminMetadataManager trace=,span= - [AdminClient clientId=notification-service] Rebootstrapping with Cluster(id = null, nodes = [localhost:9092 (id: -1 rack: null isFenced: false)], partitions = [], controller = null)
2026-06-16 13:32:21.072 [kafka-admin-client-thread | notification-service] INFO  o.a.k.c.a.i.AdminMetadataManager trace=,span= - [AdminClient clientId=notification-service] Rebootstrapping with Cluster(id = null, nodes = [localhost:9092 (id: -1 rack: null isFenced: false)], partitions = [], controller = null)
2026-06-16 13:32:21.072 [kafka-admin-client-thread | notification-service] INFO  o.a.k.c.a.i.AdminMetadataManager trace=,span= - [AdminClient clientId=notification-service] Rebootstrapping with Cluster(id = null, nodes = [localhost:9092 (id: -1 rack: null isFenced: false)], partitions = [], controller = null)
2026-06-16 13:32:21.072 [kafka-admin-client-thread | notification-service] INFO  o.a.k.c.a.i.AdminMetadataManager trace=,span= - [AdminClient clientId=notification-service] Rebootstrapping with Cluster(id = null, nodes = [localhost:9092 (id: -1 rack: null isFenced: false)], partitions = [], controller = null)
2026-06-16 13:32:21.072 [kafka-admin-client-thread | notification-service] INFO  o.a.k.c.a.i.AdminMetadataManager trace=,span= - [AdminClient clientId=notification-service] Rebootstrapping with Cluster(id = null, nodes = [localhost:9092 (id: -1 rack: null isFenced: false)], partitions = [], controller = null)
2026-06-16 13:32:21.072 [kafka-admin-client-thread | notification-service] INFO  o.a.k.c.a.i.AdminMetadataManager trace=,span= - [AdminClient clientId=notification-service] Rebootstrapping with Cluster(id = null, nodes = [localhost:9092 (id: -1 rack: null isFenced: false)], partitions = [], controller = null)
2026-06-16 13:32:21.072 [kafka-admin-client-thread | notification-service] INFO  o.a.k.c.a.i.AdminMetadataManager trace=,span= - [AdminClient clientId=notification-service] Rebootstrapping with Cluster(id = null, nodes = [localhost:9092 (id: -1 rack: null isFenced: false)], partitions = [], controller = null)
2026-06-16 13:32:21.072 [kafka-admin-client-thread | notification-service] INFO  o.a.k.c.a.i.AdminMetadataManager trace=,span= - [AdminClient clientId=notification-service] Rebootstrapping with Cluster(id = null, nodes = [localhost:9092 (id: -1 rack: null isFenced: false)], partitions = [], controller = null)
2026-06-16 13:32:21.072 [kafka-admin-client-thread | notification-service] INFO  o.a.k.c.a.i.AdminMetadataManager trace=,span= - [AdminClient clientId=notification-service] Rebootstrapping with Cluster(id = null, nodes = [localhost:9092 (id: -1 rack: null isFenced: false)], partitions = [], controller = null)
2026-06-16 13:32:21.072 [kafka-admin-client-thread | notification-service] INFO  o.a.k.c.a.i.AdminMetadataManager trace=,span= - [AdminClient clientId=notification-service] Rebootstrapping with Cluster(id = null, nodes = [localhost:9092 (id: -1 rack: null isFenced: false)], partitions = [], controller = null)
2026-06-16 13:32:21.072 [kafka-admin-client-thread | notification-service] INFO  o.a.k.c.a.i.AdminMetadataManager trace=,span= - [AdminClient clientId=notification-service] Rebootstrapping with Cluster(id = null, nodes = [localhost:9092 (id: -1 rack: null isFenced: false)], partitions = [], controller = null)
2026-06-16 13:32:21.072 [kafka-admin-client-thread | notification-service] INFO  o.a.k.c.a.i.AdminMetadataManager trace=,span= - [AdminClient clientId=notification-service] Rebootstrapping with Cluster(id = null, nodes = [localhost:9092 (id: -1 rack: null isFenced: false)], partitions = [], controller = null)
2026-06-16 13:32:21.072 [kafka-admin-client-thread | notification-service] INFO  o.a.k.c.a.i.AdminMetadataManager trace=,span= - [AdminClient clientId=notification-service] Rebootstrapping with Cluster(id = null, nodes = [localhost:9092 (id: -1 rack: null isFenced: false)], partitions = [], controller = null)
2026-06-16 13:32:21.072 [kafka-admin-client-thread | notification-service] INFO  o.a.k.c.a.i.AdminMetadataManager trace=,span= - [AdminClient clientId=notification-service] Rebootstrapping with Cluster(id = null, nodes = [localhost:9092 (id: -1 rack: null isFenced: false)], partitions = [], controller = null)
2026-06-16 13:32:21.072 [kafka-admin-client-thread | notification-service] INFO  o.a.k.c.a.i.AdminMetadataManager trace=,span= - [AdminClient clientId=notification-service] Rebootstrapping with Cluster(id = null, nodes = [localhost:9092 (id: -1 rack: null isFenced: false)], partitions = [], controller = null)
2026-06-16 13:32:21.176 [kafka-admin-client-thread | notification-service] INFO  o.a.k.c.a.i.AdminMetadataManager trace=,span= - [AdminClient clientId=notification-service] Rebootstrapping with Cluster(id = null, nodes = [localhost:9092 (id: -1 rack: null isFenced: false)], partitions = [], controller = null)
2026-06-16 13:32:21.178 [kafka-admin-client-thread | notification-service] INFO  o.a.k.c.a.i.AdminMetadataManager trace=,span= - [AdminClient clientId=notification-service] Rebootstrapping with Cluster(id = null, nodes = [localhost:9092 (id: -1 rack: null isFenced: false)], partitions = [], controller = null)
2026-06-16 13:32:21.178 [kafka-admin-client-thread | notification-service] INFO  o.a.k.c.a.i.AdminMetadataManager trace=,span= - [AdminClient clientId=notification-service] Rebootstrapping with Cluster(id = null, nodes = [localhost:9092 (id: -1 rack: null isFenced: false)], partitions = [], controller = null)
2026-06-16 13:32:21.178 [kafka-admin-client-thread | notification-service] INFO  o.a.k.c.a.i.AdminMetadataManager trace=,span= - [AdminClient clientId=notification-service] Rebootstrapping with Cluster(id = null, nodes = [localhost:9092 (id: -1 rack: null isFenced: false)], partitions = [], controller = null)
2026-06-16 13:32:21.178 [kafka-admin-client-thread | notification-service] INFO  o.a.k.c.a.i.AdminMetadataManager trace=,span= - [AdminClient clientId=notification-service] Rebootstrapping with Cluster(id = null, nodes = [localhost:9092 (id: -1 rack: null isFenced: false)], partitions = [], controller = null)
2026-06-16 13:32:21.178 [kafka-admin-client-thread | notification-service] INFO  o.a.k.c.a.i.AdminMetadataManager trace=,span= - [AdminClient clientId=notification-service] Rebootstrapping with Cluster(id = null, nodes = [localhost:9092 (id: -1 rack: null isFenced: false)], partitions = [], controller = null)
2026-06-16 13:32:21.178 [kafka-admin-client-thread | notification-service] INFO  o.a.k.c.a.i.AdminMetadataManager trace=,span= - [AdminClient clientId=notification-service] Rebootstrapping with Cluster(id = null, nodes = [localhost:9092 (id: -1 rack: null isFenced: false)], partitions = [], controller = null)
2026-06-16 13:32:21.178 [kafka-admin-client-thread | notification-service] INFO  o.a.k.c.a.i.AdminMetadataManager trace=,span= - [AdminClient clientId=notification-service] Rebootstrapping with Cluster(id = null, nodes = [localhost:9092 (id: -1 rack: null isFenced: false)], partitions = [], controller = null)
2026-06-16 13:32:21.178 [kafka-admin-client-thread | notification-service] INFO  o.a.k.c.a.i.AdminMetadataManager trace=,span= - [AdminClient clientId=notification-service] Rebootstrapping with Cluster(id = null, nodes = [localhost:9092 (id: -1 rack: null isFenced: false)], partitions = [], controller = null)
2026-06-16 13:32:21.178 [kafka-admin-client-thread | notification-service] INFO  o.a.k.c.a.i.AdminMetadataManager trace=,span= - [AdminClient clientId=notification-service] Rebootstrapping with Cluster(id = null, nodes = [localhost:9092 (id: -1 rack: null isFenced: false)], partitions = [], controller = null)
2026-06-16 13:32:21.178 [kafka-admin-client-thread | notification-service] INFO  o.a.k.c.a.i.AdminMetadataManager trace=,span= - [AdminClient clientId=notification-service] Rebootstrapping with Cluster(id = null, nodes = [localhost:9092 (id: -1 rack: null isFenced: false)], partitions = [], controller = null)
2026-06-16 13:32:21.179 [kafka-admin-client-thread | notification-service] INFO  o.a.k.c.a.i.AdminMetadataManager trace=,span= - [AdminClient clientId=notification-service] Rebootstrapping with Cluster(id = null, nodes = [localhost:9092 (id: -1 rack: null isFenced: false)], partitions = [], controller = null)
2026-06-16 13:32:21.179 [kafka-admin-client-thread | notification-service] INFO  o.a.k.c.a.i.AdminMetadataManager trace=,span= - [AdminClient clientId=notification-service] Rebootstrapping with Cluster(id = null, nodes = [localhost:9092 (id: -1 rack: null isFenced: false)], partitions = [], controller = null)
2026-06-16 13:32:21.179 [kafka-admin-client-thread | notification-service] INFO  o.a.k.c.a.i.AdminMetadataManager trace=,span= - [AdminClient clientId=notification-service] Rebootstrapping with Cluster(id = null, nodes = [localhost:9092 (id: -1 rack: null isFenced: false)], partitions = [], controller = null)
2026-06-16 13:32:21.179 [kafka-admin-client-thread | notification-service] INFO  o.a.k.c.a.i.AdminMetadataManager trace=,span= - [AdminClient clientId=notification-service] Rebootstrapping with Cluster(id = null, nodes = [localhost:9092 (id: -1 rack: null isFenced: false)], partitions = [], controller = null)
2026-06-16 13:32:21.179 [kafka-admin-client-thread | notification-service] INFO  o.a.k.c.a.i.AdminMetadataManager trace=,span= - [AdminClient clientId=notification-service] Rebootstrapping with Cluster(id = null, nodes = [localhost:9092 (id: -1 rack: null isFenced: false)], partitions = [], controller = null)
2026-06-16 13:32:21.179 [kafka-admin-client-thread | notification-service] INFO  o.a.k.c.a.i.AdminMetadataManager trace=,span= - [AdminClient clientId=notification-service] Rebootstrapping with Cluster(id = null, nodes = [localhost:9092 (id: -1 rack: null isFenced: false)], partitions = [], controller = null)
2026-06-16 13:32:21.179 [kafka-admin-client-thread | notification-service] INFO  o.a.k.c.a.i.AdminMetadataManager trace=,span= - [AdminClient clientId=notification-service] Rebootstrapping with Cluster(id = null, nodes = [localhost:9092 (id: -1 rack: null isFenced: false)], partitions = [], controller = null)
2026-06-16 13:32:21.179 [kafka-admin-client-thread | notification-service] INFO  o.a.k.c.a.i.AdminMetadataManager trace=,span= - [AdminClient clientId=notification-service] Rebootstrapping with Cluster(id = null, nodes = [localhost:9092 (id: -1 rack: null isFenced: false)], partitions = [], controller = null)
2026-06-16 13:32:21.179 [kafka-admin-client-thread | notification-service] INFO  o.a.k.c.a.i.AdminMetadataManager trace=,span= - [AdminClient clientId=notification-service] Rebootstrapping with Cluster(id = null, nodes = [localhost:9092 (id: -1 rack: null isFenced: false)], partitions = [], controller = null)
2026-06-16 13:32:21.179 [kafka-admin-client-thread | notification-service] INFO  o.a.k.c.a.i.AdminMetadataManager trace=,span= - [AdminClient clientId=notification-service] Rebootstrapping with Cluster(id = null, nodes = [localhost:9092 (id: -1 rack: null isFenced: false)], partitions = [], controller = null)
2026-06-16 13:32:21.179 [kafka-admin-client-thread | notification-service] INFO  o.a.k.c.a.i.AdminMetadataManager trace=,span= - [AdminClient clientId=notification-service] Rebootstrapping with Cluster(id = null, nodes = [localhost:9092 (id: -1 rack: null isFenced: false)], partitions = [], controller = null)
2026-06-16 13:32:21.179 [kafka-admin-client-thread | notification-service] INFO  o.a.k.c.a.i.AdminMetadataManager trace=,span= - [AdminClient clientId=notification-service] Rebootstrapping with Cluster(id = null, nodes = [localhost:9092 (id: -1 rack: null isFenced: false)], partitions = [], controller = null)
2026-06-16 13:32:21.179 [kafka-admin-client-thread | notification-service] INFO  o.a.k.c.a.i.AdminMetadataManager trace=,span= - [AdminClient clientId=notification-service] Rebootstrapping with Cluster(id = null, nodes = [localhost:9092 (id: -1 rack: null isFenced: false)], partitions = [], controller = null)
2026-06-16 13:32:21.179 [kafka-admin-client-thread | notification-service] INFO  o.a.k.c.a.i.AdminMetadataManager trace=,span= - [AdminClient clientId=notification-service] Rebootstrapping with Cluster(id = null, nodes = [localhost:9092 (id: -1 rack: null isFenced: false)], partitions = [], controller = null)
2026-06-16 13:32:21.179 [kafka-admin-client-thread | notification-service] INFO  o.a.k.c.a.i.AdminMetadataManager trace=,span= - [AdminClient clientId=notification-service] Rebootstrapping with Cluster(id = null, nodes = [localhost:9092 (id: -1 rack: null isFenced: false)], partitions = [], controller = null)
2026-06-16 13:32:21.179 [kafka-admin-client-thread | notification-service] INFO  o.a.k.c.a.i.AdminMetadataManager trace=,span= - [AdminClient clientId=notification-service] Rebootstrapping with Cluster(id = null, nodes = [localhost:9092 (id: -1 rack: null isFenced: false)], partitions = [], controller = null)
2026-06-16 13:32:21.179 [kafka-admin-client-thread | notification-service] INFO  o.a.k.c.a.i.AdminMetadataManager trace=,span= - [AdminClient clientId=notification-service] Rebootstrapping with Cluster(id = null, nodes = [localhost:9092 (id: -1 rack: null isFenced: false)], partitions = [], controller = null)
2026-06-16 13:32:21.179 [kafka-admin-client-thread | notification-service] INFO  o.a.k.c.a.i.AdminMetadataManager trace=,span= - [AdminClient clientId=notification-service] Rebootstrapping with Cluster(id = null, nodes = [localhost:9092 (id: -1 rack: null isFenced: false)], partitions = [], controller = null)
2026-06-16 13:32:21.179 [kafka-admin-client-thread | notification-service] INFO  o.a.k.c.a.i.AdminMetadataManager trace=,span= - [AdminClient clientId=notification-service] Rebootstrapping with Cluster(id = null, nodes = [localhost:9092 (id: -1 rack: null isFenced: false)], partitions = [], controller = null)
2026-06-16 13:32:21.179 [kafka-admin-client-thread | notification-service] INFO  o.a.k.c.a.i.AdminMetadataManager trace=,span= - [AdminClient clientId=notification-service] Rebootstrapping with Cluster(id = null, nodes = [localhost:9092 (id: -1 rack: null isFenced: false)], partitions = [], controller = null)
2026-06-16 13:32:21.179 [kafka-admin-client-thread | notification-service] INFO  o.a.k.c.a.i.AdminMetadataManager trace=,span= - [AdminClient clientId=notification-service] Rebootstrapping with Cluster(id = null, nodes = [localhost:9092 (id: -1 rack: null isFenced: false)], partitions = [], controller = null)
2026-06-16 13:32:21.179 [kafka-admin-client-thread | notification-service] INFO  o.a.k.c.a.i.AdminMetadataManager trace=,span= - [AdminClient clientId=notification-service] Rebootstrapping with Cluster(id = null, nodes = [localhost:9092 (id: -1 rack: null isFenced: false)], partitions = [], controller = null)
2026-06-16 13:32:21.179 [kafka-admin-client-thread | notification-service] INFO  o.a.k.c.a.i.AdminMetadataManager trace=,span= - [AdminClient clientId=notification-service] Rebootstrapping with Cluster(id = null, nodes = [localhost:9092 (id: -1 rack: null isFenced: false)], partitions = [], controller = null)
2026-06-16 13:32:21.179 [kafka-admin-client-thread | notification-service] INFO  o.a.k.c.a.i.AdminMetadataManager trace=,span= - [AdminClient clientId=notification-service] Rebootstrapping with Cluster(id = null, nodes = [localhost:9092 (id: -1 rack: null isFenced: false)], partitions = [], controller = null)
2026-06-16 13:32:21.179 [kafka-admin-client-thread | notification-service] INFO  o.a.k.c.a.i.AdminMetadataManager trace=,span= - [AdminClient clientId=notification-service] Rebootstrapping with Cluster(id = null, nodes = [localhost:9092 (id: -1 rack: null isFenced: false)], partitions = [], controller = null)
2026-06-16 13:32:21.179 [kafka-admin-client-thread | notification-service] INFO  o.a.k.c.a.i.AdminMetadataManager trace=,span= - [AdminClient clientId=notification-service] Rebootstrapping with Cluster(id = null, nodes = [localhost:9092 (id: -1 rack: null isFenced: false)], partitions = [], controller = null)
2026-06-16 13:32:21.179 [kafka-admin-client-thread | notification-service] INFO  o.a.k.c.a.i.AdminMetadataManager trace=,span= - [AdminClient clientId=notification-service] Rebootstrapping with Cluster(id = null, nodes = [localhost:9092 (id: -1 rack: null isFenced: false)], partitions = [], controller = null)
2026-06-16 13:32:21.179 [kafka-admin-client-thread | notification-service] INFO  o.a.k.c.a.i.AdminMetadataManager trace=,span= - [AdminClient clientId=notification-service] Rebootstrapping with Cluster(id = null, nodes = [localhost:9092 (id: -1 rack: null isFenced: false)], partitions = [], controller = null)
2026-06-16 13:32:21.179 [kafka-admin-client-thread | notification-service] INFO  o.a.k.c.a.i.AdminMetadataManager trace=,span= - [AdminClient clientId=notification-service] Rebootstrapping with Cluster(id = null, nodes = [localhost:9092 (id: -1 rack: null isFenced: false)], partitions = [], controller = null)
2026-06-16 13:32:21.179 [kafka-admin-client-thread | notification-service] INFO  o.a.k.c.a.i.AdminMetadataManager trace=,span= - [AdminClient clientId=notification-service] Rebootstrapping with Cluster(id = null, nodes = [localhost:9092 (id: -1 rack: null isFenced: false)], partitions = [], controller = null)
2026-06-16 13:32:21.179 [kafka-admin-client-thread | notification-service] INFO  o.a.k.c.a.i.AdminMetadataManager trace=,span= - [AdminClient clientId=notification-service] Rebootstrapping with Cluster(id = null, nodes = [localhost:9092 (id: -1 rack: null isFenced: false)], partitions = [], controller = null)
2026-06-16 13:32:21.179 [kafka-admin-client-thread | notification-service] INFO  o.a.k.c.a.i.AdminMetadataManager trace=,span= - [AdminClient clientId=notification-service] Rebootstrapping with Cluster(id = null, nodes = [localhost:9092 (id: -1 rack: null isFenced: false)], partitions = [], controller = null)
2026-06-16 13:32:21.179 [kafka-admin-client-thread | notification-service] INFO  o.a.k.c.a.i.AdminMetadataManager trace=,span= - [AdminClient clientId=notification-service] Rebootstrapping with Cluster(id = null, nodes = [localhost:9092 (id: -1 rack: null isFenced: false)], partitions = [], controller = null)
2026-06-16 13:32:21.179 [kafka-admin-client-thread | notification-service] INFO  o.a.k.c.a.i.AdminMetadataManager trace=,span= - [AdminClient clientId=notification-service] Rebootstrapping with Cluster(id = null, nodes = [localhost:9092 (id: -1 rack: null isFenced: false)], partitions = [], controller = null)
2026-06-16 13:32:21.179 [kafka-admin-client-thread | notification-service] INFO  o.a.k.c.a.i.AdminMetadataManager trace=,span= - [AdminClient clientId=notification-service] Rebootstrapping with Cluster(id = null, nodes = [localhost:9092 (id: -1 rack: null isFenced: false)], partitions = [], controller = null)
2026-06-16 13:32:21.179 [kafka-admin-client-thread | notification-service] INFO  o.a.k.c.a.i.AdminMetadataManager trace=,span= - [AdminClient clientId=notification-service] Rebootstrapping with Cluster(id = null, nodes = [localhost:9092 (id: -1 rack: null isFenced: false)], partitions = [], controller = null)
2026-06-16 13:32:21.282 [kafka-admin-client-thread | notification-service] INFO  o.a.k.c.a.i.AdminMetadataManager trace=,span= - [AdminClient clientId=notification-service] Rebootstrapping with Cluster(id = null, nodes = [localhost:9092 (id: -1 rack: null isFenced: false)], partitions = [], controller = null)
2026-06-16 13:32:21.282 [kafka-admin-client-thread | notification-service] INFO  o.a.k.c.a.i.AdminMetadataManager trace=,span= - [AdminClient clientId=notification-service] Rebootstrapping with Cluster(id = null, nodes = [localhost:9092 (id: -1 rack: null isFenced: false)], partitions = [], controller = null)
2026-06-16 13:32:21.282 [kafka-admin-client-thread | notification-service] INFO  o.a.k.c.a.i.AdminMetadataManager trace=,span= - [AdminClient clientId=notification-service] Rebootstrapping with Cluster(id = null, nodes = [localhost:9092 (id: -1 rack: null isFenced: false)], partitions = [], controller = null)
2026-06-16 13:32:21.283 [kafka-admin-client-thread | notification-service] INFO  o.a.k.c.a.i.AdminMetadataManager trace=,span= - [AdminClient clientId=notification-service] Rebootstrapping with Cluster(id = null, nodes = [localhost:9092 (id: -1 rack: null isFenced: false)], partitions = [], controller = null)
2026-06-16 13:32:21.283 [kafka-admin-client-thread | notification-service] INFO  o.a.k.c.a.i.AdminMetadataManager trace=,span= - [AdminClient clientId=notification-service] Rebootstrapping with Cluster(id = null, nodes = [localhost:9092 (id: -1 rack: null isFenced: false)], partitions = [], controller = null)
2026-06-16 13:32:21.284 [kafka-admin-client-thread | notification-service] INFO  o.a.k.c.a.i.AdminMetadataManager trace=,span= - [AdminClient clientId=notification-service] Rebootstrapping with Cluster(id = null, nodes = [localhost:9092 (id: -1 rack: null isFenced: false)], partitions = [], controller = null)
2026-06-16 13:32:21.284 [kafka-admin-client-thread | notification-service] INFO  o.a.k.c.a.i.AdminMetadataManager trace=,span= - [AdminClient clientId=notification-service] Rebootstrapping with Cluster(id = null, nodes = [localhost:9092 (id: -1 rack: null isFenced: false)], partitions = [], controller = null)
2026-06-16 13:32:21.284 [kafka-admin-client-thread | notification-service] INFO  o.a.k.c.a.i.AdminMetadataManager trace=,span= - [AdminClient clientId=notification-service] Rebootstrapping with Cluster(id = null, nodes = [localhost:9092 (id: -1 rack: null isFenced: false)], partitions = [], controller = null)
2026-06-16 13:32:21.284 [kafka-admin-client-thread | notification-service] INFO  o.a.k.c.a.i.AdminMetadataManager trace=,span= - [AdminClient clientId=notification-service] Rebootstrapping with Cluster(id = null, nodes = [localhost:9092 (id: -1 rack: null isFenced: false)], partitions = [], controller = null)
2026-06-16 13:32:21.284 [kafka-admin-client-thread | notification-service] INFO  o.a.k.c.a.i.AdminMetadataManager trace=,span= - [AdminClient clientId=notification-service] Rebootstrapping with Cluster(id = null, nodes = [localhost:9092 (id: -1 rack: null isFenced: false)], partitions = [], controller = null)
2026-06-16 13:32:21.284 [kafka-admin-client-thread | notification-service] INFO  o.a.k.c.a.i.AdminMetadataManager trace=,span= - [AdminClient clientId=notification-service] Rebootstrapping with Cluster(id = null, nodes = [localhost:9092 (id: -1 rack: null isFenced: false)], partitions = [], controller = null)
2026-06-16 13:32:21.284 [kafka-admin-client-thread | notification-service] INFO  o.a.k.c.a.i.AdminMetadataManager trace=,span= - [AdminClient clientId=notification-service] Rebootstrapping with Cluster(id = null, nodes = [localhost:9092 (id: -1 rack: null isFenced: false)], partitions = [], controller = null)
2026-06-16 13:32:21.284 [kafka-admin-client-thread | notification-service] INFO  o.a.k.c.a.i.AdminMetadataManager trace=,span= - [AdminClient clientId=notification-service] Rebootstrapping with Cluster(id = null, nodes = [localhost:9092 (id: -1 rack: null isFenced: false)], partitions = [], controller = null)
2026-06-16 13:32:21.285 [kafka-admin-client-thread | notification-service] INFO  o.a.k.c.a.i.AdminMetadataManager trace=,span= - [AdminClient clientId=notification-service] Rebootstrapping with Cluster(id = null, nodes = [localhost:9092 (id: -1 rack: null isFenced: false)], partitions = [], controller = null)
2026-06-16 13:32:21.288 [kafka-admin-client-thread | notification-service] INFO  o.a.k.c.a.i.AdminMetadataManager trace=,span= - [AdminClient clientId=notification-service] Rebootstrapping with Cluster(id = null, nodes = [localhost:9092 (id: -1 rack: null isFenced: false)], partitions = [], controller = null)
2026-06-16 13:32:21.288 [kafka-admin-client-thread | notification-service] INFO  o.a.k.c.a.i.AdminMetadataManager trace=,span= - [AdminClient clientId=notification-service] Rebootstrapping with Cluster(id = null, nodes = [localhost:9092 (id: -1 rack: null isFenced: false)], partitions = [], controller = null)
2026-06-16 13:32:21.288 [kafka-admin-client-thread | notification-service] INFO  o.a.k.c.a.i.AdminMetadataManager trace=,span= - [AdminClient clientId=notification-service] Rebootstrapping with Cluster(id = null, nodes = [localhost:9092 (id: -1 rack: null isFenced: false)], partitions = [], controller = null)
2026-06-16 13:32:21.288 [kafka-admin-client-thread | notification-service] INFO  o.a.k.c.a.i.AdminMetadataManager trace=,span= - [AdminClient clientId=notification-service] Rebootstrapping with Cluster(id = null, nodes = [localhost:9092 (id: -1 rack: null isFenced: false)], partitions = [], controller = null)
2026-06-16 13:32:21.288 [kafka-admin-client-thread | notification-service] INFO  o.a.k.c.a.i.AdminMetadataManager trace=,span= - [AdminClient clientId=notification-service] Rebootstrapping with Cluster(id = null, nodes = [localhost:9092 (id: -1 rack: null isFenced: false)], partitions = [], controller = null)
2026-06-16 13:32:21.288 [kafka-admin-client-thread | notification-service] INFO  o.a.k.c.a.i.AdminMetadataManager trace=,span= - [AdminClient clientId=notification-service] Rebootstrapping with Cluster(id = null, nodes = [localhost:9092 (id: -1 rack: null isFenced: false)], partitions = [], controller = null)
2026-06-16 13:32:21.288 [kafka-admin-client-thread | notification-service] INFO  o.a.k.c.a.i.AdminMetadataManager trace=,span= - [AdminClient clientId=notification-service] Rebootstrapping with Cluster(id = null, nodes = [localhost:9092 (id: -1 rack: null isFenced: false)], partitions = [], controller = null)
2026-06-16 13:32:21.289 [kafka-admin-client-thread | notification-service] INFO  o.a.k.c.a.i.AdminMetadataManager trace=,span= - [AdminClient clientId=notification-service] Rebootstrapping with Cluster(id = null, nodes = [localhost:9092 (id: -1 rack: null isFenced: false)], partitions = [], controller = null)
2026-06-16 13:32:21.289 [kafka-admin-client-thread | notification-service] INFO  o.a.k.c.a.i.AdminMetadataManager trace=,span= - [AdminClient clientId=notification-service] Rebootstrapping with Cluster(id = null, nodes = [localhost:9092 (id: -1 rack: null isFenced: false)], partitions = [], controller = null)
2026-06-16 13:32:21.289 [kafka-admin-client-thread | notification-service] INFO  o.a.k.c.a.i.AdminMetadataManager trace=,span= - [AdminClient clientId=notification-service] Rebootstrapping with Cluster(id = null, nodes = [localhost:9092 (id: -1 rack: null isFenced: false)], partitions = [], controller = null)
2026-06-16 13:32:21.289 [kafka-admin-client-thread | notification-service] INFO  o.a.k.c.a.i.AdminMetadataManager trace=,span= - [AdminClient clientId=notification-service] Rebootstrapping with Cluster(id = null, nodes = [localhost:9092 (id: -1 rack: null isFenced: false)], partitions = [], controller = null)
2026-06-16 13:32:21.289 [kafka-admin-client-thread | notification-service] INFO  o.a.k.c.a.i.AdminMetadataManager trace=,span= - [AdminClient clientId=notification-service] Rebootstrapping with Cluster(id = null, nodes = [localhost:9092 (id: -1 rack: null isFenced: false)], partitions = [], controller = null)
2026-06-16 13:32:21.289 [kafka-admin-client-thread | notification-service] INFO  o.a.k.c.a.i.AdminMetadataManager trace=,span= - [AdminClient clientId=notification-service] Rebootstrapping with Cluster(id = null, nodes = [localhost:9092 (id: -1 rack: null isFenced: false)], partitions = [], controller = null)
2026-06-16 13:32:21.289 [kafka-admin-client-thread | notification-service] INFO  o.a.k.c.a.i.AdminMetadataManager trace=,span= - [AdminClient clientId=notification-service] Rebootstrapping with Cluster(id = null, nodes = [localhost:9092 (id: -1 rack: null isFenced: false)], partitions = [], controller = null)
2026-06-16 13:32:21.289 [kafka-admin-client-thread | notification-service] INFO  o.a.k.c.a.i.AdminMetadataManager trace=,span= - [AdminClient clientId=notification-service] Rebootstrapping with Cluster(id = null, nodes = [localhost:9092 (id: -1 rack: null isFenced: false)], partitions = [], controller = null)
2026-06-16 13:32:21.289 [kafka-admin-client-thread | notification-service] INFO  o.a.k.c.a.i.AdminMetadataManager trace=,span= - [AdminClient clientId=notification-service] Rebootstrapping with Cluster(id = null, nodes = [localhost:9092 (id: -1 rack: null isFenced: false)], partitions = [], controller = null)
2026-06-16 13:32:21.289 [kafka-admin-client-thread | notification-service] INFO  o.a.k.c.a.i.AdminMetadataManager trace=,span= - [AdminClient clientId=notification-service] Rebootstrapping with Cluster(id = null, nodes = [localhost:9092 (id: -1 rack: null isFenced: false)], partitions = [], controller = null)
2026-06-16 13:32:21.289 [kafka-admin-client-thread | notification-service] INFO  o.a.k.c.a.i.AdminMetadataManager trace=,span= - [AdminClient clientId=notification-service] Rebootstrapping with Cluster(id = null, nodes = [localhost:9092 (id: -1 rack: null isFenced: false)], partitions = [], controller = null)
2026-06-16 13:32:21.289 [kafka-admin-client-thread | notification-service] INFO  o.a.k.c.a.i.AdminMetadataManager trace=,span= - [AdminClient clientId=notification-service] Rebootstrapping with Cluster(id = null, nodes = [localhost:9092 (id: -1 rack: null isFenced: false)], partitions = [], controller = null)
2026-06-16 13:32:21.289 [kafka-admin-client-thread | notification-service] INFO  o.a.k.c.a.i.AdminMetadataManager trace=,span= - [AdminClient clientId=notification-service] Rebootstrapping with Cluster(id = null, nodes = [localhost:9092 (id: -1 rack: null isFenced: false)], partitions = [], controller = null)
2026-06-16 13:32:21.289 [kafka-admin-client-thread | notification-service] INFO  o.a.k.c.a.i.AdminMetadataManager trace=,span= - [AdminClient clientId=notification-service] Rebootstrapping with Cluster(id = null, nodes = [localhost:9092 (id: -1 rack: null isFenced: false)], partitions = [], controller = null)
2026-06-16 13:32:21.289 [kafka-admin-client-thread | notification-service] INFO  o.a.k.c.a.i.AdminMetadataManager trace=,span= - [AdminClient clientId=notification-service] Rebootstrapping with Cluster(id = null, nodes = [localhost:9092 (id: -1 rack: null isFenced: false)], partitions = [], controller = null)
2026-06-16 13:32:21.289 [kafka-admin-client-thread | notification-service] INFO  o.a.k.c.a.i.AdminMetadataManager trace=,span= - [AdminClient clientId=notification-service] Rebootstrapping with Cluster(id = null, nodes = [localhost:9092 (id: -1 rack: null isFenced: false)], partitions = [], controller = null)
2026-06-16 13:32:21.289 [kafka-admin-client-thread | notification-service] INFO  o.a.k.c.a.i.AdminMetadataManager trace=,span= - [AdminClient clientId=notification-service] Rebootstrapping with Cluster(id = null, nodes = [localhost:9092 (id: -1 rack: null isFenced: false)], partitions = [], controller = null)
2026-06-16 13:32:21.289 [kafka-admin-client-thread | notification-service] INFO  o.a.k.c.a.i.AdminMetadataManager trace=,span= - [AdminClient clientId=notification-service] Rebootstrapping with Cluster(id = null, nodes = [localhost:9092 (id: -1 rack: null isFenced: false)], partitions = [], controller = null)
2026-06-16 13:32:21.289 [kafka-admin-client-thread | notification-service] INFO  o.a.k.c.a.i.AdminMetadataManager trace=,span= - [AdminClient clientId=notification-service] Rebootstrapping with Cluster(id = null, nodes = [localhost:9092 (id: -1 rack: null isFenced: false)], partitions = [], controller = null)
2026-06-16 13:32:21.289 [kafka-admin-client-thread | notification-service] INFO  o.a.k.c.a.i.AdminMetadataManager trace=,span= - [AdminClient clientId=notification-service] Rebootstrapping with Cluster(id = null, nodes = [localhost:9092 (id: -1 rack: null isFenced: false)], partitions = [], controller = null)
2026-06-16 13:32:21.289 [kafka-admin-client-thread | notification-service] INFO  o.a.k.c.a.i.AdminMetadataManager trace=,span= - [AdminClient clientId=notification-service] Rebootstrapping with Cluster(id = null, nodes = [localhost:9092 (id: -1 rack: null isFenced: false)], partitions = [], controller = null)
2026-06-16 13:32:21.289 [kafka-admin-client-thread | notification-service] INFO  o.a.k.c.a.i.AdminMetadataManager trace=,span= - [AdminClient clientId=notification-service] Rebootstrapping with Cluster(id = null, nodes = [localhost:9092 (id: -1 rack: null isFenced: false)], partitions = [], controller = null)
2026-06-16 13:32:21.289 [kafka-admin-client-thread | notification-service] INFO  o.a.k.c.a.i.AdminMetadataManager trace=,span= - [AdminClient clientId=notification-service] Rebootstrapping with Cluster(id = null, nodes = [localhost:9092 (id: -1 rack: null isFenced: false)], partitions = [], controller = null)
2026-06-16 13:32:21.289 [kafka-admin-client-thread | notification-service] INFO  o.a.k.c.a.i.AdminMetadataManager trace=,span= - [AdminClient clientId=notification-service] Rebootstrapping with Cluster(id = null, nodes = [localhost:9092 (id: -1 rack: null isFenced: false)], partitions = [], controller = null)
2026-06-16 13:32:21.289 [kafka-admin-client-thread | notification-service] INFO  o.a.k.c.a.i.AdminMetadataManager trace=,span= - [AdminClient clientId=notification-service] Rebootstrapping with Cluster(id = null, nodes = [localhost:9092 (id: -1 rack: null isFenced: false)], partitions = [], controller = null)
2026-06-16 13:32:21.289 [kafka-admin-client-thread | notification-service] INFO  o.a.k.c.a.i.AdminMetadataManager trace=,span= - [AdminClient clientId=notification-service] Rebootstrapping with Cluster(id = null, nodes = [localhost:9092 (id: -1 rack: null isFenced: false)], partitions = [], controller = null)
2026-06-16 13:32:21.289 [kafka-admin-client-thread | notification-service] INFO  o.a.k.c.a.i.AdminMetadataManager trace=,span= - [AdminClient clientId=notification-service] Rebootstrapping with Cluster(id = null, nodes = [localhost:9092 (id: -1 rack: null isFenced: false)], partitions = [], controller = null)
2026-06-16 13:32:21.393 [kafka-admin-client-thread | notification-service] INFO  o.apache.kafka.clients.NetworkClient trace=,span= - [AdminClient clientId=notification-service] Node -1 disconnected.
2026-06-16 13:32:21.394 [kafka-admin-client-thread | notification-service] WARN  o.apache.kafka.clients.NetworkClient trace=,span= - [AdminClient clientId=notification-service] Connection to node -1 (localhost/127.0.0.1:9092) could not be established. Node may not be available.
2026-06-16 13:32:21.395 [kafka-admin-client-thread | notification-service] INFO  o.a.k.c.a.i.AdminMetadataManager trace=,span= - [AdminClient clientId=notification-service] Rebootstrapping with Cluster(id = null, nodes = [localhost:9092 (id: -1 rack: null isFenced: false)], partitions = [], controller = null)
2026-06-16 13:32:21.395 [kafka-admin-client-thread | notification-service] INFO  o.a.k.c.a.i.AdminMetadataManager trace=,span= - [AdminClient clientId=notification-service] Rebootstrapping with Cluster(id = null, nodes = [localhost:9092 (id: -1 rack: null isFenced: false)], partitions = [], controller = null)
2026-06-16 13:32:21.395 [kafka-admin-client-thread | notification-service] INFO  o.a.k.c.a.i.AdminMetadataManager trace=,span= - [AdminClient clientId=notification-service] Rebootstrapping with Cluster(id = null, nodes = [localhost:9092 (id: -1 rack: null isFenced: false)], partitions = [], controller = null)
2026-06-16 13:32:21.395 [kafka-admin-client-thread | notification-service] INFO  o.a.k.c.a.i.AdminMetadataManager trace=,span= - [AdminClient clientId=notification-service] Rebootstrapping with Cluster(id = null, nodes = [localhost:9092 (id: -1 rack: null isFenced: false)], partitions = [], controller = null)
2026-06-16 13:32:21.395 [kafka-admin-client-thread | notification-service] INFO  o.a.k.c.a.i.AdminMetadataManager trace=,span= - [AdminClient clientId=notification-service] Rebootstrapping with Cluster(id = null, nodes = [localhost:9092 (id: -1 rack: null isFenced: false)], partitions = [], controller = null)
2026-06-16 13:32:21.395 [kafka-admin-client-thread | notification-service] INFO  o.a.k.c.a.i.AdminMetadataManager trace=,span= - [AdminClient clientId=notification-service] Rebootstrapping with Cluster(id = null, nodes = [localhost:9092 (id: -1 rack: null isFenced: false)], partitions = [], controller = null)
2026-06-16 13:32:21.395 [kafka-admin-client-thread | notification-service] INFO  o.a.k.c.a.i.AdminMetadataManager trace=,span= - [AdminClient clientId=notification-service] Rebootstrapping with Cluster(id = null, nodes = [localhost:9092 (id: -1 rack: null isFenced: false)], partitions = [], controller = null)
2026-06-16 13:32:21.395 [kafka-admin-client-thread | notification-service] INFO  o.a.k.c.a.i.AdminMetadataManager trace=,span= - [AdminClient clientId=notification-service] Rebootstrapping with Cluster(id = null, nodes = [localhost:9092 (id: -1 rack: null isFenced: false)], partitions = [], controller = null)
2026-06-16 13:32:21.395 [kafka-admin-client-thread | notification-service] INFO  o.a.k.c.a.i.AdminMetadataManager trace=,span= - [AdminClient clientId=notification-service] Rebootstrapping with Cluster(id = null, nodes = [localhost:9092 (id: -1 rack: null isFenced: false)], partitions = [], controller = null)
2026-06-16 13:32:21.395 [kafka-admin-client-thread | notification-service] INFO  o.a.k.c.a.i.AdminMetadataManager trace=,span= - [AdminClient clientId=notification-service] Rebootstrapping with Cluster(id = null, nodes = [localhost:9092 (id: -1 rack: null isFenced: false)], partitions = [], controller = null)
2026-06-16 13:32:21.395 [kafka-admin-client-thread | notification-service] INFO  o.a.k.c.a.i.AdminMetadataManager trace=,span= - [AdminClient clientId=notification-service] Rebootstrapping with Cluster(id = null, nodes = [localhost:9092 (id: -1 rack: null isFenced: false)], partitions = [], controller = null)
2026-06-16 13:32:21.395 [kafka-admin-client-thread | notification-service] INFO  o.a.k.c.a.i.AdminMetadataManager trace=,span= - [AdminClient clientId=notification-service] Rebootstrapping with Cluster(id = null, nodes = [localhost:9092 (id: -1 rack: null isFenced: false)], partitions = [], controller = null)
2026-06-16 13:32:21.395 [kafka-admin-client-thread | notification-service] INFO  o.a.k.c.a.i.AdminMetadataManager trace=,span= - [AdminClient clientId=notification-service] Rebootstrapping with Cluster(id = null, nodes = [localhost:9092 (id: -1 rack: null isFenced: false)], partitions = [], controller = null)
2026-06-16 13:32:21.395 [kafka-admin-client-thread | notification-service] INFO  o.a.k.c.a.i.AdminMetadataManager trace=,span= - [AdminClient clientId=notification-service] Rebootstrapping with Cluster(id = null, nodes = [localhost:9092 (id: -1 rack: null isFenced: false)], partitions = [], controller = null)
2026-06-16 13:32:21.395 [kafka-admin-client-thread | notification-service] INFO  o.a.k.c.a.i.AdminMetadataManager trace=,span= - [AdminClient clientId=notification-service] Rebootstrapping with Cluster(id = null, nodes = [localhost:9092 (id: -1 rack: null isFenced: false)], partitions = [], controller = null)
2026-06-16 13:32:21.395 [kafka-admin-client-thread | notification-service] INFO  o.a.k.c.a.i.AdminMetadataManager trace=,span= - [AdminClient clientId=notification-service] Rebootstrapping with Cluster(id = null, nodes = [localhost:9092 (id: -1 rack: null isFenced: false)], partitions = [], controller = null)
2026-06-16 13:32:21.395 [kafka-admin-client-thread | notification-service] INFO  o.a.k.c.a.i.AdminMetadataManager trace=,span= - [AdminClient clientId=notification-service] Rebootstrapping with Cluster(id = null, nodes = [localhost:9092 (id: -1 rack: null isFenced: false)], partitions = [], controller = null)
2026-06-16 13:32:21.396 [kafka-admin-client-thread | notification-service] INFO  o.a.k.c.a.i.AdminMetadataManager trace=,span= - [AdminClient clientId=notification-service] Rebootstrapping with Cluster(id = null, nodes = [localhost:9092 (id: -1 rack: null isFenced: false)], partitions = [], controller = null)
2026-06-16 13:32:21.396 [kafka-admin-client-thread | notification-service] INFO  o.a.k.c.a.i.AdminMetadataManager trace=,span= - [AdminClient clientId=notification-service] Rebootstrapping with Cluster(id = null, nodes = [localhost:9092 (id: -1 rack: null isFenced: false)], partitions = [], controller = null)
2026-06-16 13:32:21.396 [kafka-admin-client-thread | notification-service] INFO  o.a.k.c.a.i.AdminMetadataManager trace=,span= - [AdminClient clientId=notification-service] Rebootstrapping with Cluster(id = null, nodes = [localhost:9092 (id: -1 rack: null isFenced: false)], partitions = [], controller = null)
2026-06-16 13:32:21.396 [kafka-admin-client-thread | notification-service] INFO  o.a.k.c.a.i.AdminMetadataManager trace=,span= - [AdminClient clientId=notification-service] Rebootstrapping with Cluster(id = null, nodes = [localhost:9092 (id: -1 rack: null isFenced: false)], partitions = [], controller = null)
2026-06-16 13:32:21.396 [kafka-admin-client-thread | notification-service] INFO  o.a.k.c.a.i.AdminMetadataManager trace=,span= - [AdminClient clientId=notification-service] Rebootstrapping with Cluster(id = null, nodes = [localhost:9092 (id: -1 rack: null isFenced: false)], partitions = [], controller = null)
2026-06-16 13:32:21.396 [kafka-admin-client-thread | notification-service] INFO  o.a.k.c.a.i.AdminMetadataManager trace=,span= - [AdminClient clientId=notification-service] Rebootstrapping with Cluster(id = null, nodes = [localhost:9092 (id: -1 rack: null isFenced: false)], partitions = [], controller = null)
2026-06-16 13:32:21.396 [kafka-admin-client-thread | notification-service] INFO  o.a.k.c.a.i.AdminMetadataManager trace=,span= - [AdminClient clientId=notification-service] Rebootstrapping with Cluster(id = null, nodes = [localhost:9092 (id: -1 rack: null isFenced: false)], partitions = [], controller = null)
2026-06-16 13:32:21.396 [kafka-admin-client-thread | notification-service] INFO  o.a.k.c.a.i.AdminMetadataManager trace=,span= - [AdminClient clientId=notification-service] Rebootstrapping with Cluster(id = null, nodes = [localhost:9092 (id: -1 rack: null isFenced: false)], partitions = [], controller = null)
2026-06-16 13:32:21.396 [kafka-admin-client-thread | notification-service] INFO  o.a.k.c.a.i.AdminMetadataManager trace=,span= - [AdminClient clientId=notification-service] Rebootstrapping with Cluster(id = null, nodes = [localhost:9092 (id: -1 rack: null isFenced: false)], partitions = [], controller = null)
2026-06-16 13:32:21.396 [kafka-admin-client-thread | notification-service] INFO  o.a.k.c.a.i.AdminMetadataManager trace=,span= - [AdminClient clientId=notification-service] Rebootstrapping with Cluster(id = null, nodes = [localhost:9092 (id: -1 rack: null isFenced: false)], partitions = [], controller = null)
2026-06-16 13:32:21.396 [kafka-admin-client-thread | notification-service] INFO  o.a.k.c.a.i.AdminMetadataManager trace=,span= - [AdminClient clientId=notification-service] Rebootstrapping with Cluster(id = null, nodes = [localhost:9092 (id: -1 rack: null isFenced: false)], partitions = [], controller = null)
2026-06-16 13:32:21.396 [kafka-admin-client-thread | notification-service] INFO  o.a.k.c.a.i.AdminMetadataManager trace=,span= - [AdminClient clientId=notification-service] Rebootstrapping with Cluster(id = null, nodes = [localhost:9092 (id: -1 rack: null isFenced: false)], partitions = [], controller = null)
2026-06-16 13:32:21.396 [kafka-admin-client-thread | notification-service] INFO  o.a.k.c.a.i.AdminMetadataManager trace=,span= - [AdminClient clientId=notification-service] Rebootstrapping with Cluster(id = null, nodes = [localhost:9092 (id: -1 rack: null isFenced: false)], partitions = [], controller = null)
2026-06-16 13:32:21.396 [kafka-admin-client-thread | notification-service] INFO  o.a.k.c.a.i.AdminMetadataManager trace=,span= - [AdminClient clientId=notification-service] Rebootstrapping with Cluster(id = null, nodes = [localhost:9092 (id: -1 rack: null isFenced: false)], partitions = [], controller = null)
2026-06-16 13:32:21.396 [kafka-admin-client-thread | notification-service] INFO  o.a.k.c.a.i.AdminMetadataManager trace=,span= - [AdminClient clientId=notification-service] Rebootstrapping with Cluster(id = null, nodes = [localhost:9092 (id: -1 rack: null isFenced: false)], partitions = [], controller = null)
2026-06-16 13:32:21.396 [kafka-admin-client-thread | notification-service] INFO  o.a.k.c.a.i.AdminMetadataManager trace=,span= - [AdminClient clientId=notification-service] Rebootstrapping with Cluster(id = null, nodes = [localhost:9092 (id: -1 rack: null isFenced: false)], partitions = [], controller = null)
2026-06-16 13:32:21.396 [kafka-admin-client-thread | notification-service] INFO  o.a.k.c.a.i.AdminMetadataManager trace=,span= - [AdminClient clientId=notification-service] Rebootstrapping with Cluster(id = null, nodes = [localhost:9092 (id: -1 rack: null isFenced: false)], partitions = [], controller = null)
2026-06-16 13:32:21.396 [kafka-admin-client-thread | notification-service] INFO  o.a.k.c.a.i.AdminMetadataManager trace=,span= - [AdminClient clientId=notification-service] Rebootstrapping with Cluster(id = null, nodes = [localhost:9092 (id: -1 rack: null isFenced: false)], partitions = [], controller = null)
2026-06-16 13:32:21.396 [kafka-admin-client-thread | notification-service] INFO  o.a.k.c.a.i.AdminMetadataManager trace=,span= - [AdminClient clientId=notification-service] Rebootstrapping with Cluster(id = null, nodes = [localhost:9092 (id: -1 rack: null isFenced: false)], partitions = [], controller = null)
2026-06-16 13:32:21.396 [kafka-admin-client-thread | notification-service] INFO  o.a.k.c.a.i.AdminMetadataManager trace=,span= - [AdminClient clientId=notification-service] Rebootstrapping with Cluster(id = null, nodes = [localhost:9092 (id: -1 rack: null isFenced: false)], partitions = [], controller = null)
2026-06-16 13:32:21.396 [kafka-admin-client-thread | notification-service] INFO  o.a.k.c.a.i.AdminMetadataManager trace=,span= - [AdminClient clientId=notification-service] Rebootstrapping with Cluster(id = null, nodes = [localhost:9092 (id: -1 rack: null isFenced: false)], partitions = [], controller = null)
2026-06-16 13:32:21.396 [kafka-admin-client-thread | notification-service] INFO  o.a.k.c.a.i.AdminMetadataManager trace=,span= - [AdminClient clientId=notification-service] Rebootstrapping with Cluster(id = null, nodes = [localhost:9092 (id: -1 rack: null isFenced: false)], partitions = [], controller = null)
2026-06-16 13:32:21.397 [kafka-admin-client-thread | notification-service] INFO  o.a.k.c.a.i.AdminMetadataManager trace=,span= - [AdminClient clientId=notification-service] Rebootstrapping with Cluster(id = null, nodes = [localhost:9092 (id: -1 rack: null isFenced: false)], partitions = [], controller = null)
2026-06-16 13:32:21.397 [kafka-admin-client-thread | notification-service] INFO  o.a.k.c.a.i.AdminMetadataManager trace=,span= - [AdminClient clientId=notification-service] Rebootstrapping with Cluster(id = null, nodes = [localhost:9092 (id: -1 rack: null isFenced: false)], partitions = [], controller = null)
2026-06-16 13:32:21.397 [kafka-admin-client-thread | notification-service] INFO  o.a.k.c.a.i.AdminMetadataManager trace=,span= - [AdminClient clientId=notification-service] Rebootstrapping with Cluster(id = null, nodes = [localhost:9092 (id: -1 rack: null isFenced: false)], partitions = [], controller = null)
2026-06-16 13:32:21.397 [kafka-admin-client-thread | notification-service] INFO  o.a.k.c.a.i.AdminMetadataManager trace=,span= - [AdminClient clientId=notification-service] Rebootstrapping with Cluster(id = null, nodes = [localhost:9092 (id: -1 rack: null isFenced: false)], partitions = [], controller = null)
2026-06-16 13:32:21.397 [kafka-admin-client-thread | notification-service] INFO  o.a.k.c.a.i.AdminMetadataManager trace=,span= - [AdminClient clientId=notification-service] Rebootstrapping with Cluster(id = null, nodes = [localhost:9092 (id: -1 rack: null isFenced: false)], partitions = [], controller = null)
2026-06-16 13:32:21.397 [kafka-admin-client-thread | notification-service] INFO  o.a.k.c.a.i.AdminMetadataManager trace=,span= - [AdminClient clientId=notification-service] Rebootstrapping with Cluster(id = null, nodes = [localhost:9092 (id: -1 rack: null isFenced: false)], partitions = [], controller = null)
2026-06-16 13:32:21.397 [kafka-admin-client-thread | notification-service] INFO  o.a.k.c.a.i.AdminMetadataManager trace=,span= - [AdminClient clientId=notification-service] Rebootstrapping with Cluster(id = null, nodes = [localhost:9092 (id: -1 rack: null isFenced: false)], partitions = [], controller = null)
2026-06-16 13:32:21.397 [kafka-admin-client-thread | notification-service] INFO  o.a.k.c.a.i.AdminMetadataManager trace=,span= - [AdminClient clientId=notification-service] Rebootstrapping with Cluster(id = null, nodes = [localhost:9092 (id: -1 rack: null isFenced: false)], partitions = [], controller = null)
2026-06-16 13:32:21.397 [kafka-admin-client-thread | notification-service] INFO  o.a.k.c.a.i.AdminMetadataManager trace=,span= - [AdminClient clientId=notification-service] Rebootstrapping with Cluster(id = null, nodes = [localhost:9092 (id: -1 rack: null isFenced: false)], partitions = [], controller = null)
2026-06-16 13:32:21.397 [kafka-admin-client-thread | notification-service] INFO  o.a.k.c.a.i.AdminMetadataManager trace=,span= - [AdminClient clientId=notification-service] Rebootstrapping with Cluster(id = null, nodes = [localhost:9092 (id: -1 rack: null isFenced: false)], partitions = [], controller = null)
2026-06-16 13:32:21.496 [kafka-admin-client-thread | notification-service] INFO  o.a.k.c.a.i.AdminMetadataManager trace=,span= - [AdminClient clientId=notification-service] Rebootstrapping with Cluster(id = null, nodes = [localhost:9092 (id: -1 rack: null isFenced: false)], partitions = [], controller = null)
2026-06-16 13:32:21.496 [kafka-admin-client-thread | notification-service] INFO  o.a.k.c.a.i.AdminMetadataManager trace=,span= - [AdminClient clientId=notification-service] Rebootstrapping with Cluster(id = null, nodes = [localhost:9092 (id: -1 rack: null isFenced: false)], partitions = [], controller = null)
2026-06-16 13:32:21.496 [kafka-admin-client-thread | notification-service] INFO  o.a.k.c.a.i.AdminMetadataManager trace=,span= - [AdminClient clientId=notification-service] Rebootstrapping with Cluster(id = null, nodes = [localhost:9092 (id: -1 rack: null isFenced: false)], partitions = [], controller = null)
2026-06-16 13:32:21.497 [kafka-admin-client-thread | notification-service] INFO  o.a.k.c.a.i.AdminMetadataManager trace=,span= - [AdminClient clientId=notification-service] Rebootstrapping with Cluster(id = null, nodes = [localhost:9092 (id: -1 rack: null isFenced: false)], partitions = [], controller = null)
2026-06-16 13:32:21.497 [kafka-admin-client-thread | notification-service] INFO  o.a.k.c.a.i.AdminMetadataManager trace=,span= - [AdminClient clientId=notification-service] Rebootstrapping with Cluster(id = null, nodes = [localhost:9092 (id: -1 rack: null isFenced: false)], partitions = [], controller = null)
2026-06-16 13:32:21.497 [kafka-admin-client-thread | notification-service] INFO  o.a.k.c.a.i.AdminMetadataManager trace=,span= - [AdminClient clientId=notification-service] Rebootstrapping with Cluster(id = null, nodes = [localhost:9092 (id: -1 rack: null isFenced: false)], partitions = [], controller = null)
2026-06-16 13:32:21.497 [kafka-admin-client-thread | notification-service] INFO  o.a.k.c.a.i.AdminMetadataManager trace=,span= - [AdminClient clientId=notification-service] Rebootstrapping with Cluster(id = null, nodes = [localhost:9092 (id: -1 rack: null isFenced: false)], partitions = [], controller = null)
2026-06-16 13:32:21.499 [kafka-admin-client-thread | notification-service] INFO  o.a.k.c.a.i.AdminMetadataManager trace=,span= - [AdminClient clientId=notification-service] Rebootstrapping with Cluster(id = null, nodes = [localhost:9092 (id: -1 rack: null isFenced: false)], partitions = [], controller = null)
2026-06-16 13:32:21.499 [kafka-admin-client-thread | notification-service] INFO  o.a.k.c.a.i.AdminMetadataManager trace=,span= - [AdminClient clientId=notification-service] Rebootstrapping with Cluster(id = null, nodes = [localhost:9092 (id: -1 rack: null isFenced: false)], partitions = [], controller = null)
2026-06-16 13:32:21.499 [kafka-admin-client-thread | notification-service] INFO  o.a.k.c.a.i.AdminMetadataManager trace=,span= - [AdminClient clientId=notification-service] Rebootstrapping with Cluster(id = null, nodes = [localhost:9092 (id: -1 rack: null isFenced: false)], partitions = [], controller = null)
2026-06-16 13:32:21.499 [kafka-admin-client-thread | notification-service] INFO  o.a.k.c.a.i.AdminMetadataManager trace=,span= - [AdminClient clientId=notification-service] Rebootstrapping with Cluster(id = null, nodes = [localhost:9092 (id: -1 rack: null isFenced: false)], partitions = [], controller = null)
2026-06-16 13:32:21.499 [kafka-admin-client-thread | notification-service] INFO  o.a.k.c.a.i.AdminMetadataManager trace=,span= - [AdminClient clientId=notification-service] Rebootstrapping with Cluster(id = null, nodes = [localhost:9092 (id: -1 rack: null isFenced: false)], partitions = [], controller = null)
2026-06-16 13:32:21.499 [kafka-admin-client-thread | notification-service] INFO  o.a.k.c.a.i.AdminMetadataManager trace=,span= - [AdminClient clientId=notification-service] Rebootstrapping with Cluster(id = null, nodes = [localhost:9092 (id: -1 rack: null isFenced: false)], partitions = [], controller = null)
2026-06-16 13:32:21.500 [kafka-admin-client-thread | notification-service] INFO  o.a.k.c.a.i.AdminMetadataManager trace=,span= - [AdminClient clientId=notification-service] Rebootstrapping with Cluster(id = null, nodes = [localhost:9092 (id: -1 rack: null isFenced: false)], partitions = [], controller = null)
2026-06-16 13:32:21.501 [kafka-admin-client-thread | notification-service] INFO  o.a.k.c.a.i.AdminMetadataManager trace=,span= - [AdminClient clientId=notification-service] Rebootstrapping with Cluster(id = null, nodes = [localhost:9092 (id: -1 rack: null isFenced: false)], partitions = [], controller = null)
2026-06-16 13:32:21.501 [kafka-admin-client-thread | notification-service] INFO  o.a.k.c.a.i.AdminMetadataManager trace=,span= - [AdminClient clientId=notification-service] Rebootstrapping with Cluster(id = null, nodes = [localhost:9092 (id: -1 rack: null isFenced: false)], partitions = [], controller = null)
2026-06-16 13:32:21.501 [kafka-admin-client-thread | notification-service] INFO  o.a.k.c.a.i.AdminMetadataManager trace=,span= - [AdminClient clientId=notification-service] Rebootstrapping with Cluster(id = null, nodes = [localhost:9092 (id: -1 rack: null isFenced: false)], partitions = [], controller = null)
2026-06-16 13:32:21.501 [kafka-admin-client-thread | notification-service] INFO  o.a.k.c.a.i.AdminMetadataManager trace=,span= - [AdminClient clientId=notification-service] Rebootstrapping with Cluster(id = null, nodes = [localhost:9092 (id: -1 rack: null isFenced: false)], partitions = [], controller = null)
2026-06-16 13:32:21.501 [kafka-admin-client-thread | notification-service] INFO  o.a.k.c.a.i.AdminMetadataManager trace=,span= - [AdminClient clientId=notification-service] Rebootstrapping with Cluster(id = null, nodes = [localhost:9092 (id: -1 rack: null isFenced: false)], partitions = [], controller = null)
2026-06-16 13:32:21.501 [kafka-admin-client-thread | notification-service] INFO  o.a.k.c.a.i.AdminMetadataManager trace=,span= - [AdminClient clientId=notification-service] Rebootstrapping with Cluster(id = null, nodes = [localhost:9092 (id: -1 rack: null isFenced: false)], partitions = [], controller = null)
2026-06-16 13:32:21.501 [kafka-admin-client-thread | notification-service] INFO  o.a.k.c.a.i.AdminMetadataManager trace=,span= - [AdminClient clientId=notification-service] Rebootstrapping with Cluster(id = null, nodes = [localhost:9092 (id: -1 rack: null isFenced: false)], partitions = [], controller = null)
2026-06-16 13:32:21.501 [kafka-admin-client-thread | notification-service] INFO  o.a.k.c.a.i.AdminMetadataManager trace=,span= - [AdminClient clientId=notification-service] Rebootstrapping with Cluster(id = null, nodes = [localhost:9092 (id: -1 rack: null isFenced: false)], partitions = [], controller = null)
2026-06-16 13:32:21.501 [kafka-admin-client-thread | notification-service] INFO  o.a.k.c.a.i.AdminMetadataManager trace=,span= - [AdminClient clientId=notification-service] Rebootstrapping with Cluster(id = null, nodes = [localhost:9092 (id: -1 rack: null isFenced: false)], partitions = [], controller = null)
2026-06-16 13:32:21.501 [kafka-admin-client-thread | notification-service] INFO  o.a.k.c.a.i.AdminMetadataManager trace=,span= - [AdminClient clientId=notification-service] Rebootstrapping with Cluster(id = null, nodes = [localhost:9092 (id: -1 rack: null isFenced: false)], partitions = [], controller = null)
2026-06-16 13:32:21.501 [kafka-admin-client-thread | notification-service] INFO  o.a.k.c.a.i.AdminMetadataManager trace=,span= - [AdminClient clientId=notification-service] Rebootstrapping with Cluster(id = null, nodes = [localhost:9092 (id: -1 rack: null isFenced: false)], partitions = [], controller = null)
2026-06-16 13:32:21.501 [kafka-admin-client-thread | notification-service] INFO  o.a.k.c.a.i.AdminMetadataManager trace=,span= - [AdminClient clientId=notification-service] Rebootstrapping with Cluster(id = null, nodes = [localhost:9092 (id: -1 rack: null isFenced: false)], partitions = [], controller = null)
2026-06-16 13:32:21.501 [kafka-admin-client-thread | notification-service] INFO  o.a.k.c.a.i.AdminMetadataManager trace=,span= - [AdminClient clientId=notification-service] Rebootstrapping with Cluster(id = null, nodes = [localhost:9092 (id: -1 rack: null isFenced: false)], partitions = [], controller = null)
2026-06-16 13:32:21.501 [kafka-admin-client-thread | notification-service] INFO  o.a.k.c.a.i.AdminMetadataManager trace=,span= - [AdminClient clientId=notification-service] Rebootstrapping with Cluster(id = null, nodes = [localhost:9092 (id: -1 rack: null isFenced: false)], partitions = [], controller = null)
2026-06-16 13:32:21.501 [kafka-admin-client-thread | notification-service] INFO  o.a.k.c.a.i.AdminMetadataManager trace=,span= - [AdminClient clientId=notification-service] Rebootstrapping with Cluster(id = null, nodes = [localhost:9092 (id: -1 rack: null isFenced: false)], partitions = [], controller = null)
2026-06-16 13:32:21.501 [kafka-admin-client-thread | notification-service] INFO  o.a.k.c.a.i.AdminMetadataManager trace=,span= - [AdminClient clientId=notification-service] Rebootstrapping with Cluster(id = null, nodes = [localhost:9092 (id: -1 rack: null isFenced: false)], partitions = [], controller = null)
2026-06-16 13:32:21.501 [kafka-admin-client-thread | notification-service] INFO  o.a.k.c.a.i.AdminMetadataManager trace=,span= - [AdminClient clientId=notification-service] Rebootstrapping with Cluster(id = null, nodes = [localhost:9092 (id: -1 rack: null isFenced: false)], partitions = [], controller = null)
2026-06-16 13:32:21.501 [kafka-admin-client-thread | notification-service] INFO  o.a.k.c.a.i.AdminMetadataManager trace=,span= - [AdminClient clientId=notification-service] Rebootstrapping with Cluster(id = null, nodes = [localhost:9092 (id: -1 rack: null isFenced: false)], partitions = [], controller = null)
2026-06-16 13:32:21.502 [kafka-admin-client-thread | notification-service] INFO  o.a.k.c.a.i.AdminMetadataManager trace=,span= - [AdminClient clientId=notification-service] Rebootstrapping with Cluster(id = null, nodes = [localhost:9092 (id: -1 rack: null isFenced: false)], partitions = [], controller = null)
2026-06-16 13:32:21.502 [kafka-admin-client-thread | notification-service] INFO  o.a.k.c.a.i.AdminMetadataManager trace=,span= - [AdminClient clientId=notification-service] Rebootstrapping with Cluster(id = null, nodes = [localhost:9092 (id: -1 rack: null isFenced: false)], partitions = [], controller = null)
2026-06-16 13:32:21.502 [kafka-admin-client-thread | notification-service] INFO  o.a.k.c.a.i.AdminMetadataManager trace=,span= - [AdminClient clientId=notification-service] Rebootstrapping with Cluster(id = null, nodes = [localhost:9092 (id: -1 rack: null isFenced: false)], partitions = [], controller = null)
2026-06-16 13:32:21.502 [kafka-admin-client-thread | notification-service] INFO  o.a.k.c.a.i.AdminMetadataManager trace=,span= - [AdminClient clientId=notification-service] Rebootstrapping with Cluster(id = null, nodes = [localhost:9092 (id: -1 rack: null isFenced: false)], partitions = [], controller = null)
2026-06-16 13:32:21.502 [kafka-admin-client-thread | notification-service] INFO  o.a.k.c.a.i.AdminMetadataManager trace=,span= - [AdminClient clientId=notification-service] Rebootstrapping with Cluster(id = null, nodes = [localhost:9092 (id: -1 rack: null isFenced: false)], partitions = [], controller = null)
2026-06-16 13:32:21.502 [kafka-admin-client-thread | notification-service] INFO  o.a.k.c.a.i.AdminMetadataManager trace=,span= - [AdminClient clientId=notification-service] Rebootstrapping with Cluster(id = null, nodes = [localhost:9092 (id: -1 rack: null isFenced: false)], partitions = [], controller = null)
2026-06-16 13:32:21.502 [kafka-admin-client-thread | notification-service] INFO  o.a.k.c.a.i.AdminMetadataManager trace=,span= - [AdminClient clientId=notification-service] Rebootstrapping with Cluster(id = null, nodes = [localhost:9092 (id: -1 rack: null isFenced: false)], partitions = [], controller = null)
2026-06-16 13:32:21.502 [kafka-admin-client-thread | notification-service] INFO  o.a.k.c.a.i.AdminMetadataManager trace=,span= - [AdminClient clientId=notification-service] Rebootstrapping with Cluster(id = null, nodes = [localhost:9092 (id: -1 rack: null isFenced: false)], partitions = [], controller = null)
2026-06-16 13:32:21.502 [kafka-admin-client-thread | notification-service] INFO  o.a.k.c.a.i.AdminMetadataManager trace=,span= - [AdminClient clientId=notification-service] Rebootstrapping with Cluster(id = null, nodes = [localhost:9092 (id: -1 rack: null isFenced: false)], partitions = [], controller = null)
2026-06-16 13:32:21.502 [kafka-admin-client-thread | notification-service] INFO  o.a.k.c.a.i.AdminMetadataManager trace=,span= - [AdminClient clientId=notification-service] Rebootstrapping with Cluster(id = null, nodes = [localhost:9092 (id: -1 rack: null isFenced: false)], partitions = [], controller = null)
2026-06-16 13:32:21.502 [kafka-admin-client-thread | notification-service] INFO  o.a.k.c.a.i.AdminMetadataManager trace=,span= - [AdminClient clientId=notification-service] Rebootstrapping with Cluster(id = null, nodes = [localhost:9092 (id: -1 rack: null isFenced: false)], partitions = [], controller = null)
2026-06-16 13:32:21.502 [kafka-admin-client-thread | notification-service] INFO  o.a.k.c.a.i.AdminMetadataManager trace=,span= - [AdminClient clientId=notification-service] Rebootstrapping with Cluster(id = null, nodes = [localhost:9092 (id: -1 rack: null isFenced: false)], partitions = [], controller = null)
2026-06-16 13:32:21.502 [kafka-admin-client-thread | notification-service] INFO  o.a.k.c.a.i.AdminMetadataManager trace=,span= - [AdminClient clientId=notification-service] Rebootstrapping with Cluster(id = null, nodes = [localhost:9092 (id: -1 rack: null isFenced: false)], partitions = [], controller = null)
2026-06-16 13:32:21.502 [kafka-admin-client-thread | notification-service] INFO  o.a.k.c.a.i.AdminMetadataManager trace=,span= - [AdminClient clientId=notification-service] Rebootstrapping with Cluster(id = null, nodes = [localhost:9092 (id: -1 rack: null isFenced: false)], partitions = [], controller = null)
2026-06-16 13:32:21.502 [kafka-admin-client-thread | notification-service] INFO  o.a.k.c.a.i.AdminMetadataManager trace=,span= - [AdminClient clientId=notification-service] Rebootstrapping with Cluster(id = null, nodes = [localhost:9092 (id: -1 rack: null isFenced: false)], partitions = [], controller = null)
2026-06-16 13:32:21.502 [kafka-admin-client-thread | notification-service] INFO  o.a.k.c.a.i.AdminMetadataManager trace=,span= - [AdminClient clientId=notification-service] Rebootstrapping with Cluster(id = null, nodes = [localhost:9092 (id: -1 rack: null isFenced: false)], partitions = [], controller = null)
2026-06-16 13:32:21.502 [kafka-admin-client-thread | notification-service] INFO  o.a.k.c.a.i.AdminMetadataManager trace=,span= - [AdminClient clientId=notification-service] Rebootstrapping with Cluster(id = null, nodes = [localhost:9092 (id: -1 rack: null isFenced: false)], partitions = [], controller = null)
2026-06-16 13:32:21.502 [kafka-admin-client-thread | notification-service] INFO  o.a.k.c.a.i.AdminMetadataManager trace=,span= - [AdminClient clientId=notification-service] Rebootstrapping with Cluster(id = null, nodes = [localhost:9092 (id: -1 rack: null isFenced: false)], partitions = [], controller = null)
2026-06-16 13:32:21.604 [kafka-admin-client-thread | notification-service] INFO  o.a.k.c.a.i.AdminMetadataManager trace=,span= - [AdminClient clientId=notification-service] Rebootstrapping with Cluster(id = null, nodes = [localhost:9092 (id: -1 rack: null isFenced: false)], partitions = [], controller = null)
2026-06-16 13:32:21.605 [kafka-admin-client-thread | notification-service] INFO  o.a.k.c.a.i.AdminMetadataManager trace=,span= - [AdminClient clientId=notification-service] Rebootstrapping with Cluster(id = null, nodes = [localhost:9092 (id: -1 rack: null isFenced: false)], partitions = [], controller = null)
2026-06-16 13:32:21.605 [kafka-admin-client-thread | notification-service] INFO  o.a.k.c.a.i.AdminMetadataManager trace=,span= - [AdminClient clientId=notification-service] Rebootstrapping with Cluster(id = null, nodes = [localhost:9092 (id: -1 rack: null isFenced: false)], partitions = [], controller = null)
2026-06-16 13:32:21.605 [kafka-admin-client-thread | notification-service] INFO  o.a.k.c.a.i.AdminMetadataManager trace=,span= - [AdminClient clientId=notification-service] Rebootstrapping with Cluster(id = null, nodes = [localhost:9092 (id: -1 rack: null isFenced: false)], partitions = [], controller = null)
2026-06-16 13:32:21.605 [kafka-admin-client-thread | notification-service] INFO  o.a.k.c.a.i.AdminMetadataManager trace=,span= - [AdminClient clientId=notification-service] Rebootstrapping with Cluster(id = null, nodes = [localhost:9092 (id: -1 rack: null isFenced: false)], partitions = [], controller = null)
2026-06-16 13:32:21.606 [kafka-admin-client-thread | notification-service] INFO  o.a.k.c.a.i.AdminMetadataManager trace=,span= - [AdminClient clientId=notification-service] Rebootstrapping with Cluster(id = null, nodes = [localhost:9092 (id: -1 rack: null isFenced: false)], partitions = [], controller = null)
2026-06-16 13:32:21.606 [kafka-admin-client-thread | notification-service] INFO  o.a.k.c.a.i.AdminMetadataManager trace=,span= - [AdminClient clientId=notification-service] Rebootstrapping with Cluster(id = null, nodes = [localhost:9092 (id: -1 rack: null isFenced: false)], partitions = [], controller = null)
2026-06-16 13:32:21.606 [kafka-admin-client-thread | notification-service] INFO  o.a.k.c.a.i.AdminMetadataManager trace=,span= - [AdminClient clientId=notification-service] Rebootstrapping with Cluster(id = null, nodes = [localhost:9092 (id: -1 rack: null isFenced: false)], partitions = [], controller = null)
2026-06-16 13:32:21.606 [kafka-admin-client-thread | notification-service] INFO  o.a.k.c.a.i.AdminMetadataManager trace=,span= - [AdminClient clientId=notification-service] Rebootstrapping with Cluster(id = null, nodes = [localhost:9092 (id: -1 rack: null isFenced: false)], partitions = [], controller = null)
2026-06-16 13:32:21.606 [kafka-admin-client-thread | notification-service] INFO  o.a.k.c.a.i.AdminMetadataManager trace=,span= - [AdminClient clientId=notification-service] Rebootstrapping with Cluster(id = null, nodes = [localhost:9092 (id: -1 rack: null isFenced: false)], partitions = [], controller = null)
2026-06-16 13:32:21.606 [kafka-admin-client-thread | notification-service] INFO  o.a.k.c.a.i.AdminMetadataManager trace=,span= - [AdminClient clientId=notification-service] Rebootstrapping with Cluster(id = null, nodes = [localhost:9092 (id: -1 rack: null isFenced: false)], partitions = [], controller = null)
2026-06-16 13:32:21.606 [kafka-admin-client-thread | notification-service] INFO  o.a.k.c.a.i.AdminMetadataManager trace=,span= - [AdminClient clientId=notification-service] Rebootstrapping with Cluster(id = null, nodes = [localhost:9092 (id: -1 rack: null isFenced: false)], partitions = [], controller = null)
2026-06-16 13:32:21.606 [kafka-admin-client-thread | notification-service] INFO  o.a.k.c.a.i.AdminMetadataManager trace=,span= - [AdminClient clientId=notification-service] Rebootstrapping with Cluster(id = null, nodes = [localhost:9092 (id: -1 rack: null isFenced: false)], partitions = [], controller = null)
2026-06-16 13:32:21.606 [kafka-admin-client-thread | notification-service] INFO  o.a.k.c.a.i.AdminMetadataManager trace=,span= - [AdminClient clientId=notification-service] Rebootstrapping with Cluster(id = null, nodes = [localhost:9092 (id: -1 rack: null isFenced: false)], partitions = [], controller = null)
2026-06-16 13:32:21.606 [kafka-admin-client-thread | notification-service] INFO  o.a.k.c.a.i.AdminMetadataManager trace=,span= - [AdminClient clientId=notification-service] Rebootstrapping with Cluster(id = null, nodes = [localhost:9092 (id: -1 rack: null isFenced: false)], partitions = [], controller = null)
2026-06-16 13:32:21.606 [kafka-admin-client-thread | notification-service] INFO  o.a.k.c.a.i.AdminMetadataManager trace=,span= - [AdminClient clientId=notification-service] Rebootstrapping with Cluster(id = null, nodes = [localhost:9092 (id: -1 rack: null isFenced: false)], partitions = [], controller = null)
2026-06-16 13:32:21.607 [kafka-admin-client-thread | notification-service] INFO  o.a.k.c.a.i.AdminMetadataManager trace=,span= - [AdminClient clientId=notification-service] Rebootstrapping with Cluster(id = null, nodes = [localhost:9092 (id: -1 rack: null isFenced: false)], partitions = [], controller = null)
2026-06-16 13:32:21.607 [kafka-admin-client-thread | notification-service] INFO  o.a.k.c.a.i.AdminMetadataManager trace=,span= - [AdminClient clientId=notification-service] Rebootstrapping with Cluster(id = null, nodes = [localhost:9092 (id: -1 rack: null isFenced: false)], partitions = [], controller = null)
2026-06-16 13:32:21.607 [kafka-admin-client-thread | notification-service] INFO  o.a.k.c.a.i.AdminMetadataManager trace=,span= - [AdminClient clientId=notification-service] Rebootstrapping with Cluster(id = null, nodes = [localhost:9092 (id: -1 rack: null isFenced: false)], partitions = [], controller = null)
2026-06-16 13:32:21.607 [kafka-admin-client-thread | notification-service] INFO  o.a.k.c.a.i.AdminMetadataManager trace=,span= - [AdminClient clientId=notification-service] Rebootstrapping with Cluster(id = null, nodes = [localhost:9092 (id: -1 rack: null isFenced: false)], partitions = [], controller = null)
2026-06-16 13:32:21.607 [kafka-admin-client-thread | notification-service] INFO  o.a.k.c.a.i.AdminMetadataManager trace=,span= - [AdminClient clientId=notification-service] Rebootstrapping with Cluster(id = null, nodes = [localhost:9092 (id: -1 rack: null isFenced: false)], partitions = [], controller = null)
2026-06-16 13:32:21.607 [kafka-admin-client-thread | notification-service] INFO  o.a.k.c.a.i.AdminMetadataManager trace=,span= - [AdminClient clientId=notification-service] Rebootstrapping with Cluster(id = null, nodes = [localhost:9092 (id: -1 rack: null isFenced: false)], partitions = [], controller = null)
2026-06-16 13:32:21.607 [kafka-admin-client-thread | notification-service] INFO  o.a.k.c.a.i.AdminMetadataManager trace=,span= - [AdminClient clientId=notification-service] Rebootstrapping with Cluster(id = null, nodes = [localhost:9092 (id: -1 rack: null isFenced: false)], partitions = [], controller = null)
2026-06-16 13:32:21.607 [kafka-admin-client-thread | notification-service] INFO  o.a.k.c.a.i.AdminMetadataManager trace=,span= - [AdminClient clientId=notification-service] Rebootstrapping with Cluster(id = null, nodes = [localhost:9092 (id: -1 rack: null isFenced: false)], partitions = [], controller = null)
2026-06-16 13:32:21.607 [kafka-admin-client-thread | notification-service] INFO  o.a.k.c.a.i.AdminMetadataManager trace=,span= - [AdminClient clientId=notification-service] Rebootstrapping with Cluster(id = null, nodes = [localhost:9092 (id: -1 rack: null isFenced: false)], partitions = [], controller = null)
2026-06-16 13:32:21.607 [kafka-admin-client-thread | notification-service] INFO  o.a.k.c.a.i.AdminMetadataManager trace=,span= - [AdminClient clientId=notification-service] Rebootstrapping with Cluster(id = null, nodes = [localhost:9092 (id: -1 rack: null isFenced: false)], partitions = [], controller = null)
2026-06-16 13:32:21.607 [kafka-admin-client-thread | notification-service] INFO  o.a.k.c.a.i.AdminMetadataManager trace=,span= - [AdminClient clientId=notification-service] Rebootstrapping with Cluster(id = null, nodes = [localhost:9092 (id: -1 rack: null isFenced: false)], partitions = [], controller = null)
2026-06-16 13:32:21.607 [kafka-admin-client-thread | notification-service] INFO  o.a.k.c.a.i.AdminMetadataManager trace=,span= - [AdminClient clientId=notification-service] Rebootstrapping with Cluster(id = null, nodes = [localhost:9092 (id: -1 rack: null isFenced: false)], partitions = [], controller = null)
2026-06-16 13:32:21.607 [kafka-admin-client-thread | notification-service] INFO  o.a.k.c.a.i.AdminMetadataManager trace=,span= - [AdminClient clientId=notification-service] Rebootstrapping with Cluster(id = null, nodes = [localhost:9092 (id: -1 rack: null isFenced: false)], partitions = [], controller = null)
2026-06-16 13:32:21.607 [kafka-admin-client-thread | notification-service] INFO  o.a.k.c.a.i.AdminMetadataManager trace=,span= - [AdminClient clientId=notification-service] Rebootstrapping with Cluster(id = null, nodes = [localhost:9092 (id: -1 rack: null isFenced: false)], partitions = [], controller = null)
2026-06-16 13:32:21.608 [kafka-admin-client-thread | notification-service] INFO  o.a.k.c.a.i.AdminMetadataManager trace=,span= - [AdminClient clientId=notification-service] Rebootstrapping with Cluster(id = null, nodes = [localhost:9092 (id: -1 rack: null isFenced: false)], partitions = [], controller = null)
2026-06-16 13:32:21.608 [kafka-admin-client-thread | notification-service] INFO  o.a.k.c.a.i.AdminMetadataManager trace=,span= - [AdminClient clientId=notification-service] Rebootstrapping with Cluster(id = null, nodes = [localhost:9092 (id: -1 rack: null isFenced: false)], partitions = [], controller = null)
2026-06-16 13:32:21.608 [kafka-admin-client-thread | notification-service] INFO  o.a.k.c.a.i.AdminMetadataManager trace=,span= - [AdminClient clientId=notification-service] Rebootstrapping with Cluster(id = null, nodes = [localhost:9092 (id: -1 rack: null isFenced: false)], partitions = [], controller = null)
2026-06-16 13:32:21.608 [kafka-admin-client-thread | notification-service] INFO  o.a.k.c.a.i.AdminMetadataManager trace=,span= - [AdminClient clientId=notification-service] Rebootstrapping with Cluster(id = null, nodes = [localhost:9092 (id: -1 rack: null isFenced: false)], partitions = [], controller = null)
2026-06-16 13:32:21.608 [kafka-admin-client-thread | notification-service] INFO  o.a.k.c.a.i.AdminMetadataManager trace=,span= - [AdminClient clientId=notification-service] Rebootstrapping with Cluster(id = null, nodes = [localhost:9092 (id: -1 rack: null isFenced: false)], partitions = [], controller = null)
2026-06-16 13:32:21.608 [kafka-admin-client-thread | notification-service] INFO  o.a.k.c.a.i.AdminMetadataManager trace=,span= - [AdminClient clientId=notification-service] Rebootstrapping with Cluster(id = null, nodes = [localhost:9092 (id: -1 rack: null isFenced: false)], partitions = [], controller = null)
2026-06-16 13:32:21.608 [kafka-admin-client-thread | notification-service] INFO  o.a.k.c.a.i.AdminMetadataManager trace=,span= - [AdminClient clientId=notification-service] Rebootstrapping with Cluster(id = null, nodes = [localhost:9092 (id: -1 rack: null isFenced: false)], partitions = [], controller = null)
2026-06-16 13:32:21.608 [kafka-admin-client-thread | notification-service] INFO  o.a.k.c.a.i.AdminMetadataManager trace=,span= - [AdminClient clientId=notification-service] Rebootstrapping with Cluster(id = null, nodes = [localhost:9092 (id: -1 rack: null isFenced: false)], partitions = [], controller = null)
2026-06-16 13:32:21.608 [kafka-admin-client-thread | notification-service] INFO  o.a.k.c.a.i.AdminMetadataManager trace=,span= - [AdminClient clientId=notification-service] Rebootstrapping with Cluster(id = null, nodes = [localhost:9092 (id: -1 rack: null isFenced: false)], partitions = [], controller = null)
2026-06-16 13:32:21.608 [kafka-admin-client-thread | notification-service] INFO  o.a.k.c.a.i.AdminMetadataManager trace=,span= - [AdminClient clientId=notification-service] Rebootstrapping with Cluster(id = null, nodes = [localhost:9092 (id: -1 rack: null isFenced: false)], partitions = [], controller = null)
2026-06-16 13:32:21.608 [kafka-admin-client-thread | notification-service] INFO  o.a.k.c.a.i.AdminMetadataManager trace=,span= - [AdminClient clientId=notification-service] Rebootstrapping with Cluster(id = null, nodes = [localhost:9092 (id: -1 rack: null isFenced: false)], partitions = [], controller = null)
2026-06-16 13:32:21.608 [kafka-admin-client-thread | notification-service] INFO  o.a.k.c.a.i.AdminMetadataManager trace=,span= - [AdminClient clientId=notification-service] Rebootstrapping with Cluster(id = null, nodes = [localhost:9092 (id: -1 rack: null isFenced: false)], partitions = [], controller = null)
2026-06-16 13:32:21.608 [kafka-admin-client-thread | notification-service] INFO  o.a.k.c.a.i.AdminMetadataManager trace=,span= - [AdminClient clientId=notification-service] Rebootstrapping with Cluster(id = null, nodes = [localhost:9092 (id: -1 rack: null isFenced: false)], partitions = [], controller = null)
2026-06-16 13:32:21.608 [kafka-admin-client-thread | notification-service] INFO  o.a.k.c.a.i.AdminMetadataManager trace=,span= - [AdminClient clientId=notification-service] Rebootstrapping with Cluster(id = null, nodes = [localhost:9092 (id: -1 rack: null isFenced: false)], partitions = [], controller = null)
2026-06-16 13:32:21.609 [kafka-admin-client-thread | notification-service] INFO  o.a.k.c.a.i.AdminMetadataManager trace=,span= - [AdminClient clientId=notification-service] Rebootstrapping with Cluster(id = null, nodes = [localhost:9092 (id: -1 rack: null isFenced: false)], partitions = [], controller = null)
2026-06-16 13:32:21.609 [kafka-admin-client-thread | notification-service] INFO  o.a.k.c.a.i.AdminMetadataManager trace=,span= - [AdminClient clientId=notification-service] Rebootstrapping with Cluster(id = null, nodes = [localhost:9092 (id: -1 rack: null isFenced: false)], partitions = [], controller = null)
2026-06-16 13:32:21.609 [kafka-admin-client-thread | notification-service] INFO  o.a.k.c.a.i.AdminMetadataManager trace=,span= - [AdminClient clientId=notification-service] Rebootstrapping with Cluster(id = null, nodes = [localhost:9092 (id: -1 rack: null isFenced: false)], partitions = [], controller = null)
2026-06-16 13:32:21.609 [kafka-admin-client-thread | notification-service] INFO  o.a.k.c.a.i.AdminMetadataManager trace=,span= - [AdminClient clientId=notification-service] Rebootstrapping with Cluster(id = null, nodes = [localhost:9092 (id: -1 rack: null isFenced: false)], partitions = [], controller = null)
2026-06-16 13:32:21.609 [kafka-admin-client-thread | notification-service] INFO  o.a.k.c.a.i.AdminMetadataManager trace=,span= - [AdminClient clientId=notification-service] Rebootstrapping with Cluster(id = null, nodes = [localhost:9092 (id: -1 rack: null isFenced: false)], partitions = [], controller = null)
2026-06-16 13:32:21.609 [kafka-admin-client-thread | notification-service] INFO  o.a.k.c.a.i.AdminMetadataManager trace=,span= - [AdminClient clientId=notification-service] Rebootstrapping with Cluster(id = null, nodes = [localhost:9092 (id: -1 rack: null isFenced: false)], partitions = [], controller = null)
2026-06-16 13:32:21.609 [kafka-admin-client-thread | notification-service] INFO  o.a.k.c.a.i.AdminMetadataManager trace=,span= - [AdminClient clientId=notification-service] Rebootstrapping with Cluster(id = null, nodes = [localhost:9092 (id: -1 rack: null isFenced: false)], partitions = [], controller = null)
2026-06-16 13:32:21.716 [kafka-admin-client-thread | notification-service] INFO  o.a.k.c.a.i.AdminMetadataManager trace=,span= - [AdminClient clientId=notification-service] Rebootstrapping with Cluster(id = null, nodes = [localhost:9092 (id: -1 rack: null isFenced: false)], partitions = [], controller = null)
2026-06-16 13:32:21.716 [kafka-admin-client-thread | notification-service] INFO  o.a.k.c.a.i.AdminMetadataManager trace=,span= - [AdminClient clientId=notification-service] Rebootstrapping with Cluster(id = null, nodes = [localhost:9092 (id: -1 rack: null isFenced: false)], partitions = [], controller = null)
2026-06-16 13:32:21.717 [kafka-admin-client-thread | notification-service] INFO  o.a.k.c.a.i.AdminMetadataManager trace=,span= - [AdminClient clientId=notification-service] Rebootstrapping with Cluster(id = null, nodes = [localhost:9092 (id: -1 rack: null isFenced: false)], partitions = [], controller = null)
2026-06-16 13:32:21.717 [kafka-admin-client-thread | notification-service] INFO  o.a.k.c.a.i.AdminMetadataManager trace=,span= - [AdminClient clientId=notification-service] Rebootstrapping with Cluster(id = null, nodes = [localhost:9092 (id: -1 rack: null isFenced: false)], partitions = [], controller = null)
2026-06-16 13:32:21.717 [kafka-admin-client-thread | notification-service] INFO  o.a.k.c.a.i.AdminMetadataManager trace=,span= - [AdminClient clientId=notification-service] Rebootstrapping with Cluster(id = null, nodes = [localhost:9092 (id: -1 rack: null isFenced: false)], partitions = [], controller = null)
2026-06-16 13:32:21.717 [kafka-admin-client-thread | notification-service] INFO  o.a.k.c.a.i.AdminMetadataManager trace=,span= - [AdminClient clientId=notification-service] Rebootstrapping with Cluster(id = null, nodes = [localhost:9092 (id: -1 rack: null isFenced: false)], partitions = [], controller = null)
2026-06-16 13:32:21.717 [kafka-admin-client-thread | notification-service] INFO  o.a.k.c.a.i.AdminMetadataManager trace=,span= - [AdminClient clientId=notification-service] Rebootstrapping with Cluster(id = null, nodes = [localhost:9092 (id: -1 rack: null isFenced: false)], partitions = [], controller = null)
2026-06-16 13:32:21.717 [kafka-admin-client-thread | notification-service] INFO  o.a.k.c.a.i.AdminMetadataManager trace=,span= - [AdminClient clientId=notification-service] Rebootstrapping with Cluster(id = null, nodes = [localhost:9092 (id: -1 rack: null isFenced: false)], partitions = [], controller = null)
2026-06-16 13:32:21.717 [kafka-admin-client-thread | notification-service] INFO  o.a.k.c.a.i.AdminMetadataManager trace=,span= - [AdminClient clientId=notification-service] Rebootstrapping with Cluster(id = null, nodes = [localhost:9092 (id: -1 rack: null isFenced: false)], partitions = [], controller = null)
2026-06-16 13:32:21.717 [kafka-admin-client-thread | notification-service] INFO  o.a.k.c.a.i.AdminMetadataManager trace=,span= - [AdminClient clientId=notification-service] Rebootstrapping with Cluster(id = null, nodes = [localhost:9092 (id: -1 rack: null isFenced: false)], partitions = [], controller = null)
2026-06-16 13:32:21.717 [kafka-admin-client-thread | notification-service] INFO  o.a.k.c.a.i.AdminMetadataManager trace=,span= - [AdminClient clientId=notification-service] Rebootstrapping with Cluster(id = null, nodes = [localhost:9092 (id: -1 rack: null isFenced: false)], partitions = [], controller = null)
2026-06-16 13:32:21.717 [kafka-admin-client-thread | notification-service] INFO  o.a.k.c.a.i.AdminMetadataManager trace=,span= - [AdminClient clientId=notification-service] Rebootstrapping with Cluster(id = null, nodes = [localhost:9092 (id: -1 rack: null isFenced: false)], partitions = [], controller = null)
2026-06-16 13:32:21.717 [kafka-admin-client-thread | notification-service] INFO  o.a.k.c.a.i.AdminMetadataManager trace=,span= - [AdminClient clientId=notification-service] Rebootstrapping with Cluster(id = null, nodes = [localhost:9092 (id: -1 rack: null isFenced: false)], partitions = [], controller = null)
2026-06-16 13:32:21.717 [kafka-admin-client-thread | notification-service] INFO  o.a.k.c.a.i.AdminMetadataManager trace=,span= - [AdminClient clientId=notification-service] Rebootstrapping with Cluster(id = null, nodes = [localhost:9092 (id: -1 rack: null isFenced: false)], partitions = [], controller = null)
2026-06-16 13:32:21.717 [kafka-admin-client-thread | notification-service] INFO  o.a.k.c.a.i.AdminMetadataManager trace=,span= - [AdminClient clientId=notification-service] Rebootstrapping with Cluster(id = null, nodes = [localhost:9092 (id: -1 rack: null isFenced: false)], partitions = [], controller = null)
2026-06-16 13:32:21.717 [kafka-admin-client-thread | notification-service] INFO  o.a.k.c.a.i.AdminMetadataManager trace=,span= - [AdminClient clientId=notification-service] Rebootstrapping with Cluster(id = null, nodes = [localhost:9092 (id: -1 rack: null isFenced: false)], partitions = [], controller = null)
2026-06-16 13:32:21.717 [kafka-admin-client-thread | notification-service] INFO  o.a.k.c.a.i.AdminMetadataManager trace=,span= - [AdminClient clientId=notification-service] Rebootstrapping with Cluster(id = null, nodes = [localhost:9092 (id: -1 rack: null isFenced: false)], partitions = [], controller = null)
2026-06-16 13:32:21.717 [kafka-admin-client-thread | notification-service] INFO  o.a.k.c.a.i.AdminMetadataManager trace=,span= - [AdminClient clientId=notification-service] Rebootstrapping with Cluster(id = null, nodes = [localhost:9092 (id: -1 rack: null isFenced: false)], partitions = [], controller = null)
2026-06-16 13:32:21.717 [kafka-admin-client-thread | notification-service] INFO  o.a.k.c.a.i.AdminMetadataManager trace=,span= - [AdminClient clientId=notification-service] Rebootstrapping with Cluster(id = null, nodes = [localhost:9092 (id: -1 rack: null isFenced: false)], partitions = [], controller = null)
2026-06-16 13:32:21.717 [kafka-admin-client-thread | notification-service] INFO  o.a.k.c.a.i.AdminMetadataManager trace=,span= - [AdminClient clientId=notification-service] Rebootstrapping with Cluster(id = null, nodes = [localhost:9092 (id: -1 rack: null isFenced: false)], partitions = [], controller = null)
2026-06-16 13:32:21.717 [kafka-admin-client-thread | notification-service] INFO  o.a.k.c.a.i.AdminMetadataManager trace=,span= - [AdminClient clientId=notification-service] Rebootstrapping with Cluster(id = null, nodes = [localhost:9092 (id: -1 rack: null isFenced: false)], partitions = [], controller = null)
2026-06-16 13:32:21.717 [kafka-admin-client-thread | notification-service] INFO  o.a.k.c.a.i.AdminMetadataManager trace=,span= - [AdminClient clientId=notification-service] Rebootstrapping with Cluster(id = null, nodes = [localhost:9092 (id: -1 rack: null isFenced: false)], partitions = [], controller = null)
2026-06-16 13:32:21.717 [kafka-admin-client-thread | notification-service] INFO  o.a.k.c.a.i.AdminMetadataManager trace=,span= - [AdminClient clientId=notification-service] Rebootstrapping with Cluster(id = null, nodes = [localhost:9092 (id: -1 rack: null isFenced: false)], partitions = [], controller = null)
2026-06-16 13:32:21.717 [kafka-admin-client-thread | notification-service] INFO  o.a.k.c.a.i.AdminMetadataManager trace=,span= - [AdminClient clientId=notification-service] Rebootstrapping with Cluster(id = null, nodes = [localhost:9092 (id: -1 rack: null isFenced: false)], partitions = [], controller = null)
2026-06-16 13:32:21.717 [kafka-admin-client-thread | notification-service] INFO  o.a.k.c.a.i.AdminMetadataManager trace=,span= - [AdminClient clientId=notification-service] Rebootstrapping with Cluster(id = null, nodes = [localhost:9092 (id: -1 rack: null isFenced: false)], partitions = [], controller = null)
2026-06-16 13:32:21.717 [kafka-admin-client-thread | notification-service] INFO  o.a.k.c.a.i.AdminMetadataManager trace=,span= - [AdminClient clientId=notification-service] Rebootstrapping with Cluster(id = null, nodes = [localhost:9092 (id: -1 rack: null isFenced: false)], partitions = [], controller = null)
2026-06-16 13:32:21.717 [kafka-admin-client-thread | notification-service] INFO  o.a.k.c.a.i.AdminMetadataManager trace=,span= - [AdminClient clientId=notification-service] Rebootstrapping with Cluster(id = null, nodes = [localhost:9092 (id: -1 rack: null isFenced: false)], partitions = [], controller = null)
2026-06-16 13:32:21.717 [kafka-admin-client-thread | notification-service] INFO  o.a.k.c.a.i.AdminMetadataManager trace=,span= - [AdminClient clientId=notification-service] Rebootstrapping with Cluster(id = null, nodes = [localhost:9092 (id: -1 rack: null isFenced: false)], partitions = [], controller = null)
2026-06-16 13:32:21.717 [kafka-admin-client-thread | notification-service] INFO  o.a.k.c.a.i.AdminMetadataManager trace=,span= - [AdminClient clientId=notification-service] Rebootstrapping with Cluster(id = null, nodes = [localhost:9092 (id: -1 rack: null isFenced: false)], partitions = [], controller = null)
2026-06-16 13:32:21.717 [kafka-admin-client-thread | notification-service] INFO  o.a.k.c.a.i.AdminMetadataManager trace=,span= - [AdminClient clientId=notification-service] Rebootstrapping with Cluster(id = null, nodes = [localhost:9092 (id: -1 rack: null isFenced: false)], partitions = [], controller = null)
2026-06-16 13:32:21.717 [kafka-admin-client-thread | notification-service] INFO  o.a.k.c.a.i.AdminMetadataManager trace=,span= - [AdminClient clientId=notification-service] Rebootstrapping with Cluster(id = null, nodes = [localhost:9092 (id: -1 rack: null isFenced: false)], partitions = [], controller = null)
2026-06-16 13:32:21.717 [kafka-admin-client-thread | notification-service] INFO  o.a.k.c.a.i.AdminMetadataManager trace=,span= - [AdminClient clientId=notification-service] Rebootstrapping with Cluster(id = null, nodes = [localhost:9092 (id: -1 rack: null isFenced: false)], partitions = [], controller = null)
2026-06-16 13:32:21.717 [kafka-admin-client-thread | notification-service] INFO  o.a.k.c.a.i.AdminMetadataManager trace=,span= - [AdminClient clientId=notification-service] Rebootstrapping with Cluster(id = null, nodes = [localhost:9092 (id: -1 rack: null isFenced: false)], partitions = [], controller = null)
2026-06-16 13:32:21.717 [kafka-admin-client-thread | notification-service] INFO  o.a.k.c.a.i.AdminMetadataManager trace=,span= - [AdminClient clientId=notification-service] Rebootstrapping with Cluster(id = null, nodes = [localhost:9092 (id: -1 rack: null isFenced: false)], partitions = [], controller = null)
2026-06-16 13:32:21.718 [kafka-admin-client-thread | notification-service] INFO  o.a.k.c.a.i.AdminMetadataManager trace=,span= - [AdminClient clientId=notification-service] Rebootstrapping with Cluster(id = null, nodes = [localhost:9092 (id: -1 rack: null isFenced: false)], partitions = [], controller = null)
2026-06-16 13:32:21.718 [kafka-admin-client-thread | notification-service] INFO  o.a.k.c.a.i.AdminMetadataManager trace=,span= - [AdminClient clientId=notification-service] Rebootstrapping with Cluster(id = null, nodes = [localhost:9092 (id: -1 rack: null isFenced: false)], partitions = [], controller = null)
2026-06-16 13:32:21.718 [kafka-admin-client-thread | notification-service] INFO  o.a.k.c.a.i.AdminMetadataManager trace=,span= - [AdminClient clientId=notification-service] Rebootstrapping with Cluster(id = null, nodes = [localhost:9092 (id: -1 rack: null isFenced: false)], partitions = [], controller = null)
2026-06-16 13:32:21.718 [kafka-admin-client-thread | notification-service] INFO  o.a.k.c.a.i.AdminMetadataManager trace=,span= - [AdminClient clientId=notification-service] Rebootstrapping with Cluster(id = null, nodes = [localhost:9092 (id: -1 rack: null isFenced: false)], partitions = [], controller = null)
2026-06-16 13:32:21.718 [kafka-admin-client-thread | notification-service] INFO  o.a.k.c.a.i.AdminMetadataManager trace=,span= - [AdminClient clientId=notification-service] Rebootstrapping with Cluster(id = null, nodes = [localhost:9092 (id: -1 rack: null isFenced: false)], partitions = [], controller = null)
2026-06-16 13:32:21.718 [kafka-admin-client-thread | notification-service] INFO  o.a.k.c.a.i.AdminMetadataManager trace=,span= - [AdminClient clientId=notification-service] Rebootstrapping with Cluster(id = null, nodes = [localhost:9092 (id: -1 rack: null isFenced: false)], partitions = [], controller = null)
2026-06-16 13:32:21.718 [kafka-admin-client-thread | notification-service] INFO  o.a.k.c.a.i.AdminMetadataManager trace=,span= - [AdminClient clientId=notification-service] Rebootstrapping with Cluster(id = null, nodes = [localhost:9092 (id: -1 rack: null isFenced: false)], partitions = [], controller = null)
2026-06-16 13:32:21.718 [kafka-admin-client-thread | notification-service] INFO  o.a.k.c.a.i.AdminMetadataManager trace=,span= - [AdminClient clientId=notification-service] Rebootstrapping with Cluster(id = null, nodes = [localhost:9092 (id: -1 rack: null isFenced: false)], partitions = [], controller = null)
2026-06-16 13:32:21.718 [kafka-admin-client-thread | notification-service] INFO  o.a.k.c.a.i.AdminMetadataManager trace=,span= - [AdminClient clientId=notification-service] Rebootstrapping with Cluster(id = null, nodes = [localhost:9092 (id: -1 rack: null isFenced: false)], partitions = [], controller = null)
2026-06-16 13:32:21.718 [kafka-admin-client-thread | notification-service] INFO  o.a.k.c.a.i.AdminMetadataManager trace=,span= - [AdminClient clientId=notification-service] Rebootstrapping with Cluster(id = null, nodes = [localhost:9092 (id: -1 rack: null isFenced: false)], partitions = [], controller = null)
2026-06-16 13:32:21.718 [kafka-admin-client-thread | notification-service] INFO  o.a.k.c.a.i.AdminMetadataManager trace=,span= - [AdminClient clientId=notification-service] Rebootstrapping with Cluster(id = null, nodes = [localhost:9092 (id: -1 rack: null isFenced: false)], partitions = [], controller = null)
2026-06-16 13:32:21.718 [kafka-admin-client-thread | notification-service] INFO  o.a.k.c.a.i.AdminMetadataManager trace=,span= - [AdminClient clientId=notification-service] Rebootstrapping with Cluster(id = null, nodes = [localhost:9092 (id: -1 rack: null isFenced: false)], partitions = [], controller = null)
2026-06-16 13:32:21.718 [kafka-admin-client-thread | notification-service] INFO  o.a.k.c.a.i.AdminMetadataManager trace=,span= - [AdminClient clientId=notification-service] Rebootstrapping with Cluster(id = null, nodes = [localhost:9092 (id: -1 rack: null isFenced: false)], partitions = [], controller = null)
2026-06-16 13:32:21.718 [kafka-admin-client-thread | notification-service] INFO  o.a.k.c.a.i.AdminMetadataManager trace=,span= - [AdminClient clientId=notification-service] Rebootstrapping with Cluster(id = null, nodes = [localhost:9092 (id: -1 rack: null isFenced: false)], partitions = [], controller = null)
2026-06-16 13:32:21.718 [kafka-admin-client-thread | notification-service] INFO  o.a.k.c.a.i.AdminMetadataManager trace=,span= - [AdminClient clientId=notification-service] Rebootstrapping with Cluster(id = null, nodes = [localhost:9092 (id: -1 rack: null isFenced: false)], partitions = [], controller = null)
2026-06-16 13:32:21.718 [kafka-admin-client-thread | notification-service] INFO  o.a.k.c.a.i.AdminMetadataManager trace=,span= - [AdminClient clientId=notification-service] Rebootstrapping with Cluster(id = null, nodes = [localhost:9092 (id: -1 rack: null isFenced: false)], partitions = [], controller = null)
2026-06-16 13:32:21.718 [kafka-admin-client-thread | notification-service] INFO  o.a.k.c.a.i.AdminMetadataManager trace=,span= - [AdminClient clientId=notification-service] Rebootstrapping with Cluster(id = null, nodes = [localhost:9092 (id: -1 rack: null isFenced: false)], partitions = [], controller = null)
2026-06-16 13:32:21.718 [kafka-admin-client-thread | notification-service] INFO  o.a.k.c.a.i.AdminMetadataManager trace=,span= - [AdminClient clientId=notification-service] Rebootstrapping with Cluster(id = null, nodes = [localhost:9092 (id: -1 rack: null isFenced: false)], partitions = [], controller = null)
2026-06-16 13:32:21.820 [kafka-admin-client-thread | notification-service] INFO  o.a.k.c.a.i.AdminMetadataManager trace=,span= - [AdminClient clientId=notification-service] Rebootstrapping with Cluster(id = null, nodes = [localhost:9092 (id: -1 rack: null isFenced: false)], partitions = [], controller = null)
2026-06-16 13:32:21.821 [kafka-admin-client-thread | notification-service] INFO  o.a.k.c.a.i.AdminMetadataManager trace=,span= - [AdminClient clientId=notification-service] Rebootstrapping with Cluster(id = null, nodes = [localhost:9092 (id: -1 rack: null isFenced: false)], partitions = [], controller = null)
2026-06-16 13:32:21.821 [kafka-admin-client-thread | notification-service] INFO  o.a.k.c.a.i.AdminMetadataManager trace=,span= - [AdminClient clientId=notification-service] Rebootstrapping with Cluster(id = null, nodes = [localhost:9092 (id: -1 rack: null isFenced: false)], partitions = [], controller = null)
2026-06-16 13:32:21.821 [kafka-admin-client-thread | notification-service] INFO  o.a.k.c.a.i.AdminMetadataManager trace=,span= - [AdminClient clientId=notification-service] Rebootstrapping with Cluster(id = null, nodes = [localhost:9092 (id: -1 rack: null isFenced: false)], partitions = [], controller = null)
2026-06-16 13:32:21.821 [kafka-admin-client-thread | notification-service] INFO  o.a.k.c.a.i.AdminMetadataManager trace=,span= - [AdminClient clientId=notification-service] Rebootstrapping with Cluster(id = null, nodes = [localhost:9092 (id: -1 rack: null isFenced: false)], partitions = [], controller = null)
2026-06-16 13:32:21.821 [kafka-admin-client-thread | notification-service] INFO  o.a.k.c.a.i.AdminMetadataManager trace=,span= - [AdminClient clientId=notification-service] Rebootstrapping with Cluster(id = null, nodes = [localhost:9092 (id: -1 rack: null isFenced: false)], partitions = [], controller = null)
2026-06-16 13:32:21.821 [kafka-admin-client-thread | notification-service] INFO  o.a.k.c.a.i.AdminMetadataManager trace=,span= - [AdminClient clientId=notification-service] Rebootstrapping with Cluster(id = null, nodes = [localhost:9092 (id: -1 rack: null isFenced: false)], partitions = [], controller = null)
2026-06-16 13:32:21.823 [kafka-admin-client-thread | notification-service] INFO  o.a.k.c.a.i.AdminMetadataManager trace=,span= - [AdminClient clientId=notification-service] Rebootstrapping with Cluster(id = null, nodes = [localhost:9092 (id: -1 rack: null isFenced: false)], partitions = [], controller = null)
2026-06-16 13:32:21.823 [kafka-admin-client-thread | notification-service] INFO  o.a.k.c.a.i.AdminMetadataManager trace=,span= - [AdminClient clientId=notification-service] Rebootstrapping with Cluster(id = null, nodes = [localhost:9092 (id: -1 rack: null isFenced: false)], partitions = [], controller = null)
2026-06-16 13:32:21.823 [kafka-admin-client-thread | notification-service] INFO  o.a.k.c.a.i.AdminMetadataManager trace=,span= - [AdminClient clientId=notification-service] Rebootstrapping with Cluster(id = null, nodes = [localhost:9092 (id: -1 rack: null isFenced: false)], partitions = [], controller = null)
2026-06-16 13:32:21.825 [kafka-admin-client-thread | notification-service] INFO  o.a.k.c.a.i.AdminMetadataManager trace=,span= - [AdminClient clientId=notification-service] Rebootstrapping with Cluster(id = null, nodes = [localhost:9092 (id: -1 rack: null isFenced: false)], partitions = [], controller = null)
2026-06-16 13:32:21.825 [kafka-admin-client-thread | notification-service] INFO  o.a.k.c.a.i.AdminMetadataManager trace=,span= - [AdminClient clientId=notification-service] Rebootstrapping with Cluster(id = null, nodes = [localhost:9092 (id: -1 rack: null isFenced: false)], partitions = [], controller = null)
2026-06-16 13:32:21.825 [kafka-admin-client-thread | notification-service] INFO  o.a.k.c.a.i.AdminMetadataManager trace=,span= - [AdminClient clientId=notification-service] Rebootstrapping with Cluster(id = null, nodes = [localhost:9092 (id: -1 rack: null isFenced: false)], partitions = [], controller = null)
2026-06-16 13:32:21.825 [kafka-admin-client-thread | notification-service] INFO  o.a.k.c.a.i.AdminMetadataManager trace=,span= - [AdminClient clientId=notification-service] Rebootstrapping with Cluster(id = null, nodes = [localhost:9092 (id: -1 rack: null isFenced: false)], partitions = [], controller = null)
2026-06-16 13:32:21.825 [kafka-admin-client-thread | notification-service] INFO  o.a.k.c.a.i.AdminMetadataManager trace=,span= - [AdminClient clientId=notification-service] Rebootstrapping with Cluster(id = null, nodes = [localhost:9092 (id: -1 rack: null isFenced: false)], partitions = [], controller = null)
2026-06-16 13:32:21.825 [kafka-admin-client-thread | notification-service] INFO  o.a.k.c.a.i.AdminMetadataManager trace=,span= - [AdminClient clientId=notification-service] Rebootstrapping with Cluster(id = null, nodes = [localhost:9092 (id: -1 rack: null isFenced: false)], partitions = [], controller = null)
2026-06-16 13:32:21.825 [kafka-admin-client-thread | notification-service] INFO  o.a.k.c.a.i.AdminMetadataManager trace=,span= - [AdminClient clientId=notification-service] Rebootstrapping with Cluster(id = null, nodes = [localhost:9092 (id: -1 rack: null isFenced: false)], partitions = [], controller = null)
2026-06-16 13:32:21.825 [kafka-admin-client-thread | notification-service] INFO  o.a.k.c.a.i.AdminMetadataManager trace=,span= - [AdminClient clientId=notification-service] Rebootstrapping with Cluster(id = null, nodes = [localhost:9092 (id: -1 rack: null isFenced: false)], partitions = [], controller = null)
2026-06-16 13:32:21.825 [kafka-admin-client-thread | notification-service] INFO  o.a.k.c.a.i.AdminMetadataManager trace=,span= - [AdminClient clientId=notification-service] Rebootstrapping with Cluster(id = null, nodes = [localhost:9092 (id: -1 rack: null isFenced: false)], partitions = [], controller = null)
2026-06-16 13:32:21.825 [kafka-admin-client-thread | notification-service] INFO  o.a.k.c.a.i.AdminMetadataManager trace=,span= - [AdminClient clientId=notification-service] Rebootstrapping with Cluster(id = null, nodes = [localhost:9092 (id: -1 rack: null isFenced: false)], partitions = [], controller = null)
2026-06-16 13:32:21.825 [kafka-admin-client-thread | notification-service] INFO  o.a.k.c.a.i.AdminMetadataManager trace=,span= - [AdminClient clientId=notification-service] Rebootstrapping with Cluster(id = null, nodes = [localhost:9092 (id: -1 rack: null isFenced: false)], partitions = [], controller = null)
2026-06-16 13:32:21.825 [kafka-admin-client-thread | notification-service] INFO  o.a.k.c.a.i.AdminMetadataManager trace=,span= - [AdminClient clientId=notification-service] Rebootstrapping with Cluster(id = null, nodes = [localhost:9092 (id: -1 rack: null isFenced: false)], partitions = [], controller = null)
2026-06-16 13:32:21.825 [kafka-admin-client-thread | notification-service] INFO  o.a.k.c.a.i.AdminMetadataManager trace=,span= - [AdminClient clientId=notification-service] Rebootstrapping with Cluster(id = null, nodes = [localhost:9092 (id: -1 rack: null isFenced: false)], partitions = [], controller = null)
2026-06-16 13:32:21.825 [kafka-admin-client-thread | notification-service] INFO  o.a.k.c.a.i.AdminMetadataManager trace=,span= - [AdminClient clientId=notification-service] Rebootstrapping with Cluster(id = null, nodes = [localhost:9092 (id: -1 rack: null isFenced: false)], partitions = [], controller = null)
2026-06-16 13:32:21.825 [kafka-admin-client-thread | notification-service] INFO  o.a.k.c.a.i.AdminMetadataManager trace=,span= - [AdminClient clientId=notification-service] Rebootstrapping with Cluster(id = null, nodes = [localhost:9092 (id: -1 rack: null isFenced: false)], partitions = [], controller = null)
2026-06-16 13:32:21.825 [kafka-admin-client-thread | notification-service] INFO  o.a.k.c.a.i.AdminMetadataManager trace=,span= - [AdminClient clientId=notification-service] Rebootstrapping with Cluster(id = null, nodes = [localhost:9092 (id: -1 rack: null isFenced: false)], partitions = [], controller = null)
2026-06-16 13:32:21.826 [kafka-admin-client-thread | notification-service] INFO  o.a.k.c.a.i.AdminMetadataManager trace=,span= - [AdminClient clientId=notification-service] Rebootstrapping with Cluster(id = null, nodes = [localhost:9092 (id: -1 rack: null isFenced: false)], partitions = [], controller = null)
2026-06-16 13:32:21.826 [kafka-admin-client-thread | notification-service] INFO  o.a.k.c.a.i.AdminMetadataManager trace=,span= - [AdminClient clientId=notification-service] Rebootstrapping with Cluster(id = null, nodes = [localhost:9092 (id: -1 rack: null isFenced: false)], partitions = [], controller = null)
2026-06-16 13:32:21.826 [kafka-admin-client-thread | notification-service] INFO  o.a.k.c.a.i.AdminMetadataManager trace=,span= - [AdminClient clientId=notification-service] Rebootstrapping with Cluster(id = null, nodes = [localhost:9092 (id: -1 rack: null isFenced: false)], partitions = [], controller = null)
2026-06-16 13:32:21.826 [kafka-admin-client-thread | notification-service] INFO  o.a.k.c.a.i.AdminMetadataManager trace=,span= - [AdminClient clientId=notification-service] Rebootstrapping with Cluster(id = null, nodes = [localhost:9092 (id: -1 rack: null isFenced: false)], partitions = [], controller = null)
2026-06-16 13:32:21.826 [kafka-admin-client-thread | notification-service] INFO  o.a.k.c.a.i.AdminMetadataManager trace=,span= - [AdminClient clientId=notification-service] Rebootstrapping with Cluster(id = null, nodes = [localhost:9092 (id: -1 rack: null isFenced: false)], partitions = [], controller = null)
2026-06-16 13:32:21.826 [kafka-admin-client-thread | notification-service] INFO  o.a.k.c.a.i.AdminMetadataManager trace=,span= - [AdminClient clientId=notification-service] Rebootstrapping with Cluster(id = null, nodes = [localhost:9092 (id: -1 rack: null isFenced: false)], partitions = [], controller = null)
2026-06-16 13:32:21.826 [kafka-admin-client-thread | notification-service] INFO  o.a.k.c.a.i.AdminMetadataManager trace=,span= - [AdminClient clientId=notification-service] Rebootstrapping with Cluster(id = null, nodes = [localhost:9092 (id: -1 rack: null isFenced: false)], partitions = [], controller = null)
2026-06-16 13:32:21.826 [kafka-admin-client-thread | notification-service] INFO  o.a.k.c.a.i.AdminMetadataManager trace=,span= - [AdminClient clientId=notification-service] Rebootstrapping with Cluster(id = null, nodes = [localhost:9092 (id: -1 rack: null isFenced: false)], partitions = [], controller = null)
2026-06-16 13:32:21.826 [kafka-admin-client-thread | notification-service] INFO  o.a.k.c.a.i.AdminMetadataManager trace=,span= - [AdminClient clientId=notification-service] Rebootstrapping with Cluster(id = null, nodes = [localhost:9092 (id: -1 rack: null isFenced: false)], partitions = [], controller = null)
2026-06-16 13:32:21.826 [kafka-admin-client-thread | notification-service] INFO  o.a.k.c.a.i.AdminMetadataManager trace=,span= - [AdminClient clientId=notification-service] Rebootstrapping with Cluster(id = null, nodes = [localhost:9092 (id: -1 rack: null isFenced: false)], partitions = [], controller = null)
2026-06-16 13:32:21.826 [kafka-admin-client-thread | notification-service] INFO  o.a.k.c.a.i.AdminMetadataManager trace=,span= - [AdminClient clientId=notification-service] Rebootstrapping with Cluster(id = null, nodes = [localhost:9092 (id: -1 rack: null isFenced: false)], partitions = [], controller = null)
2026-06-16 13:32:21.826 [kafka-admin-client-thread | notification-service] INFO  o.a.k.c.a.i.AdminMetadataManager trace=,span= - [AdminClient clientId=notification-service] Rebootstrapping with Cluster(id = null, nodes = [localhost:9092 (id: -1 rack: null isFenced: false)], partitions = [], controller = null)
2026-06-16 13:32:21.826 [kafka-admin-client-thread | notification-service] INFO  o.a.k.c.a.i.AdminMetadataManager trace=,span= - [AdminClient clientId=notification-service] Rebootstrapping with Cluster(id = null, nodes = [localhost:9092 (id: -1 rack: null isFenced: false)], partitions = [], controller = null)
2026-06-16 13:32:21.826 [kafka-admin-client-thread | notification-service] INFO  o.a.k.c.a.i.AdminMetadataManager trace=,span= - [AdminClient clientId=notification-service] Rebootstrapping with Cluster(id = null, nodes = [localhost:9092 (id: -1 rack: null isFenced: false)], partitions = [], controller = null)
2026-06-16 13:32:21.826 [kafka-admin-client-thread | notification-service] INFO  o.a.k.c.a.i.AdminMetadataManager trace=,span= - [AdminClient clientId=notification-service] Rebootstrapping with Cluster(id = null, nodes = [localhost:9092 (id: -1 rack: null isFenced: false)], partitions = [], controller = null)
2026-06-16 13:32:21.826 [kafka-admin-client-thread | notification-service] INFO  o.a.k.c.a.i.AdminMetadataManager trace=,span= - [AdminClient clientId=notification-service] Rebootstrapping with Cluster(id = null, nodes = [localhost:9092 (id: -1 rack: null isFenced: false)], partitions = [], controller = null)
2026-06-16 13:32:21.826 [kafka-admin-client-thread | notification-service] INFO  o.a.k.c.a.i.AdminMetadataManager trace=,span= - [AdminClient clientId=notification-service] Rebootstrapping with Cluster(id = null, nodes = [localhost:9092 (id: -1 rack: null isFenced: false)], partitions = [], controller = null)
2026-06-16 13:32:21.826 [kafka-admin-client-thread | notification-service] INFO  o.a.k.c.a.i.AdminMetadataManager trace=,span= - [AdminClient clientId=notification-service] Rebootstrapping with Cluster(id = null, nodes = [localhost:9092 (id: -1 rack: null isFenced: false)], partitions = [], controller = null)
2026-06-16 13:32:21.826 [kafka-admin-client-thread | notification-service] INFO  o.a.k.c.a.i.AdminMetadataManager trace=,span= - [AdminClient clientId=notification-service] Rebootstrapping with Cluster(id = null, nodes = [localhost:9092 (id: -1 rack: null isFenced: false)], partitions = [], controller = null)
2026-06-16 13:32:21.826 [kafka-admin-client-thread | notification-service] INFO  o.a.k.c.a.i.AdminMetadataManager trace=,span= - [AdminClient clientId=notification-service] Rebootstrapping with Cluster(id = null, nodes = [localhost:9092 (id: -1 rack: null isFenced: false)], partitions = [], controller = null)
2026-06-16 13:32:21.826 [kafka-admin-client-thread | notification-service] INFO  o.a.k.c.a.i.AdminMetadataManager trace=,span= - [AdminClient clientId=notification-service] Rebootstrapping with Cluster(id = null, nodes = [localhost:9092 (id: -1 rack: null isFenced: false)], partitions = [], controller = null)
2026-06-16 13:32:21.826 [kafka-admin-client-thread | notification-service] INFO  o.a.k.c.a.i.AdminMetadataManager trace=,span= - [AdminClient clientId=notification-service] Rebootstrapping with Cluster(id = null, nodes = [localhost:9092 (id: -1 rack: null isFenced: false)], partitions = [], controller = null)
2026-06-16 13:32:21.826 [kafka-admin-client-thread | notification-service] INFO  o.a.k.c.a.i.AdminMetadataManager trace=,span= - [AdminClient clientId=notification-service] Rebootstrapping with Cluster(id = null, nodes = [localhost:9092 (id: -1 rack: null isFenced: false)], partitions = [], controller = null)
2026-06-16 13:32:21.826 [kafka-admin-client-thread | notification-service] INFO  o.a.k.c.a.i.AdminMetadataManager trace=,span= - [AdminClient clientId=notification-service] Rebootstrapping with Cluster(id = null, nodes = [localhost:9092 (id: -1 rack: null isFenced: false)], partitions = [], controller = null)
2026-06-16 13:32:21.826 [kafka-admin-client-thread | notification-service] INFO  o.a.k.c.a.i.AdminMetadataManager trace=,span= - [AdminClient clientId=notification-service] Rebootstrapping with Cluster(id = null, nodes = [localhost:9092 (id: -1 rack: null isFenced: false)], partitions = [], controller = null)
2026-06-16 13:32:21.826 [kafka-admin-client-thread | notification-service] INFO  o.a.k.c.a.i.AdminMetadataManager trace=,span= - [AdminClient clientId=notification-service] Rebootstrapping with Cluster(id = null, nodes = [localhost:9092 (id: -1 rack: null isFenced: false)], partitions = [], controller = null)
2026-06-16 13:32:21.826 [kafka-admin-client-thread | notification-service] INFO  o.a.k.c.a.i.AdminMetadataManager trace=,span= - [AdminClient clientId=notification-service] Rebootstrapping with Cluster(id = null, nodes = [localhost:9092 (id: -1 rack: null isFenced: false)], partitions = [], controller = null)
2026-06-16 13:32:21.928 [kafka-admin-client-thread | notification-service] INFO  o.a.k.c.a.i.AdminMetadataManager trace=,span= - [AdminClient clientId=notification-service] Rebootstrapping with Cluster(id = null, nodes = [localhost:9092 (id: -1 rack: null isFenced: false)], partitions = [], controller = null)
2026-06-16 13:32:21.928 [kafka-admin-client-thread | notification-service] INFO  o.a.k.c.a.i.AdminMetadataManager trace=,span= - [AdminClient clientId=notification-service] Rebootstrapping with Cluster(id = null, nodes = [localhost:9092 (id: -1 rack: null isFenced: false)], partitions = [], controller = null)
2026-06-16 13:32:21.928 [kafka-admin-client-thread | notification-service] INFO  o.a.k.c.a.i.AdminMetadataManager trace=,span= - [AdminClient clientId=notification-service] Rebootstrapping with Cluster(id = null, nodes = [localhost:9092 (id: -1 rack: null isFenced: false)], partitions = [], controller = null)
2026-06-16 13:32:21.928 [kafka-admin-client-thread | notification-service] INFO  o.a.k.c.a.i.AdminMetadataManager trace=,span= - [AdminClient clientId=notification-service] Rebootstrapping with Cluster(id = null, nodes = [localhost:9092 (id: -1 rack: null isFenced: false)], partitions = [], controller = null)
2026-06-16 13:32:21.928 [kafka-admin-client-thread | notification-service] INFO  o.a.k.c.a.i.AdminMetadataManager trace=,span= - [AdminClient clientId=notification-service] Rebootstrapping with Cluster(id = null, nodes = [localhost:9092 (id: -1 rack: null isFenced: false)], partitions = [], controller = null)
2026-06-16 13:32:21.928 [kafka-admin-client-thread | notification-service] INFO  o.a.k.c.a.i.AdminMetadataManager trace=,span= - [AdminClient clientId=notification-service] Rebootstrapping with Cluster(id = null, nodes = [localhost:9092 (id: -1 rack: null isFenced: false)], partitions = [], controller = null)
2026-06-16 13:32:21.928 [kafka-admin-client-thread | notification-service] INFO  o.a.k.c.a.i.AdminMetadataManager trace=,span= - [AdminClient clientId=notification-service] Rebootstrapping with Cluster(id = null, nodes = [localhost:9092 (id: -1 rack: null isFenced: false)], partitions = [], controller = null)
2026-06-16 13:32:21.928 [kafka-admin-client-thread | notification-service] INFO  o.a.k.c.a.i.AdminMetadataManager trace=,span= - [AdminClient clientId=notification-service] Rebootstrapping with Cluster(id = null, nodes = [localhost:9092 (id: -1 rack: null isFenced: false)], partitions = [], controller = null)
2026-06-16 13:32:21.928 [kafka-admin-client-thread | notification-service] INFO  o.a.k.c.a.i.AdminMetadataManager trace=,span= - [AdminClient clientId=notification-service] Rebootstrapping with Cluster(id = null, nodes = [localhost:9092 (id: -1 rack: null isFenced: false)], partitions = [], controller = null)
2026-06-16 13:32:21.928 [kafka-admin-client-thread | notification-service] INFO  o.a.k.c.a.i.AdminMetadataManager trace=,span= - [AdminClient clientId=notification-service] Rebootstrapping with Cluster(id = null, nodes = [localhost:9092 (id: -1 rack: null isFenced: false)], partitions = [], controller = null)
2026-06-16 13:32:21.928 [kafka-admin-client-thread | notification-service] INFO  o.a.k.c.a.i.AdminMetadataManager trace=,span= - [AdminClient clientId=notification-service] Rebootstrapping with Cluster(id = null, nodes = [localhost:9092 (id: -1 rack: null isFenced: false)], partitions = [], controller = null)
2026-06-16 13:32:21.928 [kafka-admin-client-thread | notification-service] INFO  o.a.k.c.a.i.AdminMetadataManager trace=,span= - [AdminClient clientId=notification-service] Rebootstrapping with Cluster(id = null, nodes = [localhost:9092 (id: -1 rack: null isFenced: false)], partitions = [], controller = null)
2026-06-16 13:32:21.928 [kafka-admin-client-thread | notification-service] INFO  o.a.k.c.a.i.AdminMetadataManager trace=,span= - [AdminClient clientId=notification-service] Rebootstrapping with Cluster(id = null, nodes = [localhost:9092 (id: -1 rack: null isFenced: false)], partitions = [], controller = null)
2026-06-16 13:32:21.928 [kafka-admin-client-thread | notification-service] INFO  o.a.k.c.a.i.AdminMetadataManager trace=,span= - [AdminClient clientId=notification-service] Rebootstrapping with Cluster(id = null, nodes = [localhost:9092 (id: -1 rack: null isFenced: false)], partitions = [], controller = null)
2026-06-16 13:32:21.928 [kafka-admin-client-thread | notification-service] INFO  o.a.k.c.a.i.AdminMetadataManager trace=,span= - [AdminClient clientId=notification-service] Rebootstrapping with Cluster(id = null, nodes = [localhost:9092 (id: -1 rack: null isFenced: false)], partitions = [], controller = null)
2026-06-16 13:32:21.929 [kafka-admin-client-thread | notification-service] INFO  o.a.k.c.a.i.AdminMetadataManager trace=,span= - [AdminClient clientId=notification-service] Rebootstrapping with Cluster(id = null, nodes = [localhost:9092 (id: -1 rack: null isFenced: false)], partitions = [], controller = null)
2026-06-16 13:32:21.929 [kafka-admin-client-thread | notification-service] INFO  o.a.k.c.a.i.AdminMetadataManager trace=,span= - [AdminClient clientId=notification-service] Rebootstrapping with Cluster(id = null, nodes = [localhost:9092 (id: -1 rack: null isFenced: false)], partitions = [], controller = null)
2026-06-16 13:32:21.929 [kafka-admin-client-thread | notification-service] INFO  o.a.k.c.a.i.AdminMetadataManager trace=,span= - [AdminClient clientId=notification-service] Rebootstrapping with Cluster(id = null, nodes = [localhost:9092 (id: -1 rack: null isFenced: false)], partitions = [], controller = null)
2026-06-16 13:32:21.929 [kafka-admin-client-thread | notification-service] INFO  o.a.k.c.a.i.AdminMetadataManager trace=,span= - [AdminClient clientId=notification-service] Rebootstrapping with Cluster(id = null, nodes = [localhost:9092 (id: -1 rack: null isFenced: false)], partitions = [], controller = null)
2026-06-16 13:32:21.929 [kafka-admin-client-thread | notification-service] INFO  o.a.k.c.a.i.AdminMetadataManager trace=,span= - [AdminClient clientId=notification-service] Rebootstrapping with Cluster(id = null, nodes = [localhost:9092 (id: -1 rack: null isFenced: false)], partitions = [], controller = null)
2026-06-16 13:32:21.929 [kafka-admin-client-thread | notification-service] INFO  o.a.k.c.a.i.AdminMetadataManager trace=,span= - [AdminClient clientId=notification-service] Rebootstrapping with Cluster(id = null, nodes = [localhost:9092 (id: -1 rack: null isFenced: false)], partitions = [], controller = null)
2026-06-16 13:32:21.929 [kafka-admin-client-thread | notification-service] INFO  o.a.k.c.a.i.AdminMetadataManager trace=,span= - [AdminClient clientId=notification-service] Rebootstrapping with Cluster(id = null, nodes = [localhost:9092 (id: -1 rack: null isFenced: false)], partitions = [], controller = null)
2026-06-16 13:32:21.929 [kafka-admin-client-thread | notification-service] INFO  o.a.k.c.a.i.AdminMetadataManager trace=,span= - [AdminClient clientId=notification-service] Rebootstrapping with Cluster(id = null, nodes = [localhost:9092 (id: -1 rack: null isFenced: false)], partitions = [], controller = null)
2026-06-16 13:32:21.929 [kafka-admin-client-thread | notification-service] INFO  o.a.k.c.a.i.AdminMetadataManager trace=,span= - [AdminClient clientId=notification-service] Rebootstrapping with Cluster(id = null, nodes = [localhost:9092 (id: -1 rack: null isFenced: false)], partitions = [], controller = null)
2026-06-16 13:32:21.929 [kafka-admin-client-thread | notification-service] INFO  o.a.k.c.a.i.AdminMetadataManager trace=,span= - [AdminClient clientId=notification-service] Rebootstrapping with Cluster(id = null, nodes = [localhost:9092 (id: -1 rack: null isFenced: false)], partitions = [], controller = null)
2026-06-16 13:32:21.929 [kafka-admin-client-thread | notification-service] INFO  o.a.k.c.a.i.AdminMetadataManager trace=,span= - [AdminClient clientId=notification-service] Rebootstrapping with Cluster(id = null, nodes = [localhost:9092 (id: -1 rack: null isFenced: false)], partitions = [], controller = null)
2026-06-16 13:32:21.929 [kafka-admin-client-thread | notification-service] INFO  o.a.k.c.a.i.AdminMetadataManager trace=,span= - [AdminClient clientId=notification-service] Rebootstrapping with Cluster(id = null, nodes = [localhost:9092 (id: -1 rack: null isFenced: false)], partitions = [], controller = null)
2026-06-16 13:32:21.929 [kafka-admin-client-thread | notification-service] INFO  o.a.k.c.a.i.AdminMetadataManager trace=,span= - [AdminClient clientId=notification-service] Rebootstrapping with Cluster(id = null, nodes = [localhost:9092 (id: -1 rack: null isFenced: false)], partitions = [], controller = null)
2026-06-16 13:32:21.929 [kafka-admin-client-thread | notification-service] INFO  o.a.k.c.a.i.AdminMetadataManager trace=,span= - [AdminClient clientId=notification-service] Rebootstrapping with Cluster(id = null, nodes = [localhost:9092 (id: -1 rack: null isFenced: false)], partitions = [], controller = null)
2026-06-16 13:32:21.929 [kafka-admin-client-thread | notification-service] INFO  o.a.k.c.a.i.AdminMetadataManager trace=,span= - [AdminClient clientId=notification-service] Rebootstrapping with Cluster(id = null, nodes = [localhost:9092 (id: -1 rack: null isFenced: false)], partitions = [], controller = null)
2026-06-16 13:32:21.929 [kafka-admin-client-thread | notification-service] INFO  o.a.k.c.a.i.AdminMetadataManager trace=,span= - [AdminClient clientId=notification-service] Rebootstrapping with Cluster(id = null, nodes = [localhost:9092 (id: -1 rack: null isFenced: false)], partitions = [], controller = null)
2026-06-16 13:32:21.929 [kafka-admin-client-thread | notification-service] INFO  o.a.k.c.a.i.AdminMetadataManager trace=,span= - [AdminClient clientId=notification-service] Rebootstrapping with Cluster(id = null, nodes = [localhost:9092 (id: -1 rack: null isFenced: false)], partitions = [], controller = null)
2026-06-16 13:32:21.929 [kafka-admin-client-thread | notification-service] INFO  o.a.k.c.a.i.AdminMetadataManager trace=,span= - [AdminClient clientId=notification-service] Rebootstrapping with Cluster(id = null, nodes = [localhost:9092 (id: -1 rack: null isFenced: false)], partitions = [], controller = null)
2026-06-16 13:32:21.929 [kafka-admin-client-thread | notification-service] INFO  o.a.k.c.a.i.AdminMetadataManager trace=,span= - [AdminClient clientId=notification-service] Rebootstrapping with Cluster(id = null, nodes = [localhost:9092 (id: -1 rack: null isFenced: false)], partitions = [], controller = null)
2026-06-16 13:32:21.929 [kafka-admin-client-thread | notification-service] INFO  o.a.k.c.a.i.AdminMetadataManager trace=,span= - [AdminClient clientId=notification-service] Rebootstrapping with Cluster(id = null, nodes = [localhost:9092 (id: -1 rack: null isFenced: false)], partitions = [], controller = null)
2026-06-16 13:32:21.929 [kafka-admin-client-thread | notification-service] INFO  o.a.k.c.a.i.AdminMetadataManager trace=,span= - [AdminClient clientId=notification-service] Rebootstrapping with Cluster(id = null, nodes = [localhost:9092 (id: -1 rack: null isFenced: false)], partitions = [], controller = null)
2026-06-16 13:32:21.929 [kafka-admin-client-thread | notification-service] INFO  o.a.k.c.a.i.AdminMetadataManager trace=,span= - [AdminClient clientId=notification-service] Rebootstrapping with Cluster(id = null, nodes = [localhost:9092 (id: -1 rack: null isFenced: false)], partitions = [], controller = null)
2026-06-16 13:32:21.929 [kafka-admin-client-thread | notification-service] INFO  o.a.k.c.a.i.AdminMetadataManager trace=,span= - [AdminClient clientId=notification-service] Rebootstrapping with Cluster(id = null, nodes = [localhost:9092 (id: -1 rack: null isFenced: false)], partitions = [], controller = null)
2026-06-16 13:32:21.929 [kafka-admin-client-thread | notification-service] INFO  o.a.k.c.a.i.AdminMetadataManager trace=,span= - [AdminClient clientId=notification-service] Rebootstrapping with Cluster(id = null, nodes = [localhost:9092 (id: -1 rack: null isFenced: false)], partitions = [], controller = null)
2026-06-16 13:32:21.929 [kafka-admin-client-thread | notification-service] INFO  o.a.k.c.a.i.AdminMetadataManager trace=,span= - [AdminClient clientId=notification-service] Rebootstrapping with Cluster(id = null, nodes = [localhost:9092 (id: -1 rack: null isFenced: false)], partitions = [], controller = null)
2026-06-16 13:32:21.929 [kafka-admin-client-thread | notification-service] INFO  o.a.k.c.a.i.AdminMetadataManager trace=,span= - [AdminClient clientId=notification-service] Rebootstrapping with Cluster(id = null, nodes = [localhost:9092 (id: -1 rack: null isFenced: false)], partitions = [], controller = null)
2026-06-16 13:32:21.929 [kafka-admin-client-thread | notification-service] INFO  o.a.k.c.a.i.AdminMetadataManager trace=,span= - [AdminClient clientId=notification-service] Rebootstrapping with Cluster(id = null, nodes = [localhost:9092 (id: -1 rack: null isFenced: false)], partitions = [], controller = null)
2026-06-16 13:32:21.929 [kafka-admin-client-thread | notification-service] INFO  o.a.k.c.a.i.AdminMetadataManager trace=,span= - [AdminClient clientId=notification-service] Rebootstrapping with Cluster(id = null, nodes = [localhost:9092 (id: -1 rack: null isFenced: false)], partitions = [], controller = null)
2026-06-16 13:32:21.929 [kafka-admin-client-thread | notification-service] INFO  o.a.k.c.a.i.AdminMetadataManager trace=,span= - [AdminClient clientId=notification-service] Rebootstrapping with Cluster(id = null, nodes = [localhost:9092 (id: -1 rack: null isFenced: false)], partitions = [], controller = null)
2026-06-16 13:32:21.929 [kafka-admin-client-thread | notification-service] INFO  o.a.k.c.a.i.AdminMetadataManager trace=,span= - [AdminClient clientId=notification-service] Rebootstrapping with Cluster(id = null, nodes = [localhost:9092 (id: -1 rack: null isFenced: false)], partitions = [], controller = null)
2026-06-16 13:32:21.929 [kafka-admin-client-thread | notification-service] INFO  o.a.k.c.a.i.AdminMetadataManager trace=,span= - [AdminClient clientId=notification-service] Rebootstrapping with Cluster(id = null, nodes = [localhost:9092 (id: -1 rack: null isFenced: false)], partitions = [], controller = null)
2026-06-16 13:32:21.929 [kafka-admin-client-thread | notification-service] INFO  o.a.k.c.a.i.AdminMetadataManager trace=,span= - [AdminClient clientId=notification-service] Rebootstrapping with Cluster(id = null, nodes = [localhost:9092 (id: -1 rack: null isFenced: false)], partitions = [], controller = null)
2026-06-16 13:32:21.929 [kafka-admin-client-thread | notification-service] INFO  o.a.k.c.a.i.AdminMetadataManager trace=,span= - [AdminClient clientId=notification-service] Rebootstrapping with Cluster(id = null, nodes = [localhost:9092 (id: -1 rack: null isFenced: false)], partitions = [], controller = null)
2026-06-16 13:32:21.929 [kafka-admin-client-thread | notification-service] INFO  o.a.k.c.a.i.AdminMetadataManager trace=,span= - [AdminClient clientId=notification-service] Rebootstrapping with Cluster(id = null, nodes = [localhost:9092 (id: -1 rack: null isFenced: false)], partitions = [], controller = null)
2026-06-16 13:32:21.929 [kafka-admin-client-thread | notification-service] INFO  o.a.k.c.a.i.AdminMetadataManager trace=,span= - [AdminClient clientId=notification-service] Rebootstrapping with Cluster(id = null, nodes = [localhost:9092 (id: -1 rack: null isFenced: false)], partitions = [], controller = null)
2026-06-16 13:32:21.929 [kafka-admin-client-thread | notification-service] INFO  o.a.k.c.a.i.AdminMetadataManager trace=,span= - [AdminClient clientId=notification-service] Rebootstrapping with Cluster(id = null, nodes = [localhost:9092 (id: -1 rack: null isFenced: false)], partitions = [], controller = null)
2026-06-16 13:32:21.929 [kafka-admin-client-thread | notification-service] INFO  o.a.k.c.a.i.AdminMetadataManager trace=,span= - [AdminClient clientId=notification-service] Rebootstrapping with Cluster(id = null, nodes = [localhost:9092 (id: -1 rack: null isFenced: false)], partitions = [], controller = null)
2026-06-16 13:32:21.929 [kafka-admin-client-thread | notification-service] INFO  o.a.k.c.a.i.AdminMetadataManager trace=,span= - [AdminClient clientId=notification-service] Rebootstrapping with Cluster(id = null, nodes = [localhost:9092 (id: -1 rack: null isFenced: false)], partitions = [], controller = null)
2026-06-16 13:32:21.929 [kafka-admin-client-thread | notification-service] INFO  o.a.k.c.a.i.AdminMetadataManager trace=,span= - [AdminClient clientId=notification-service] Rebootstrapping with Cluster(id = null, nodes = [localhost:9092 (id: -1 rack: null isFenced: false)], partitions = [], controller = null)
2026-06-16 13:32:22.031 [kafka-admin-client-thread | notification-service] INFO  o.a.k.c.a.i.AdminMetadataManager trace=,span= - [AdminClient clientId=notification-service] Rebootstrapping with Cluster(id = null, nodes = [localhost:9092 (id: -1 rack: null isFenced: false)], partitions = [], controller = null)
2026-06-16 13:32:22.032 [kafka-admin-client-thread | notification-service] INFO  o.a.k.c.a.i.AdminMetadataManager trace=,span= - [AdminClient clientId=notification-service] Rebootstrapping with Cluster(id = null, nodes = [localhost:9092 (id: -1 rack: null isFenced: false)], partitions = [], controller = null)
2026-06-16 13:32:22.032 [kafka-admin-client-thread | notification-service] INFO  o.a.k.c.a.i.AdminMetadataManager trace=,span= - [AdminClient clientId=notification-service] Rebootstrapping with Cluster(id = null, nodes = [localhost:9092 (id: -1 rack: null isFenced: false)], partitions = [], controller = null)
2026-06-16 13:32:22.032 [kafka-admin-client-thread | notification-service] INFO  o.a.k.c.a.i.AdminMetadataManager trace=,span= - [AdminClient clientId=notification-service] Rebootstrapping with Cluster(id = null, nodes = [localhost:9092 (id: -1 rack: null isFenced: false)], partitions = [], controller = null)
2026-06-16 13:32:22.032 [kafka-admin-client-thread | notification-service] INFO  o.a.k.c.a.i.AdminMetadataManager trace=,span= - [AdminClient clientId=notification-service] Rebootstrapping with Cluster(id = null, nodes = [localhost:9092 (id: -1 rack: null isFenced: false)], partitions = [], controller = null)
2026-06-16 13:32:22.032 [kafka-admin-client-thread | notification-service] INFO  o.a.k.c.a.i.AdminMetadataManager trace=,span= - [AdminClient clientId=notification-service] Rebootstrapping with Cluster(id = null, nodes = [localhost:9092 (id: -1 rack: null isFenced: false)], partitions = [], controller = null)
2026-06-16 13:32:22.032 [kafka-admin-client-thread | notification-service] INFO  o.a.k.c.a.i.AdminMetadataManager trace=,span= - [AdminClient clientId=notification-service] Rebootstrapping with Cluster(id = null, nodes = [localhost:9092 (id: -1 rack: null isFenced: false)], partitions = [], controller = null)
2026-06-16 13:32:22.032 [kafka-admin-client-thread | notification-service] INFO  o.a.k.c.a.i.AdminMetadataManager trace=,span= - [AdminClient clientId=notification-service] Rebootstrapping with Cluster(id = null, nodes = [localhost:9092 (id: -1 rack: null isFenced: false)], partitions = [], controller = null)
2026-06-16 13:32:22.032 [kafka-admin-client-thread | notification-service] INFO  o.a.k.c.a.i.AdminMetadataManager trace=,span= - [AdminClient clientId=notification-service] Rebootstrapping with Cluster(id = null, nodes = [localhost:9092 (id: -1 rack: null isFenced: false)], partitions = [], controller = null)
2026-06-16 13:32:22.032 [kafka-admin-client-thread | notification-service] INFO  o.a.k.c.a.i.AdminMetadataManager trace=,span= - [AdminClient clientId=notification-service] Rebootstrapping with Cluster(id = null, nodes = [localhost:9092 (id: -1 rack: null isFenced: false)], partitions = [], controller = null)
2026-06-16 13:32:22.036 [kafka-admin-client-thread | notification-service] INFO  o.a.k.c.a.i.AdminMetadataManager trace=,span= - [AdminClient clientId=notification-service] Rebootstrapping with Cluster(id = null, nodes = [localhost:9092 (id: -1 rack: null isFenced: false)], partitions = [], controller = null)
2026-06-16 13:32:22.036 [kafka-admin-client-thread | notification-service] INFO  o.a.k.c.a.i.AdminMetadataManager trace=,span= - [AdminClient clientId=notification-service] Rebootstrapping with Cluster(id = null, nodes = [localhost:9092 (id: -1 rack: null isFenced: false)], partitions = [], controller = null)
2026-06-16 13:32:22.036 [kafka-admin-client-thread | notification-service] INFO  o.a.k.c.a.i.AdminMetadataManager trace=,span= - [AdminClient clientId=notification-service] Rebootstrapping with Cluster(id = null, nodes = [localhost:9092 (id: -1 rack: null isFenced: false)], partitions = [], controller = null)
2026-06-16 13:32:22.036 [kafka-admin-client-thread | notification-service] INFO  o.a.k.c.a.i.AdminMetadataManager trace=,span= - [AdminClient clientId=notification-service] Rebootstrapping with Cluster(id = null, nodes = [localhost:9092 (id: -1 rack: null isFenced: false)], partitions = [], controller = null)
2026-06-16 13:32:22.036 [kafka-admin-client-thread | notification-service] INFO  o.a.k.c.a.i.AdminMetadataManager trace=,span= - [AdminClient clientId=notification-service] Rebootstrapping with Cluster(id = null, nodes = [localhost:9092 (id: -1 rack: null isFenced: false)], partitions = [], controller = null)
2026-06-16 13:32:22.036 [kafka-admin-client-thread | notification-service] INFO  o.a.k.c.a.i.AdminMetadataManager trace=,span= - [AdminClient clientId=notification-service] Rebootstrapping with Cluster(id = null, nodes = [localhost:9092 (id: -1 rack: null isFenced: false)], partitions = [], controller = null)
2026-06-16 13:32:22.036 [kafka-admin-client-thread | notification-service] INFO  o.a.k.c.a.i.AdminMetadataManager trace=,span= - [AdminClient clientId=notification-service] Rebootstrapping with Cluster(id = null, nodes = [localhost:9092 (id: -1 rack: null isFenced: false)], partitions = [], controller = null)
2026-06-16 13:32:22.036 [kafka-admin-client-thread | notification-service] INFO  o.a.k.c.a.i.AdminMetadataManager trace=,span= - [AdminClient clientId=notification-service] Rebootstrapping with Cluster(id = null, nodes = [localhost:9092 (id: -1 rack: null isFenced: false)], partitions = [], controller = null)
2026-06-16 13:32:22.036 [kafka-admin-client-thread | notification-service] INFO  o.a.k.c.a.i.AdminMetadataManager trace=,span= - [AdminClient clientId=notification-service] Rebootstrapping with Cluster(id = null, nodes = [localhost:9092 (id: -1 rack: null isFenced: false)], partitions = [], controller = null)
2026-06-16 13:32:22.036 [kafka-admin-client-thread | notification-service] INFO  o.a.k.c.a.i.AdminMetadataManager trace=,span= - [AdminClient clientId=notification-service] Rebootstrapping with Cluster(id = null, nodes = [localhost:9092 (id: -1 rack: null isFenced: false)], partitions = [], controller = null)
2026-06-16 13:32:22.037 [kafka-admin-client-thread | notification-service] INFO  o.a.k.c.a.i.AdminMetadataManager trace=,span= - [AdminClient clientId=notification-service] Rebootstrapping with Cluster(id = null, nodes = [localhost:9092 (id: -1 rack: null isFenced: false)], partitions = [], controller = null)
2026-06-16 13:32:22.037 [kafka-admin-client-thread | notification-service] INFO  o.a.k.c.a.i.AdminMetadataManager trace=,span= - [AdminClient clientId=notification-service] Rebootstrapping with Cluster(id = null, nodes = [localhost:9092 (id: -1 rack: null isFenced: false)], partitions = [], controller = null)
2026-06-16 13:32:22.037 [kafka-admin-client-thread | notification-service] INFO  o.a.k.c.a.i.AdminMetadataManager trace=,span= - [AdminClient clientId=notification-service] Rebootstrapping with Cluster(id = null, nodes = [localhost:9092 (id: -1 rack: null isFenced: false)], partitions = [], controller = null)
2026-06-16 13:32:22.037 [kafka-admin-client-thread | notification-service] INFO  o.a.k.c.a.i.AdminMetadataManager trace=,span= - [AdminClient clientId=notification-service] Rebootstrapping with Cluster(id = null, nodes = [localhost:9092 (id: -1 rack: null isFenced: false)], partitions = [], controller = null)
2026-06-16 13:32:22.037 [kafka-admin-client-thread | notification-service] INFO  o.a.k.c.a.i.AdminMetadataManager trace=,span= - [AdminClient clientId=notification-service] Rebootstrapping with Cluster(id = null, nodes = [localhost:9092 (id: -1 rack: null isFenced: false)], partitions = [], controller = null)
2026-06-16 13:32:22.037 [kafka-admin-client-thread | notification-service] INFO  o.a.k.c.a.i.AdminMetadataManager trace=,span= - [AdminClient clientId=notification-service] Rebootstrapping with Cluster(id = null, nodes = [localhost:9092 (id: -1 rack: null isFenced: false)], partitions = [], controller = null)
2026-06-16 13:32:22.037 [kafka-admin-client-thread | notification-service] INFO  o.a.k.c.a.i.AdminMetadataManager trace=,span= - [AdminClient clientId=notification-service] Rebootstrapping with Cluster(id = null, nodes = [localhost:9092 (id: -1 rack: null isFenced: false)], partitions = [], controller = null)
2026-06-16 13:32:22.037 [kafka-admin-client-thread | notification-service] INFO  o.a.k.c.a.i.AdminMetadataManager trace=,span= - [AdminClient clientId=notification-service] Rebootstrapping with Cluster(id = null, nodes = [localhost:9092 (id: -1 rack: null isFenced: false)], partitions = [], controller = null)
2026-06-16 13:32:22.037 [kafka-admin-client-thread | notification-service] INFO  o.a.k.c.a.i.AdminMetadataManager trace=,span= - [AdminClient clientId=notification-service] Rebootstrapping with Cluster(id = null, nodes = [localhost:9092 (id: -1 rack: null isFenced: false)], partitions = [], controller = null)
2026-06-16 13:32:22.037 [kafka-admin-client-thread | notification-service] INFO  o.a.k.c.a.i.AdminMetadataManager trace=,span= - [AdminClient clientId=notification-service] Rebootstrapping with Cluster(id = null, nodes = [localhost:9092 (id: -1 rack: null isFenced: false)], partitions = [], controller = null)
2026-06-16 13:32:22.037 [kafka-admin-client-thread | notification-service] INFO  o.a.k.c.a.i.AdminMetadataManager trace=,span= - [AdminClient clientId=notification-service] Rebootstrapping with Cluster(id = null, nodes = [localhost:9092 (id: -1 rack: null isFenced: false)], partitions = [], controller = null)
2026-06-16 13:32:22.037 [kafka-admin-client-thread | notification-service] INFO  o.a.k.c.a.i.AdminMetadataManager trace=,span= - [AdminClient clientId=notification-service] Rebootstrapping with Cluster(id = null, nodes = [localhost:9092 (id: -1 rack: null isFenced: false)], partitions = [], controller = null)
2026-06-16 13:32:22.037 [kafka-admin-client-thread | notification-service] INFO  o.a.k.c.a.i.AdminMetadataManager trace=,span= - [AdminClient clientId=notification-service] Rebootstrapping with Cluster(id = null, nodes = [localhost:9092 (id: -1 rack: null isFenced: false)], partitions = [], controller = null)
2026-06-16 13:32:22.037 [kafka-admin-client-thread | notification-service] INFO  o.a.k.c.a.i.AdminMetadataManager trace=,span= - [AdminClient clientId=notification-service] Rebootstrapping with Cluster(id = null, nodes = [localhost:9092 (id: -1 rack: null isFenced: false)], partitions = [], controller = null)
2026-06-16 13:32:22.037 [kafka-admin-client-thread | notification-service] INFO  o.a.k.c.a.i.AdminMetadataManager trace=,span= - [AdminClient clientId=notification-service] Rebootstrapping with Cluster(id = null, nodes = [localhost:9092 (id: -1 rack: null isFenced: false)], partitions = [], controller = null)
2026-06-16 13:32:22.037 [kafka-admin-client-thread | notification-service] INFO  o.a.k.c.a.i.AdminMetadataManager trace=,span= - [AdminClient clientId=notification-service] Rebootstrapping with Cluster(id = null, nodes = [localhost:9092 (id: -1 rack: null isFenced: false)], partitions = [], controller = null)
2026-06-16 13:32:22.037 [kafka-admin-client-thread | notification-service] INFO  o.a.k.c.a.i.AdminMetadataManager trace=,span= - [AdminClient clientId=notification-service] Rebootstrapping with Cluster(id = null, nodes = [localhost:9092 (id: -1 rack: null isFenced: false)], partitions = [], controller = null)
2026-06-16 13:32:22.037 [kafka-admin-client-thread | notification-service] INFO  o.a.k.c.a.i.AdminMetadataManager trace=,span= - [AdminClient clientId=notification-service] Rebootstrapping with Cluster(id = null, nodes = [localhost:9092 (id: -1 rack: null isFenced: false)], partitions = [], controller = null)
2026-06-16 13:32:22.038 [kafka-admin-client-thread | notification-service] INFO  o.a.k.c.a.i.AdminMetadataManager trace=,span= - [AdminClient clientId=notification-service] Rebootstrapping with Cluster(id = null, nodes = [localhost:9092 (id: -1 rack: null isFenced: false)], partitions = [], controller = null)
2026-06-16 13:32:22.038 [kafka-admin-client-thread | notification-service] INFO  o.a.k.c.a.i.AdminMetadataManager trace=,span= - [AdminClient clientId=notification-service] Rebootstrapping with Cluster(id = null, nodes = [localhost:9092 (id: -1 rack: null isFenced: false)], partitions = [], controller = null)
2026-06-16 13:32:22.038 [kafka-admin-client-thread | notification-service] INFO  o.a.k.c.a.i.AdminMetadataManager trace=,span= - [AdminClient clientId=notification-service] Rebootstrapping with Cluster(id = null, nodes = [localhost:9092 (id: -1 rack: null isFenced: false)], partitions = [], controller = null)
2026-06-16 13:32:22.038 [kafka-admin-client-thread | notification-service] INFO  o.a.k.c.a.i.AdminMetadataManager trace=,span= - [AdminClient clientId=notification-service] Rebootstrapping with Cluster(id = null, nodes = [localhost:9092 (id: -1 rack: null isFenced: false)], partitions = [], controller = null)
2026-06-16 13:32:22.038 [kafka-admin-client-thread | notification-service] INFO  o.a.k.c.a.i.AdminMetadataManager trace=,span= - [AdminClient clientId=notification-service] Rebootstrapping with Cluster(id = null, nodes = [localhost:9092 (id: -1 rack: null isFenced: false)], partitions = [], controller = null)
2026-06-16 13:32:22.038 [kafka-admin-client-thread | notification-service] INFO  o.a.k.c.a.i.AdminMetadataManager trace=,span= - [AdminClient clientId=notification-service] Rebootstrapping with Cluster(id = null, nodes = [localhost:9092 (id: -1 rack: null isFenced: false)], partitions = [], controller = null)
2026-06-16 13:32:22.038 [kafka-admin-client-thread | notification-service] INFO  o.a.k.c.a.i.AdminMetadataManager trace=,span= - [AdminClient clientId=notification-service] Rebootstrapping with Cluster(id = null, nodes = [localhost:9092 (id: -1 rack: null isFenced: false)], partitions = [], controller = null)
2026-06-16 13:32:22.038 [kafka-admin-client-thread | notification-service] INFO  o.a.k.c.a.i.AdminMetadataManager trace=,span= - [AdminClient clientId=notification-service] Rebootstrapping with Cluster(id = null, nodes = [localhost:9092 (id: -1 rack: null isFenced: false)], partitions = [], controller = null)
2026-06-16 13:32:22.038 [kafka-admin-client-thread | notification-service] INFO  o.a.k.c.a.i.AdminMetadataManager trace=,span= - [AdminClient clientId=notification-service] Rebootstrapping with Cluster(id = null, nodes = [localhost:9092 (id: -1 rack: null isFenced: false)], partitions = [], controller = null)
2026-06-16 13:32:22.038 [kafka-admin-client-thread | notification-service] INFO  o.a.k.c.a.i.AdminMetadataManager trace=,span= - [AdminClient clientId=notification-service] Rebootstrapping with Cluster(id = null, nodes = [localhost:9092 (id: -1 rack: null isFenced: false)], partitions = [], controller = null)
2026-06-16 13:32:22.038 [kafka-admin-client-thread | notification-service] INFO  o.a.k.c.a.i.AdminMetadataManager trace=,span= - [AdminClient clientId=notification-service] Rebootstrapping with Cluster(id = null, nodes = [localhost:9092 (id: -1 rack: null isFenced: false)], partitions = [], controller = null)
2026-06-16 13:32:22.038 [kafka-admin-client-thread | notification-service] INFO  o.a.k.c.a.i.AdminMetadataManager trace=,span= - [AdminClient clientId=notification-service] Rebootstrapping with Cluster(id = null, nodes = [localhost:9092 (id: -1 rack: null isFenced: false)], partitions = [], controller = null)
2026-06-16 13:32:22.038 [kafka-admin-client-thread | notification-service] INFO  o.a.k.c.a.i.AdminMetadataManager trace=,span= - [AdminClient clientId=notification-service] Rebootstrapping with Cluster(id = null, nodes = [localhost:9092 (id: -1 rack: null isFenced: false)], partitions = [], controller = null)
2026-06-16 13:32:22.038 [kafka-admin-client-thread | notification-service] INFO  o.a.k.c.a.i.AdminMetadataManager trace=,span= - [AdminClient clientId=notification-service] Rebootstrapping with Cluster(id = null, nodes = [localhost:9092 (id: -1 rack: null isFenced: false)], partitions = [], controller = null)
2026-06-16 13:32:22.038 [kafka-admin-client-thread | notification-service] INFO  o.a.k.c.a.i.AdminMetadataManager trace=,span= - [AdminClient clientId=notification-service] Rebootstrapping with Cluster(id = null, nodes = [localhost:9092 (id: -1 rack: null isFenced: false)], partitions = [], controller = null)
2026-06-16 13:32:22.039 [kafka-admin-client-thread | notification-service] INFO  o.a.k.c.a.i.AdminMetadataManager trace=,span= - [AdminClient clientId=notification-service] Rebootstrapping with Cluster(id = null, nodes = [localhost:9092 (id: -1 rack: null isFenced: false)], partitions = [], controller = null)
2026-06-16 13:32:22.039 [kafka-admin-client-thread | notification-service] INFO  o.a.k.c.a.i.AdminMetadataManager trace=,span= - [AdminClient clientId=notification-service] Rebootstrapping with Cluster(id = null, nodes = [localhost:9092 (id: -1 rack: null isFenced: false)], partitions = [], controller = null)
2026-06-16 13:32:22.141 [kafka-admin-client-thread | notification-service] INFO  o.a.k.c.a.i.AdminMetadataManager trace=,span= - [AdminClient clientId=notification-service] Rebootstrapping with Cluster(id = null, nodes = [localhost:9092 (id: -1 rack: null isFenced: false)], partitions = [], controller = null)
2026-06-16 13:32:22.141 [kafka-admin-client-thread | notification-service] INFO  o.a.k.c.a.i.AdminMetadataManager trace=,span= - [AdminClient clientId=notification-service] Rebootstrapping with Cluster(id = null, nodes = [localhost:9092 (id: -1 rack: null isFenced: false)], partitions = [], controller = null)
2026-06-16 13:32:22.142 [kafka-admin-client-thread | notification-service] INFO  o.a.k.c.a.i.AdminMetadataManager trace=,span= - [AdminClient clientId=notification-service] Rebootstrapping with Cluster(id = null, nodes = [localhost:9092 (id: -1 rack: null isFenced: false)], partitions = [], controller = null)
2026-06-16 13:32:22.142 [kafka-admin-client-thread | notification-service] INFO  o.a.k.c.a.i.AdminMetadataManager trace=,span= - [AdminClient clientId=notification-service] Rebootstrapping with Cluster(id = null, nodes = [localhost:9092 (id: -1 rack: null isFenced: false)], partitions = [], controller = null)
2026-06-16 13:32:22.142 [kafka-admin-client-thread | notification-service] INFO  o.a.k.c.a.i.AdminMetadataManager trace=,span= - [AdminClient clientId=notification-service] Rebootstrapping with Cluster(id = null, nodes = [localhost:9092 (id: -1 rack: null isFenced: false)], partitions = [], controller = null)
2026-06-16 13:32:22.142 [kafka-admin-client-thread | notification-service] INFO  o.a.k.c.a.i.AdminMetadataManager trace=,span= - [AdminClient clientId=notification-service] Rebootstrapping with Cluster(id = null, nodes = [localhost:9092 (id: -1 rack: null isFenced: false)], partitions = [], controller = null)
2026-06-16 13:32:22.142 [kafka-admin-client-thread | notification-service] INFO  o.a.k.c.a.i.AdminMetadataManager trace=,span= - [AdminClient clientId=notification-service] Rebootstrapping with Cluster(id = null, nodes = [localhost:9092 (id: -1 rack: null isFenced: false)], partitions = [], controller = null)
2026-06-16 13:32:22.142 [kafka-admin-client-thread | notification-service] INFO  o.a.k.c.a.i.AdminMetadataManager trace=,span= - [AdminClient clientId=notification-service] Rebootstrapping with Cluster(id = null, nodes = [localhost:9092 (id: -1 rack: null isFenced: false)], partitions = [], controller = null)
2026-06-16 13:32:22.142 [kafka-admin-client-thread | notification-service] INFO  o.a.k.c.a.i.AdminMetadataManager trace=,span= - [AdminClient clientId=notification-service] Rebootstrapping with Cluster(id = null, nodes = [localhost:9092 (id: -1 rack: null isFenced: false)], partitions = [], controller = null)
2026-06-16 13:32:22.142 [kafka-admin-client-thread | notification-service] INFO  o.a.k.c.a.i.AdminMetadataManager trace=,span= - [AdminClient clientId=notification-service] Rebootstrapping with Cluster(id = null, nodes = [localhost:9092 (id: -1 rack: null isFenced: false)], partitions = [], controller = null)
2026-06-16 13:32:22.143 [kafka-admin-client-thread | notification-service] INFO  o.a.k.c.a.i.AdminMetadataManager trace=,span= - [AdminClient clientId=notification-service] Rebootstrapping with Cluster(id = null, nodes = [localhost:9092 (id: -1 rack: null isFenced: false)], partitions = [], controller = null)
2026-06-16 13:32:22.143 [kafka-admin-client-thread | notification-service] INFO  o.a.k.c.a.i.AdminMetadataManager trace=,span= - [AdminClient clientId=notification-service] Rebootstrapping with Cluster(id = null, nodes = [localhost:9092 (id: -1 rack: null isFenced: false)], partitions = [], controller = null)
2026-06-16 13:32:22.143 [kafka-admin-client-thread | notification-service] INFO  o.a.k.c.a.i.AdminMetadataManager trace=,span= - [AdminClient clientId=notification-service] Rebootstrapping with Cluster(id = null, nodes = [localhost:9092 (id: -1 rack: null isFenced: false)], partitions = [], controller = null)
2026-06-16 13:32:22.143 [kafka-admin-client-thread | notification-service] INFO  o.a.k.c.a.i.AdminMetadataManager trace=,span= - [AdminClient clientId=notification-service] Rebootstrapping with Cluster(id = null, nodes = [localhost:9092 (id: -1 rack: null isFenced: false)], partitions = [], controller = null)
2026-06-16 13:32:22.143 [kafka-admin-client-thread | notification-service] INFO  o.a.k.c.a.i.AdminMetadataManager trace=,span= - [AdminClient clientId=notification-service] Rebootstrapping with Cluster(id = null, nodes = [localhost:9092 (id: -1 rack: null isFenced: false)], partitions = [], controller = null)
2026-06-16 13:32:22.143 [kafka-admin-client-thread | notification-service] INFO  o.a.k.c.a.i.AdminMetadataManager trace=,span= - [AdminClient clientId=notification-service] Rebootstrapping with Cluster(id = null, nodes = [localhost:9092 (id: -1 rack: null isFenced: false)], partitions = [], controller = null)
2026-06-16 13:32:22.143 [kafka-admin-client-thread | notification-service] INFO  o.a.k.c.a.i.AdminMetadataManager trace=,span= - [AdminClient clientId=notification-service] Rebootstrapping with Cluster(id = null, nodes = [localhost:9092 (id: -1 rack: null isFenced: false)], partitions = [], controller = null)
2026-06-16 13:32:22.143 [kafka-admin-client-thread | notification-service] INFO  o.a.k.c.a.i.AdminMetadataManager trace=,span= - [AdminClient clientId=notification-service] Rebootstrapping with Cluster(id = null, nodes = [localhost:9092 (id: -1 rack: null isFenced: false)], partitions = [], controller = null)
2026-06-16 13:32:22.143 [kafka-admin-client-thread | notification-service] INFO  o.a.k.c.a.i.AdminMetadataManager trace=,span= - [AdminClient clientId=notification-service] Rebootstrapping with Cluster(id = null, nodes = [localhost:9092 (id: -1 rack: null isFenced: false)], partitions = [], controller = null)
2026-06-16 13:32:22.143 [kafka-admin-client-thread | notification-service] INFO  o.a.k.c.a.i.AdminMetadataManager trace=,span= - [AdminClient clientId=notification-service] Rebootstrapping with Cluster(id = null, nodes = [localhost:9092 (id: -1 rack: null isFenced: false)], partitions = [], controller = null)
2026-06-16 13:32:22.143 [kafka-admin-client-thread | notification-service] INFO  o.a.k.c.a.i.AdminMetadataManager trace=,span= - [AdminClient clientId=notification-service] Rebootstrapping with Cluster(id = null, nodes = [localhost:9092 (id: -1 rack: null isFenced: false)], partitions = [], controller = null)
2026-06-16 13:32:22.143 [kafka-admin-client-thread | notification-service] INFO  o.a.k.c.a.i.AdminMetadataManager trace=,span= - [AdminClient clientId=notification-service] Rebootstrapping with Cluster(id = null, nodes = [localhost:9092 (id: -1 rack: null isFenced: false)], partitions = [], controller = null)
2026-06-16 13:32:22.144 [kafka-admin-client-thread | notification-service] INFO  o.a.k.c.a.i.AdminMetadataManager trace=,span= - [AdminClient clientId=notification-service] Rebootstrapping with Cluster(id = null, nodes = [localhost:9092 (id: -1 rack: null isFenced: false)], partitions = [], controller = null)
2026-06-16 13:32:22.144 [kafka-admin-client-thread | notification-service] INFO  o.a.k.c.a.i.AdminMetadataManager trace=,span= - [AdminClient clientId=notification-service] Rebootstrapping with Cluster(id = null, nodes = [localhost:9092 (id: -1 rack: null isFenced: false)], partitions = [], controller = null)
2026-06-16 13:32:22.144 [kafka-admin-client-thread | notification-service] INFO  o.a.k.c.a.i.AdminMetadataManager trace=,span= - [AdminClient clientId=notification-service] Rebootstrapping with Cluster(id = null, nodes = [localhost:9092 (id: -1 rack: null isFenced: false)], partitions = [], controller = null)
2026-06-16 13:32:22.144 [kafka-admin-client-thread | notification-service] INFO  o.a.k.c.a.i.AdminMetadataManager trace=,span= - [AdminClient clientId=notification-service] Rebootstrapping with Cluster(id = null, nodes = [localhost:9092 (id: -1 rack: null isFenced: false)], partitions = [], controller = null)
2026-06-16 13:32:22.144 [kafka-admin-client-thread | notification-service] INFO  o.a.k.c.a.i.AdminMetadataManager trace=,span= - [AdminClient clientId=notification-service] Rebootstrapping with Cluster(id = null, nodes = [localhost:9092 (id: -1 rack: null isFenced: false)], partitions = [], controller = null)
2026-06-16 13:32:22.144 [kafka-admin-client-thread | notification-service] INFO  o.a.k.c.a.i.AdminMetadataManager trace=,span= - [AdminClient clientId=notification-service] Rebootstrapping with Cluster(id = null, nodes = [localhost:9092 (id: -1 rack: null isFenced: false)], partitions = [], controller = null)
2026-06-16 13:32:22.144 [kafka-admin-client-thread | notification-service] INFO  o.a.k.c.a.i.AdminMetadataManager trace=,span= - [AdminClient clientId=notification-service] Rebootstrapping with Cluster(id = null, nodes = [localhost:9092 (id: -1 rack: null isFenced: false)], partitions = [], controller = null)
2026-06-16 13:32:22.144 [kafka-admin-client-thread | notification-service] INFO  o.a.k.c.a.i.AdminMetadataManager trace=,span= - [AdminClient clientId=notification-service] Rebootstrapping with Cluster(id = null, nodes = [localhost:9092 (id: -1 rack: null isFenced: false)], partitions = [], controller = null)
2026-06-16 13:32:22.144 [kafka-admin-client-thread | notification-service] INFO  o.a.k.c.a.i.AdminMetadataManager trace=,span= - [AdminClient clientId=notification-service] Rebootstrapping with Cluster(id = null, nodes = [localhost:9092 (id: -1 rack: null isFenced: false)], partitions = [], controller = null)
2026-06-16 13:32:22.144 [kafka-admin-client-thread | notification-service] INFO  o.a.k.c.a.i.AdminMetadataManager trace=,span= - [AdminClient clientId=notification-service] Rebootstrapping with Cluster(id = null, nodes = [localhost:9092 (id: -1 rack: null isFenced: false)], partitions = [], controller = null)
2026-06-16 13:32:22.144 [kafka-admin-client-thread | notification-service] INFO  o.a.k.c.a.i.AdminMetadataManager trace=,span= - [AdminClient clientId=notification-service] Rebootstrapping with Cluster(id = null, nodes = [localhost:9092 (id: -1 rack: null isFenced: false)], partitions = [], controller = null)
2026-06-16 13:32:22.144 [kafka-admin-client-thread | notification-service] INFO  o.a.k.c.a.i.AdminMetadataManager trace=,span= - [AdminClient clientId=notification-service] Rebootstrapping with Cluster(id = null, nodes = [localhost:9092 (id: -1 rack: null isFenced: false)], partitions = [], controller = null)
2026-06-16 13:32:22.144 [kafka-admin-client-thread | notification-service] INFO  o.a.k.c.a.i.AdminMetadataManager trace=,span= - [AdminClient clientId=notification-service] Rebootstrapping with Cluster(id = null, nodes = [localhost:9092 (id: -1 rack: null isFenced: false)], partitions = [], controller = null)
2026-06-16 13:32:22.144 [kafka-admin-client-thread | notification-service] INFO  o.a.k.c.a.i.AdminMetadataManager trace=,span= - [AdminClient clientId=notification-service] Rebootstrapping with Cluster(id = null, nodes = [localhost:9092 (id: -1 rack: null isFenced: false)], partitions = [], controller = null)
2026-06-16 13:32:22.144 [kafka-admin-client-thread | notification-service] INFO  o.a.k.c.a.i.AdminMetadataManager trace=,span= - [AdminClient clientId=notification-service] Rebootstrapping with Cluster(id = null, nodes = [localhost:9092 (id: -1 rack: null isFenced: false)], partitions = [], controller = null)
2026-06-16 13:32:22.144 [kafka-admin-client-thread | notification-service] INFO  o.a.k.c.a.i.AdminMetadataManager trace=,span= - [AdminClient clientId=notification-service] Rebootstrapping with Cluster(id = null, nodes = [localhost:9092 (id: -1 rack: null isFenced: false)], partitions = [], controller = null)
2026-06-16 13:32:22.144 [kafka-admin-client-thread | notification-service] INFO  o.a.k.c.a.i.AdminMetadataManager trace=,span= - [AdminClient clientId=notification-service] Rebootstrapping with Cluster(id = null, nodes = [localhost:9092 (id: -1 rack: null isFenced: false)], partitions = [], controller = null)
2026-06-16 13:32:22.144 [kafka-admin-client-thread | notification-service] INFO  o.a.k.c.a.i.AdminMetadataManager trace=,span= - [AdminClient clientId=notification-service] Rebootstrapping with Cluster(id = null, nodes = [localhost:9092 (id: -1 rack: null isFenced: false)], partitions = [], controller = null)
2026-06-16 13:32:22.144 [kafka-admin-client-thread | notification-service] INFO  o.a.k.c.a.i.AdminMetadataManager trace=,span= - [AdminClient clientId=notification-service] Rebootstrapping with Cluster(id = null, nodes = [localhost:9092 (id: -1 rack: null isFenced: false)], partitions = [], controller = null)
2026-06-16 13:32:22.144 [kafka-admin-client-thread | notification-service] INFO  o.a.k.c.a.i.AdminMetadataManager trace=,span= - [AdminClient clientId=notification-service] Rebootstrapping with Cluster(id = null, nodes = [localhost:9092 (id: -1 rack: null isFenced: false)], partitions = [], controller = null)
2026-06-16 13:32:22.144 [kafka-admin-client-thread | notification-service] INFO  o.a.k.c.a.i.AdminMetadataManager trace=,span= - [AdminClient clientId=notification-service] Rebootstrapping with Cluster(id = null, nodes = [localhost:9092 (id: -1 rack: null isFenced: false)], partitions = [], controller = null)
2026-06-16 13:32:22.145 [kafka-admin-client-thread | notification-service] INFO  o.a.k.c.a.i.AdminMetadataManager trace=,span= - [AdminClient clientId=notification-service] Rebootstrapping with Cluster(id = null, nodes = [localhost:9092 (id: -1 rack: null isFenced: false)], partitions = [], controller = null)
2026-06-16 13:32:22.145 [kafka-admin-client-thread | notification-service] INFO  o.a.k.c.a.i.AdminMetadataManager trace=,span= - [AdminClient clientId=notification-service] Rebootstrapping with Cluster(id = null, nodes = [localhost:9092 (id: -1 rack: null isFenced: false)], partitions = [], controller = null)
2026-06-16 13:32:22.145 [kafka-admin-client-thread | notification-service] INFO  o.a.k.c.a.i.AdminMetadataManager trace=,span= - [AdminClient clientId=notification-service] Rebootstrapping with Cluster(id = null, nodes = [localhost:9092 (id: -1 rack: null isFenced: false)], partitions = [], controller = null)
2026-06-16 13:32:22.145 [kafka-admin-client-thread | notification-service] INFO  o.a.k.c.a.i.AdminMetadataManager trace=,span= - [AdminClient clientId=notification-service] Rebootstrapping with Cluster(id = null, nodes = [localhost:9092 (id: -1 rack: null isFenced: false)], partitions = [], controller = null)
2026-06-16 13:32:22.145 [kafka-admin-client-thread | notification-service] INFO  o.a.k.c.a.i.AdminMetadataManager trace=,span= - [AdminClient clientId=notification-service] Rebootstrapping with Cluster(id = null, nodes = [localhost:9092 (id: -1 rack: null isFenced: false)], partitions = [], controller = null)
2026-06-16 13:32:22.145 [kafka-admin-client-thread | notification-service] INFO  o.a.k.c.a.i.AdminMetadataManager trace=,span= - [AdminClient clientId=notification-service] Rebootstrapping with Cluster(id = null, nodes = [localhost:9092 (id: -1 rack: null isFenced: false)], partitions = [], controller = null)
2026-06-16 13:32:22.145 [kafka-admin-client-thread | notification-service] INFO  o.a.k.c.a.i.AdminMetadataManager trace=,span= - [AdminClient clientId=notification-service] Rebootstrapping with Cluster(id = null, nodes = [localhost:9092 (id: -1 rack: null isFenced: false)], partitions = [], controller = null)
2026-06-16 13:32:22.145 [kafka-admin-client-thread | notification-service] INFO  o.a.k.c.a.i.AdminMetadataManager trace=,span= - [AdminClient clientId=notification-service] Rebootstrapping with Cluster(id = null, nodes = [localhost:9092 (id: -1 rack: null isFenced: false)], partitions = [], controller = null)
2026-06-16 13:32:22.145 [kafka-admin-client-thread | notification-service] INFO  o.a.k.c.a.i.AdminMetadataManager trace=,span= - [AdminClient clientId=notification-service] Rebootstrapping with Cluster(id = null, nodes = [localhost:9092 (id: -1 rack: null isFenced: false)], partitions = [], controller = null)
2026-06-16 13:32:22.145 [kafka-admin-client-thread | notification-service] INFO  o.a.k.c.a.i.AdminMetadataManager trace=,span= - [AdminClient clientId=notification-service] Rebootstrapping with Cluster(id = null, nodes = [localhost:9092 (id: -1 rack: null isFenced: false)], partitions = [], controller = null)
2026-06-16 13:32:22.145 [kafka-admin-client-thread | notification-service] INFO  o.a.k.c.a.i.AdminMetadataManager trace=,span= - [AdminClient clientId=notification-service] Rebootstrapping with Cluster(id = null, nodes = [localhost:9092 (id: -1 rack: null isFenced: false)], partitions = [], controller = null)
2026-06-16 13:32:22.145 [kafka-admin-client-thread | notification-service] INFO  o.a.k.c.a.i.AdminMetadataManager trace=,span= - [AdminClient clientId=notification-service] Rebootstrapping with Cluster(id = null, nodes = [localhost:9092 (id: -1 rack: null isFenced: false)], partitions = [], controller = null)
2026-06-16 13:32:22.145 [kafka-admin-client-thread | notification-service] INFO  o.a.k.c.a.i.AdminMetadataManager trace=,span= - [AdminClient clientId=notification-service] Rebootstrapping with Cluster(id = null, nodes = [localhost:9092 (id: -1 rack: null isFenced: false)], partitions = [], controller = null)
2026-06-16 13:32:22.247 [kafka-admin-client-thread | notification-service] INFO  o.a.k.c.a.i.AdminMetadataManager trace=,span= - [AdminClient clientId=notification-service] Rebootstrapping with Cluster(id = null, nodes = [localhost:9092 (id: -1 rack: null isFenced: false)], partitions = [], controller = null)
2026-06-16 13:32:22.248 [kafka-admin-client-thread | notification-service] INFO  o.a.k.c.a.i.AdminMetadataManager trace=,span= - [AdminClient clientId=notification-service] Rebootstrapping with Cluster(id = null, nodes = [localhost:9092 (id: -1 rack: null isFenced: false)], partitions = [], controller = null)
2026-06-16 13:32:22.249 [kafka-admin-client-thread | notification-service] INFO  o.a.k.c.a.i.AdminMetadataManager trace=,span= - [AdminClient clientId=notification-service] Rebootstrapping with Cluster(id = null, nodes = [localhost:9092 (id: -1 rack: null isFenced: false)], partitions = [], controller = null)
2026-06-16 13:32:22.249 [kafka-admin-client-thread | notification-service] INFO  o.a.k.c.a.i.AdminMetadataManager trace=,span= - [AdminClient clientId=notification-service] Rebootstrapping with Cluster(id = null, nodes = [localhost:9092 (id: -1 rack: null isFenced: false)], partitions = [], controller = null)
2026-06-16 13:32:22.249 [kafka-admin-client-thread | notification-service] INFO  o.a.k.c.a.i.AdminMetadataManager trace=,span= - [AdminClient clientId=notification-service] Rebootstrapping with Cluster(id = null, nodes = [localhost:9092 (id: -1 rack: null isFenced: false)], partitions = [], controller = null)
2026-06-16 13:32:22.249 [kafka-admin-client-thread | notification-service] INFO  o.a.k.c.a.i.AdminMetadataManager trace=,span= - [AdminClient clientId=notification-service] Rebootstrapping with Cluster(id = null, nodes = [localhost:9092 (id: -1 rack: null isFenced: false)], partitions = [], controller = null)
2026-06-16 13:32:22.250 [kafka-admin-client-thread | notification-service] INFO  o.a.k.c.a.i.AdminMetadataManager trace=,span= - [AdminClient clientId=notification-service] Rebootstrapping with Cluster(id = null, nodes = [localhost:9092 (id: -1 rack: null isFenced: false)], partitions = [], controller = null)
2026-06-16 13:32:22.250 [kafka-admin-client-thread | notification-service] INFO  o.a.k.c.a.i.AdminMetadataManager trace=,span= - [AdminClient clientId=notification-service] Rebootstrapping with Cluster(id = null, nodes = [localhost:9092 (id: -1 rack: null isFenced: false)], partitions = [], controller = null)
2026-06-16 13:32:22.250 [kafka-admin-client-thread | notification-service] INFO  o.a.k.c.a.i.AdminMetadataManager trace=,span= - [AdminClient clientId=notification-service] Rebootstrapping with Cluster(id = null, nodes = [localhost:9092 (id: -1 rack: null isFenced: false)], partitions = [], controller = null)
2026-06-16 13:32:22.250 [kafka-admin-client-thread | notification-service] INFO  o.a.k.c.a.i.AdminMetadataManager trace=,span= - [AdminClient clientId=notification-service] Rebootstrapping with Cluster(id = null, nodes = [localhost:9092 (id: -1 rack: null isFenced: false)], partitions = [], controller = null)
2026-06-16 13:32:22.250 [kafka-admin-client-thread | notification-service] INFO  o.a.k.c.a.i.AdminMetadataManager trace=,span= - [AdminClient clientId=notification-service] Rebootstrapping with Cluster(id = null, nodes = [localhost:9092 (id: -1 rack: null isFenced: false)], partitions = [], controller = null)
2026-06-16 13:32:22.250 [kafka-admin-client-thread | notification-service] INFO  o.a.k.c.a.i.AdminMetadataManager trace=,span= - [AdminClient clientId=notification-service] Rebootstrapping with Cluster(id = null, nodes = [localhost:9092 (id: -1 rack: null isFenced: false)], partitions = [], controller = null)
2026-06-16 13:32:22.250 [kafka-admin-client-thread | notification-service] INFO  o.a.k.c.a.i.AdminMetadataManager trace=,span= - [AdminClient clientId=notification-service] Rebootstrapping with Cluster(id = null, nodes = [localhost:9092 (id: -1 rack: null isFenced: false)], partitions = [], controller = null)
2026-06-16 13:32:22.250 [kafka-admin-client-thread | notification-service] INFO  o.a.k.c.a.i.AdminMetadataManager trace=,span= - [AdminClient clientId=notification-service] Rebootstrapping with Cluster(id = null, nodes = [localhost:9092 (id: -1 rack: null isFenced: false)], partitions = [], controller = null)
2026-06-16 13:32:22.250 [kafka-admin-client-thread | notification-service] INFO  o.a.k.c.a.i.AdminMetadataManager trace=,span= - [AdminClient clientId=notification-service] Rebootstrapping with Cluster(id = null, nodes = [localhost:9092 (id: -1 rack: null isFenced: false)], partitions = [], controller = null)
2026-06-16 13:32:22.250 [kafka-admin-client-thread | notification-service] INFO  o.a.k.c.a.i.AdminMetadataManager trace=,span= - [AdminClient clientId=notification-service] Rebootstrapping with Cluster(id = null, nodes = [localhost:9092 (id: -1 rack: null isFenced: false)], partitions = [], controller = null)
2026-06-16 13:32:22.250 [kafka-admin-client-thread | notification-service] INFO  o.a.k.c.a.i.AdminMetadataManager trace=,span= - [AdminClient clientId=notification-service] Rebootstrapping with Cluster(id = null, nodes = [localhost:9092 (id: -1 rack: null isFenced: false)], partitions = [], controller = null)
2026-06-16 13:32:22.250 [kafka-admin-client-thread | notification-service] INFO  o.a.k.c.a.i.AdminMetadataManager trace=,span= - [AdminClient clientId=notification-service] Rebootstrapping with Cluster(id = null, nodes = [localhost:9092 (id: -1 rack: null isFenced: false)], partitions = [], controller = null)
2026-06-16 13:32:22.250 [kafka-admin-client-thread | notification-service] INFO  o.a.k.c.a.i.AdminMetadataManager trace=,span= - [AdminClient clientId=notification-service] Rebootstrapping with Cluster(id = null, nodes = [localhost:9092 (id: -1 rack: null isFenced: false)], partitions = [], controller = null)
2026-06-16 13:32:22.250 [kafka-admin-client-thread | notification-service] INFO  o.a.k.c.a.i.AdminMetadataManager trace=,span= - [AdminClient clientId=notification-service] Rebootstrapping with Cluster(id = null, nodes = [localhost:9092 (id: -1 rack: null isFenced: false)], partitions = [], controller = null)
2026-06-16 13:32:22.250 [kafka-admin-client-thread | notification-service] INFO  o.a.k.c.a.i.AdminMetadataManager trace=,span= - [AdminClient clientId=notification-service] Rebootstrapping with Cluster(id = null, nodes = [localhost:9092 (id: -1 rack: null isFenced: false)], partitions = [], controller = null)
2026-06-16 13:32:22.250 [kafka-admin-client-thread | notification-service] INFO  o.a.k.c.a.i.AdminMetadataManager trace=,span= - [AdminClient clientId=notification-service] Rebootstrapping with Cluster(id = null, nodes = [localhost:9092 (id: -1 rack: null isFenced: false)], partitions = [], controller = null)
2026-06-16 13:32:22.250 [kafka-admin-client-thread | notification-service] INFO  o.a.k.c.a.i.AdminMetadataManager trace=,span= - [AdminClient clientId=notification-service] Rebootstrapping with Cluster(id = null, nodes = [localhost:9092 (id: -1 rack: null isFenced: false)], partitions = [], controller = null)
2026-06-16 13:32:22.250 [kafka-admin-client-thread | notification-service] INFO  o.a.k.c.a.i.AdminMetadataManager trace=,span= - [AdminClient clientId=notification-service] Rebootstrapping with Cluster(id = null, nodes = [localhost:9092 (id: -1 rack: null isFenced: false)], partitions = [], controller = null)
2026-06-16 13:32:22.250 [kafka-admin-client-thread | notification-service] INFO  o.a.k.c.a.i.AdminMetadataManager trace=,span= - [AdminClient clientId=notification-service] Rebootstrapping with Cluster(id = null, nodes = [localhost:9092 (id: -1 rack: null isFenced: false)], partitions = [], controller = null)
2026-06-16 13:32:22.250 [kafka-admin-client-thread | notification-service] INFO  o.a.k.c.a.i.AdminMetadataManager trace=,span= - [AdminClient clientId=notification-service] Rebootstrapping with Cluster(id = null, nodes = [localhost:9092 (id: -1 rack: null isFenced: false)], partitions = [], controller = null)
2026-06-16 13:32:22.250 [kafka-admin-client-thread | notification-service] INFO  o.a.k.c.a.i.AdminMetadataManager trace=,span= - [AdminClient clientId=notification-service] Rebootstrapping with Cluster(id = null, nodes = [localhost:9092 (id: -1 rack: null isFenced: false)], partitions = [], controller = null)
2026-06-16 13:32:22.250 [kafka-admin-client-thread | notification-service] INFO  o.a.k.c.a.i.AdminMetadataManager trace=,span= - [AdminClient clientId=notification-service] Rebootstrapping with Cluster(id = null, nodes = [localhost:9092 (id: -1 rack: null isFenced: false)], partitions = [], controller = null)
2026-06-16 13:32:22.250 [kafka-admin-client-thread | notification-service] INFO  o.a.k.c.a.i.AdminMetadataManager trace=,span= - [AdminClient clientId=notification-service] Rebootstrapping with Cluster(id = null, nodes = [localhost:9092 (id: -1 rack: null isFenced: false)], partitions = [], controller = null)
2026-06-16 13:32:22.250 [kafka-admin-client-thread | notification-service] INFO  o.a.k.c.a.i.AdminMetadataManager trace=,span= - [AdminClient clientId=notification-service] Rebootstrapping with Cluster(id = null, nodes = [localhost:9092 (id: -1 rack: null isFenced: false)], partitions = [], controller = null)
2026-06-16 13:32:22.250 [kafka-admin-client-thread | notification-service] INFO  o.a.k.c.a.i.AdminMetadataManager trace=,span= - [AdminClient clientId=notification-service] Rebootstrapping with Cluster(id = null, nodes = [localhost:9092 (id: -1 rack: null isFenced: false)], partitions = [], controller = null)
2026-06-16 13:32:22.250 [kafka-admin-client-thread | notification-service] INFO  o.a.k.c.a.i.AdminMetadataManager trace=,span= - [AdminClient clientId=notification-service] Rebootstrapping with Cluster(id = null, nodes = [localhost:9092 (id: -1 rack: null isFenced: false)], partitions = [], controller = null)
2026-06-16 13:32:22.250 [kafka-admin-client-thread | notification-service] INFO  o.a.k.c.a.i.AdminMetadataManager trace=,span= - [AdminClient clientId=notification-service] Rebootstrapping with Cluster(id = null, nodes = [localhost:9092 (id: -1 rack: null isFenced: false)], partitions = [], controller = null)
2026-06-16 13:32:22.250 [kafka-admin-client-thread | notification-service] INFO  o.a.k.c.a.i.AdminMetadataManager trace=,span= - [AdminClient clientId=notification-service] Rebootstrapping with Cluster(id = null, nodes = [localhost:9092 (id: -1 rack: null isFenced: false)], partitions = [], controller = null)
2026-06-16 13:32:22.250 [kafka-admin-client-thread | notification-service] INFO  o.a.k.c.a.i.AdminMetadataManager trace=,span= - [AdminClient clientId=notification-service] Rebootstrapping with Cluster(id = null, nodes = [localhost:9092 (id: -1 rack: null isFenced: false)], partitions = [], controller = null)
2026-06-16 13:32:22.250 [kafka-admin-client-thread | notification-service] INFO  o.a.k.c.a.i.AdminMetadataManager trace=,span= - [AdminClient clientId=notification-service] Rebootstrapping with Cluster(id = null, nodes = [localhost:9092 (id: -1 rack: null isFenced: false)], partitions = [], controller = null)
2026-06-16 13:32:22.250 [kafka-admin-client-thread | notification-service] INFO  o.a.k.c.a.i.AdminMetadataManager trace=,span= - [AdminClient clientId=notification-service] Rebootstrapping with Cluster(id = null, nodes = [localhost:9092 (id: -1 rack: null isFenced: false)], partitions = [], controller = null)
2026-06-16 13:32:22.250 [kafka-admin-client-thread | notification-service] INFO  o.a.k.c.a.i.AdminMetadataManager trace=,span= - [AdminClient clientId=notification-service] Rebootstrapping with Cluster(id = null, nodes = [localhost:9092 (id: -1 rack: null isFenced: false)], partitions = [], controller = null)
2026-06-16 13:32:22.251 [kafka-admin-client-thread | notification-service] INFO  o.a.k.c.a.i.AdminMetadataManager trace=,span= - [AdminClient clientId=notification-service] Rebootstrapping with Cluster(id = null, nodes = [localhost:9092 (id: -1 rack: null isFenced: false)], partitions = [], controller = null)
2026-06-16 13:32:22.251 [kafka-admin-client-thread | notification-service] INFO  o.a.k.c.a.i.AdminMetadataManager trace=,span= - [AdminClient clientId=notification-service] Rebootstrapping with Cluster(id = null, nodes = [localhost:9092 (id: -1 rack: null isFenced: false)], partitions = [], controller = null)
2026-06-16 13:32:22.251 [kafka-admin-client-thread | notification-service] INFO  o.a.k.c.a.i.AdminMetadataManager trace=,span= - [AdminClient clientId=notification-service] Rebootstrapping with Cluster(id = null, nodes = [localhost:9092 (id: -1 rack: null isFenced: false)], partitions = [], controller = null)
2026-06-16 13:32:22.251 [kafka-admin-client-thread | notification-service] INFO  o.a.k.c.a.i.AdminMetadataManager trace=,span= - [AdminClient clientId=notification-service] Rebootstrapping with Cluster(id = null, nodes = [localhost:9092 (id: -1 rack: null isFenced: false)], partitions = [], controller = null)
2026-06-16 13:32:22.251 [kafka-admin-client-thread | notification-service] INFO  o.a.k.c.a.i.AdminMetadataManager trace=,span= - [AdminClient clientId=notification-service] Rebootstrapping with Cluster(id = null, nodes = [localhost:9092 (id: -1 rack: null isFenced: false)], partitions = [], controller = null)
2026-06-16 13:32:22.251 [kafka-admin-client-thread | notification-service] INFO  o.a.k.c.a.i.AdminMetadataManager trace=,span= - [AdminClient clientId=notification-service] Rebootstrapping with Cluster(id = null, nodes = [localhost:9092 (id: -1 rack: null isFenced: false)], partitions = [], controller = null)
2026-06-16 13:32:22.251 [kafka-admin-client-thread | notification-service] INFO  o.a.k.c.a.i.AdminMetadataManager trace=,span= - [AdminClient clientId=notification-service] Rebootstrapping with Cluster(id = null, nodes = [localhost:9092 (id: -1 rack: null isFenced: false)], partitions = [], controller = null)
2026-06-16 13:32:22.251 [kafka-admin-client-thread | notification-service] INFO  o.a.k.c.a.i.AdminMetadataManager trace=,span= - [AdminClient clientId=notification-service] Rebootstrapping with Cluster(id = null, nodes = [localhost:9092 (id: -1 rack: null isFenced: false)], partitions = [], controller = null)
2026-06-16 13:32:22.251 [kafka-admin-client-thread | notification-service] INFO  o.a.k.c.a.i.AdminMetadataManager trace=,span= - [AdminClient clientId=notification-service] Rebootstrapping with Cluster(id = null, nodes = [localhost:9092 (id: -1 rack: null isFenced: false)], partitions = [], controller = null)
2026-06-16 13:32:22.251 [kafka-admin-client-thread | notification-service] INFO  o.a.k.c.a.i.AdminMetadataManager trace=,span= - [AdminClient clientId=notification-service] Rebootstrapping with Cluster(id = null, nodes = [localhost:9092 (id: -1 rack: null isFenced: false)], partitions = [], controller = null)
2026-06-16 13:32:22.251 [kafka-admin-client-thread | notification-service] INFO  o.a.k.c.a.i.AdminMetadataManager trace=,span= - [AdminClient clientId=notification-service] Rebootstrapping with Cluster(id = null, nodes = [localhost:9092 (id: -1 rack: null isFenced: false)], partitions = [], controller = null)
2026-06-16 13:32:22.251 [kafka-admin-client-thread | notification-service] INFO  o.a.k.c.a.i.AdminMetadataManager trace=,span= - [AdminClient clientId=notification-service] Rebootstrapping with Cluster(id = null, nodes = [localhost:9092 (id: -1 rack: null isFenced: false)], partitions = [], controller = null)
2026-06-16 13:32:22.251 [kafka-admin-client-thread | notification-service] INFO  o.a.k.c.a.i.AdminMetadataManager trace=,span= - [AdminClient clientId=notification-service] Rebootstrapping with Cluster(id = null, nodes = [localhost:9092 (id: -1 rack: null isFenced: false)], partitions = [], controller = null)
2026-06-16 13:32:22.251 [kafka-admin-client-thread | notification-service] INFO  o.a.k.c.a.i.AdminMetadataManager trace=,span= - [AdminClient clientId=notification-service] Rebootstrapping with Cluster(id = null, nodes = [localhost:9092 (id: -1 rack: null isFenced: false)], partitions = [], controller = null)
2026-06-16 13:32:22.251 [kafka-admin-client-thread | notification-service] INFO  o.a.k.c.a.i.AdminMetadataManager trace=,span= - [AdminClient clientId=notification-service] Rebootstrapping with Cluster(id = null, nodes = [localhost:9092 (id: -1 rack: null isFenced: false)], partitions = [], controller = null)
2026-06-16 13:32:22.251 [kafka-admin-client-thread | notification-service] INFO  o.a.k.c.a.i.AdminMetadataManager trace=,span= - [AdminClient clientId=notification-service] Rebootstrapping with Cluster(id = null, nodes = [localhost:9092 (id: -1 rack: null isFenced: false)], partitions = [], controller = null)
2026-06-16 13:32:22.251 [kafka-admin-client-thread | notification-service] INFO  o.a.k.c.a.i.AdminMetadataManager trace=,span= - [AdminClient clientId=notification-service] Rebootstrapping with Cluster(id = null, nodes = [localhost:9092 (id: -1 rack: null isFenced: false)], partitions = [], controller = null)
2026-06-16 13:32:22.251 [kafka-admin-client-thread | notification-service] INFO  o.a.k.c.a.i.AdminMetadataManager trace=,span= - [AdminClient clientId=notification-service] Rebootstrapping with Cluster(id = null, nodes = [localhost:9092 (id: -1 rack: null isFenced: false)], partitions = [], controller = null)
2026-06-16 13:32:22.251 [kafka-admin-client-thread | notification-service] INFO  o.a.k.c.a.i.AdminMetadataManager trace=,span= - [AdminClient clientId=notification-service] Rebootstrapping with Cluster(id = null, nodes = [localhost:9092 (id: -1 rack: null isFenced: false)], partitions = [], controller = null)
2026-06-16 13:32:22.357 [kafka-admin-client-thread | notification-service] INFO  o.apache.kafka.clients.NetworkClient trace=,span= - [AdminClient clientId=notification-service] Node -1 disconnected.
2026-06-16 13:32:22.357 [kafka-admin-client-thread | notification-service] WARN  o.apache.kafka.clients.NetworkClient trace=,span= - [AdminClient clientId=notification-service] Connection to node -1 (localhost/127.0.0.1:9092) could not be established. Node may not be available.
2026-06-16 13:32:22.358 [kafka-admin-client-thread | notification-service] INFO  o.a.k.c.a.i.AdminMetadataManager trace=,span= - [AdminClient clientId=notification-service] Rebootstrapping with Cluster(id = null, nodes = [localhost:9092 (id: -1 rack: null isFenced: false)], partitions = [], controller = null)
2026-06-16 13:32:22.358 [kafka-admin-client-thread | notification-service] INFO  o.a.k.c.a.i.AdminMetadataManager trace=,span= - [AdminClient clientId=notification-service] Rebootstrapping with Cluster(id = null, nodes = [localhost:9092 (id: -1 rack: null isFenced: false)], partitions = [], controller = null)
2026-06-16 13:32:22.358 [kafka-admin-client-thread | notification-service] INFO  o.a.k.c.a.i.AdminMetadataManager trace=,span= - [AdminClient clientId=notification-service] Rebootstrapping with Cluster(id = null, nodes = [localhost:9092 (id: -1 rack: null isFenced: false)], partitions = [], controller = null)
2026-06-16 13:32:22.358 [kafka-admin-client-thread | notification-service] INFO  o.a.k.c.a.i.AdminMetadataManager trace=,span= - [AdminClient clientId=notification-service] Rebootstrapping with Cluster(id = null, nodes = [localhost:9092 (id: -1 rack: null isFenced: false)], partitions = [], controller = null)
2026-06-16 13:32:22.358 [kafka-admin-client-thread | notification-service] INFO  o.a.k.c.a.i.AdminMetadataManager trace=,span= - [AdminClient clientId=notification-service] Rebootstrapping with Cluster(id = null, nodes = [localhost:9092 (id: -1 rack: null isFenced: false)], partitions = [], controller = null)
2026-06-16 13:32:22.358 [kafka-admin-client-thread | notification-service] INFO  o.a.k.c.a.i.AdminMetadataManager trace=,span= - [AdminClient clientId=notification-service] Rebootstrapping with Cluster(id = null, nodes = [localhost:9092 (id: -1 rack: null isFenced: false)], partitions = [], controller = null)
2026-06-16 13:32:22.358 [kafka-admin-client-thread | notification-service] INFO  o.a.k.c.a.i.AdminMetadataManager trace=,span= - [AdminClient clientId=notification-service] Rebootstrapping with Cluster(id = null, nodes = [localhost:9092 (id: -1 rack: null isFenced: false)], partitions = [], controller = null)
2026-06-16 13:32:22.358 [kafka-admin-client-thread | notification-service] INFO  o.a.k.c.a.i.AdminMetadataManager trace=,span= - [AdminClient clientId=notification-service] Rebootstrapping with Cluster(id = null, nodes = [localhost:9092 (id: -1 rack: null isFenced: false)], partitions = [], controller = null)
2026-06-16 13:32:22.358 [kafka-admin-client-thread | notification-service] INFO  o.a.k.c.a.i.AdminMetadataManager trace=,span= - [AdminClient clientId=notification-service] Rebootstrapping with Cluster(id = null, nodes = [localhost:9092 (id: -1 rack: null isFenced: false)], partitions = [], controller = null)
2026-06-16 13:32:22.358 [kafka-admin-client-thread | notification-service] INFO  o.a.k.c.a.i.AdminMetadataManager trace=,span= - [AdminClient clientId=notification-service] Rebootstrapping with Cluster(id = null, nodes = [localhost:9092 (id: -1 rack: null isFenced: false)], partitions = [], controller = null)
2026-06-16 13:32:22.358 [kafka-admin-client-thread | notification-service] INFO  o.a.k.c.a.i.AdminMetadataManager trace=,span= - [AdminClient clientId=notification-service] Rebootstrapping with Cluster(id = null, nodes = [localhost:9092 (id: -1 rack: null isFenced: false)], partitions = [], controller = null)
2026-06-16 13:32:22.358 [kafka-admin-client-thread | notification-service] INFO  o.a.k.c.a.i.AdminMetadataManager trace=,span= - [AdminClient clientId=notification-service] Rebootstrapping with Cluster(id = null, nodes = [localhost:9092 (id: -1 rack: null isFenced: false)], partitions = [], controller = null)
2026-06-16 13:32:22.358 [kafka-admin-client-thread | notification-service] INFO  o.a.k.c.a.i.AdminMetadataManager trace=,span= - [AdminClient clientId=notification-service] Rebootstrapping with Cluster(id = null, nodes = [localhost:9092 (id: -1 rack: null isFenced: false)], partitions = [], controller = null)
2026-06-16 13:32:22.358 [kafka-admin-client-thread | notification-service] INFO  o.a.k.c.a.i.AdminMetadataManager trace=,span= - [AdminClient clientId=notification-service] Rebootstrapping with Cluster(id = null, nodes = [localhost:9092 (id: -1 rack: null isFenced: false)], partitions = [], controller = null)
2026-06-16 13:32:22.358 [kafka-admin-client-thread | notification-service] INFO  o.a.k.c.a.i.AdminMetadataManager trace=,span= - [AdminClient clientId=notification-service] Rebootstrapping with Cluster(id = null, nodes = [localhost:9092 (id: -1 rack: null isFenced: false)], partitions = [], controller = null)
2026-06-16 13:32:22.358 [kafka-admin-client-thread | notification-service] INFO  o.a.k.c.a.i.AdminMetadataManager trace=,span= - [AdminClient clientId=notification-service] Rebootstrapping with Cluster(id = null, nodes = [localhost:9092 (id: -1 rack: null isFenced: false)], partitions = [], controller = null)
2026-06-16 13:32:22.358 [kafka-admin-client-thread | notification-service] INFO  o.a.k.c.a.i.AdminMetadataManager trace=,span= - [AdminClient clientId=notification-service] Rebootstrapping with Cluster(id = null, nodes = [localhost:9092 (id: -1 rack: null isFenced: false)], partitions = [], controller = null)
2026-06-16 13:32:22.358 [kafka-admin-client-thread | notification-service] INFO  o.a.k.c.a.i.AdminMetadataManager trace=,span= - [AdminClient clientId=notification-service] Rebootstrapping with Cluster(id = null, nodes = [localhost:9092 (id: -1 rack: null isFenced: false)], partitions = [], controller = null)
2026-06-16 13:32:22.358 [kafka-admin-client-thread | notification-service] INFO  o.a.k.c.a.i.AdminMetadataManager trace=,span= - [AdminClient clientId=notification-service] Rebootstrapping with Cluster(id = null, nodes = [localhost:9092 (id: -1 rack: null isFenced: false)], partitions = [], controller = null)
2026-06-16 13:32:22.358 [kafka-admin-client-thread | notification-service] INFO  o.a.k.c.a.i.AdminMetadataManager trace=,span= - [AdminClient clientId=notification-service] Rebootstrapping with Cluster(id = null, nodes = [localhost:9092 (id: -1 rack: null isFenced: false)], partitions = [], controller = null)
2026-06-16 13:32:22.358 [kafka-admin-client-thread | notification-service] INFO  o.a.k.c.a.i.AdminMetadataManager trace=,span= - [AdminClient clientId=notification-service] Rebootstrapping with Cluster(id = null, nodes = [localhost:9092 (id: -1 rack: null isFenced: false)], partitions = [], controller = null)
2026-06-16 13:32:22.358 [kafka-admin-client-thread | notification-service] INFO  o.a.k.c.a.i.AdminMetadataManager trace=,span= - [AdminClient clientId=notification-service] Rebootstrapping with Cluster(id = null, nodes = [localhost:9092 (id: -1 rack: null isFenced: false)], partitions = [], controller = null)
2026-06-16 13:32:22.358 [kafka-admin-client-thread | notification-service] INFO  o.a.k.c.a.i.AdminMetadataManager trace=,span= - [AdminClient clientId=notification-service] Rebootstrapping with Cluster(id = null, nodes = [localhost:9092 (id: -1 rack: null isFenced: false)], partitions = [], controller = null)
2026-06-16 13:32:22.358 [kafka-admin-client-thread | notification-service] INFO  o.a.k.c.a.i.AdminMetadataManager trace=,span= - [AdminClient clientId=notification-service] Rebootstrapping with Cluster(id = null, nodes = [localhost:9092 (id: -1 rack: null isFenced: false)], partitions = [], controller = null)
2026-06-16 13:32:22.358 [kafka-admin-client-thread | notification-service] INFO  o.a.k.c.a.i.AdminMetadataManager trace=,span= - [AdminClient clientId=notification-service] Rebootstrapping with Cluster(id = null, nodes = [localhost:9092 (id: -1 rack: null isFenced: false)], partitions = [], controller = null)
2026-06-16 13:32:22.358 [kafka-admin-client-thread | notification-service] INFO  o.a.k.c.a.i.AdminMetadataManager trace=,span= - [AdminClient clientId=notification-service] Rebootstrapping with Cluster(id = null, nodes = [localhost:9092 (id: -1 rack: null isFenced: false)], partitions = [], controller = null)
2026-06-16 13:32:22.358 [kafka-admin-client-thread | notification-service] INFO  o.a.k.c.a.i.AdminMetadataManager trace=,span= - [AdminClient clientId=notification-service] Rebootstrapping with Cluster(id = null, nodes = [localhost:9092 (id: -1 rack: null isFenced: false)], partitions = [], controller = null)
2026-06-16 13:32:22.358 [kafka-admin-client-thread | notification-service] INFO  o.a.k.c.a.i.AdminMetadataManager trace=,span= - [AdminClient clientId=notification-service] Rebootstrapping with Cluster(id = null, nodes = [localhost:9092 (id: -1 rack: null isFenced: false)], partitions = [], controller = null)
2026-06-16 13:32:22.358 [kafka-admin-client-thread | notification-service] INFO  o.a.k.c.a.i.AdminMetadataManager trace=,span= - [AdminClient clientId=notification-service] Rebootstrapping with Cluster(id = null, nodes = [localhost:9092 (id: -1 rack: null isFenced: false)], partitions = [], controller = null)
2026-06-16 13:32:22.358 [kafka-admin-client-thread | notification-service] INFO  o.a.k.c.a.i.AdminMetadataManager trace=,span= - [AdminClient clientId=notification-service] Rebootstrapping with Cluster(id = null, nodes = [localhost:9092 (id: -1 rack: null isFenced: false)], partitions = [], controller = null)
2026-06-16 13:32:22.358 [kafka-admin-client-thread | notification-service] INFO  o.a.k.c.a.i.AdminMetadataManager trace=,span= - [AdminClient clientId=notification-service] Rebootstrapping with Cluster(id = null, nodes = [localhost:9092 (id: -1 rack: null isFenced: false)], partitions = [], controller = null)
2026-06-16 13:32:22.358 [kafka-admin-client-thread | notification-service] INFO  o.a.k.c.a.i.AdminMetadataManager trace=,span= - [AdminClient clientId=notification-service] Rebootstrapping with Cluster(id = null, nodes = [localhost:9092 (id: -1 rack: null isFenced: false)], partitions = [], controller = null)
2026-06-16 13:32:22.358 [kafka-admin-client-thread | notification-service] INFO  o.a.k.c.a.i.AdminMetadataManager trace=,span= - [AdminClient clientId=notification-service] Rebootstrapping with Cluster(id = null, nodes = [localhost:9092 (id: -1 rack: null isFenced: false)], partitions = [], controller = null)
2026-06-16 13:32:22.358 [kafka-admin-client-thread | notification-service] INFO  o.a.k.c.a.i.AdminMetadataManager trace=,span= - [AdminClient clientId=notification-service] Rebootstrapping with Cluster(id = null, nodes = [localhost:9092 (id: -1 rack: null isFenced: false)], partitions = [], controller = null)
2026-06-16 13:32:22.358 [kafka-admin-client-thread | notification-service] INFO  o.a.k.c.a.i.AdminMetadataManager trace=,span= - [AdminClient clientId=notification-service] Rebootstrapping with Cluster(id = null, nodes = [localhost:9092 (id: -1 rack: null isFenced: false)], partitions = [], controller = null)
2026-06-16 13:32:22.358 [kafka-admin-client-thread | notification-service] INFO  o.a.k.c.a.i.AdminMetadataManager trace=,span= - [AdminClient clientId=notification-service] Rebootstrapping with Cluster(id = null, nodes = [localhost:9092 (id: -1 rack: null isFenced: false)], partitions = [], controller = null)
2026-06-16 13:32:22.358 [kafka-admin-client-thread | notification-service] INFO  o.a.k.c.a.i.AdminMetadataManager trace=,span= - [AdminClient clientId=notification-service] Rebootstrapping with Cluster(id = null, nodes = [localhost:9092 (id: -1 rack: null isFenced: false)], partitions = [], controller = null)
2026-06-16 13:32:22.358 [kafka-admin-client-thread | notification-service] INFO  o.a.k.c.a.i.AdminMetadataManager trace=,span= - [AdminClient clientId=notification-service] Rebootstrapping with Cluster(id = null, nodes = [localhost:9092 (id: -1 rack: null isFenced: false)], partitions = [], controller = null)
2026-06-16 13:32:22.359 [kafka-admin-client-thread | notification-service] INFO  o.a.k.c.a.i.AdminMetadataManager trace=,span= - [AdminClient clientId=notification-service] Rebootstrapping with Cluster(id = null, nodes = [localhost:9092 (id: -1 rack: null isFenced: false)], partitions = [], controller = null)
2026-06-16 13:32:22.359 [kafka-admin-client-thread | notification-service] INFO  o.a.k.c.a.i.AdminMetadataManager trace=,span= - [AdminClient clientId=notification-service] Rebootstrapping with Cluster(id = null, nodes = [localhost:9092 (id: -1 rack: null isFenced: false)], partitions = [], controller = null)
2026-06-16 13:32:22.359 [kafka-admin-client-thread | notification-service] INFO  o.a.k.c.a.i.AdminMetadataManager trace=,span= - [AdminClient clientId=notification-service] Rebootstrapping with Cluster(id = null, nodes = [localhost:9092 (id: -1 rack: null isFenced: false)], partitions = [], controller = null)
2026-06-16 13:32:22.359 [kafka-admin-client-thread | notification-service] INFO  o.a.k.c.a.i.AdminMetadataManager trace=,span= - [AdminClient clientId=notification-service] Rebootstrapping with Cluster(id = null, nodes = [localhost:9092 (id: -1 rack: null isFenced: false)], partitions = [], controller = null)
2026-06-16 13:32:22.359 [kafka-admin-client-thread | notification-service] INFO  o.a.k.c.a.i.AdminMetadataManager trace=,span= - [AdminClient clientId=notification-service] Rebootstrapping with Cluster(id = null, nodes = [localhost:9092 (id: -1 rack: null isFenced: false)], partitions = [], controller = null)
2026-06-16 13:32:22.359 [kafka-admin-client-thread | notification-service] INFO  o.a.k.c.a.i.AdminMetadataManager trace=,span= - [AdminClient clientId=notification-service] Rebootstrapping with Cluster(id = null, nodes = [localhost:9092 (id: -1 rack: null isFenced: false)], partitions = [], controller = null)
2026-06-16 13:32:22.359 [kafka-admin-client-thread | notification-service] INFO  o.a.k.c.a.i.AdminMetadataManager trace=,span= - [AdminClient clientId=notification-service] Rebootstrapping with Cluster(id = null, nodes = [localhost:9092 (id: -1 rack: null isFenced: false)], partitions = [], controller = null)
2026-06-16 13:32:22.359 [kafka-admin-client-thread | notification-service] INFO  o.a.k.c.a.i.AdminMetadataManager trace=,span= - [AdminClient clientId=notification-service] Rebootstrapping with Cluster(id = null, nodes = [localhost:9092 (id: -1 rack: null isFenced: false)], partitions = [], controller = null)
2026-06-16 13:32:22.359 [kafka-admin-client-thread | notification-service] INFO  o.a.k.c.a.i.AdminMetadataManager trace=,span= - [AdminClient clientId=notification-service] Rebootstrapping with Cluster(id = null, nodes = [localhost:9092 (id: -1 rack: null isFenced: false)], partitions = [], controller = null)
2026-06-16 13:32:22.359 [kafka-admin-client-thread | notification-service] INFO  o.a.k.c.a.i.AdminMetadataManager trace=,span= - [AdminClient clientId=notification-service] Rebootstrapping with Cluster(id = null, nodes = [localhost:9092 (id: -1 rack: null isFenced: false)], partitions = [], controller = null)
2026-06-16 13:32:22.359 [kafka-admin-client-thread | notification-service] INFO  o.a.k.c.a.i.AdminMetadataManager trace=,span= - [AdminClient clientId=notification-service] Rebootstrapping with Cluster(id = null, nodes = [localhost:9092 (id: -1 rack: null isFenced: false)], partitions = [], controller = null)
2026-06-16 13:32:22.359 [kafka-admin-client-thread | notification-service] INFO  o.a.k.c.a.i.AdminMetadataManager trace=,span= - [AdminClient clientId=notification-service] Rebootstrapping with Cluster(id = null, nodes = [localhost:9092 (id: -1 rack: null isFenced: false)], partitions = [], controller = null)
2026-06-16 13:32:22.359 [kafka-admin-client-thread | notification-service] INFO  o.a.k.c.a.i.AdminMetadataManager trace=,span= - [AdminClient clientId=notification-service] Rebootstrapping with Cluster(id = null, nodes = [localhost:9092 (id: -1 rack: null isFenced: false)], partitions = [], controller = null)
2026-06-16 13:32:22.359 [kafka-admin-client-thread | notification-service] INFO  o.a.k.c.a.i.AdminMetadataManager trace=,span= - [AdminClient clientId=notification-service] Rebootstrapping with Cluster(id = null, nodes = [localhost:9092 (id: -1 rack: null isFenced: false)], partitions = [], controller = null)
2026-06-16 13:32:22.359 [kafka-admin-client-thread | notification-service] INFO  o.a.k.c.a.i.AdminMetadataManager trace=,span= - [AdminClient clientId=notification-service] Rebootstrapping with Cluster(id = null, nodes = [localhost:9092 (id: -1 rack: null isFenced: false)], partitions = [], controller = null)
2026-06-16 13:32:22.359 [kafka-admin-client-thread | notification-service] INFO  o.a.k.c.a.i.AdminMetadataManager trace=,span= - [AdminClient clientId=notification-service] Rebootstrapping with Cluster(id = null, nodes = [localhost:9092 (id: -1 rack: null isFenced: false)], partitions = [], controller = null)
2026-06-16 13:32:22.359 [kafka-admin-client-thread | notification-service] INFO  o.a.k.c.a.i.AdminMetadataManager trace=,span= - [AdminClient clientId=notification-service] Rebootstrapping with Cluster(id = null, nodes = [localhost:9092 (id: -1 rack: null isFenced: false)], partitions = [], controller = null)
2026-06-16 13:32:22.359 [kafka-admin-client-thread | notification-service] INFO  o.a.k.c.a.i.AdminMetadataManager trace=,span= - [AdminClient clientId=notification-service] Rebootstrapping with Cluster(id = null, nodes = [localhost:9092 (id: -1 rack: null isFenced: false)], partitions = [], controller = null)
2026-06-16 13:32:22.359 [kafka-admin-client-thread | notification-service] INFO  o.a.k.c.a.i.AdminMetadataManager trace=,span= - [AdminClient clientId=notification-service] Rebootstrapping with Cluster(id = null, nodes = [localhost:9092 (id: -1 rack: null isFenced: false)], partitions = [], controller = null)
2026-06-16 13:32:22.359 [kafka-admin-client-thread | notification-service] INFO  o.a.k.c.a.i.AdminMetadataManager trace=,span= - [AdminClient clientId=notification-service] Rebootstrapping with Cluster(id = null, nodes = [localhost:9092 (id: -1 rack: null isFenced: false)], partitions = [], controller = null)
2026-06-16 13:32:22.455 [kafka-admin-client-thread | notification-service] INFO  o.a.k.c.a.i.AdminMetadataManager trace=,span= - [AdminClient clientId=notification-service] Rebootstrapping with Cluster(id = null, nodes = [localhost:9092 (id: -1 rack: null isFenced: false)], partitions = [], controller = null)
2026-06-16 13:32:22.456 [kafka-admin-client-thread | notification-service] INFO  o.a.k.c.a.i.AdminMetadataManager trace=,span= - [AdminClient clientId=notification-service] Rebootstrapping with Cluster(id = null, nodes = [localhost:9092 (id: -1 rack: null isFenced: false)], partitions = [], controller = null)
2026-06-16 13:32:22.456 [kafka-admin-client-thread | notification-service] INFO  o.a.k.c.a.i.AdminMetadataManager trace=,span= - [AdminClient clientId=notification-service] Rebootstrapping with Cluster(id = null, nodes = [localhost:9092 (id: -1 rack: null isFenced: false)], partitions = [], controller = null)
2026-06-16 13:32:22.456 [kafka-admin-client-thread | notification-service] INFO  o.a.k.c.a.i.AdminMetadataManager trace=,span= - [AdminClient clientId=notification-service] Rebootstrapping with Cluster(id = null, nodes = [localhost:9092 (id: -1 rack: null isFenced: false)], partitions = [], controller = null)
2026-06-16 13:32:22.458 [kafka-admin-client-thread | notification-service] INFO  o.a.k.c.a.i.AdminMetadataManager trace=,span= - [AdminClient clientId=notification-service] Rebootstrapping with Cluster(id = null, nodes = [localhost:9092 (id: -1 rack: null isFenced: false)], partitions = [], controller = null)
2026-06-16 13:32:22.458 [kafka-admin-client-thread | notification-service] INFO  o.a.k.c.a.i.AdminMetadataManager trace=,span= - [AdminClient clientId=notification-service] Rebootstrapping with Cluster(id = null, nodes = [localhost:9092 (id: -1 rack: null isFenced: false)], partitions = [], controller = null)
2026-06-16 13:32:22.458 [kafka-admin-client-thread | notification-service] INFO  o.a.k.c.a.i.AdminMetadataManager trace=,span= - [AdminClient clientId=notification-service] Rebootstrapping with Cluster(id = null, nodes = [localhost:9092 (id: -1 rack: null isFenced: false)], partitions = [], controller = null)
2026-06-16 13:32:22.458 [kafka-admin-client-thread | notification-service] INFO  o.a.k.c.a.i.AdminMetadataManager trace=,span= - [AdminClient clientId=notification-service] Rebootstrapping with Cluster(id = null, nodes = [localhost:9092 (id: -1 rack: null isFenced: false)], partitions = [], controller = null)
2026-06-16 13:32:22.458 [kafka-admin-client-thread | notification-service] INFO  o.a.k.c.a.i.AdminMetadataManager trace=,span= - [AdminClient clientId=notification-service] Rebootstrapping with Cluster(id = null, nodes = [localhost:9092 (id: -1 rack: null isFenced: false)], partitions = [], controller = null)
2026-06-16 13:32:22.459 [kafka-admin-client-thread | notification-service] INFO  o.a.k.c.a.i.AdminMetadataManager trace=,span= - [AdminClient clientId=notification-service] Rebootstrapping with Cluster(id = null, nodes = [localhost:9092 (id: -1 rack: null isFenced: false)], partitions = [], controller = null)
2026-06-16 13:32:22.459 [kafka-admin-client-thread | notification-service] INFO  o.a.k.c.a.i.AdminMetadataManager trace=,span= - [AdminClient clientId=notification-service] Rebootstrapping with Cluster(id = null, nodes = [localhost:9092 (id: -1 rack: null isFenced: false)], partitions = [], controller = null)
2026-06-16 13:32:22.459 [kafka-admin-client-thread | notification-service] INFO  o.a.k.c.a.i.AdminMetadataManager trace=,span= - [AdminClient clientId=notification-service] Rebootstrapping with Cluster(id = null, nodes = [localhost:9092 (id: -1 rack: null isFenced: false)], partitions = [], controller = null)
2026-06-16 13:32:22.459 [kafka-admin-client-thread | notification-service] INFO  o.a.k.c.a.i.AdminMetadataManager trace=,span= - [AdminClient clientId=notification-service] Rebootstrapping with Cluster(id = null, nodes = [localhost:9092 (id: -1 rack: null isFenced: false)], partitions = [], controller = null)
2026-06-16 13:32:22.459 [kafka-admin-client-thread | notification-service] INFO  o.a.k.c.a.i.AdminMetadataManager trace=,span= - [AdminClient clientId=notification-service] Rebootstrapping with Cluster(id = null, nodes = [localhost:9092 (id: -1 rack: null isFenced: false)], partitions = [], controller = null)
2026-06-16 13:32:22.459 [kafka-admin-client-thread | notification-service] INFO  o.a.k.c.a.i.AdminMetadataManager trace=,span= - [AdminClient clientId=notification-service] Rebootstrapping with Cluster(id = null, nodes = [localhost:9092 (id: -1 rack: null isFenced: false)], partitions = [], controller = null)
2026-06-16 13:32:22.459 [kafka-admin-client-thread | notification-service] INFO  o.a.k.c.a.i.AdminMetadataManager trace=,span= - [AdminClient clientId=notification-service] Rebootstrapping with Cluster(id = null, nodes = [localhost:9092 (id: -1 rack: null isFenced: false)], partitions = [], controller = null)
2026-06-16 13:32:22.459 [kafka-admin-client-thread | notification-service] INFO  o.a.k.c.a.i.AdminMetadataManager trace=,span= - [AdminClient clientId=notification-service] Rebootstrapping with Cluster(id = null, nodes = [localhost:9092 (id: -1 rack: null isFenced: false)], partitions = [], controller = null)
2026-06-16 13:32:22.459 [kafka-admin-client-thread | notification-service] INFO  o.a.k.c.a.i.AdminMetadataManager trace=,span= - [AdminClient clientId=notification-service] Rebootstrapping with Cluster(id = null, nodes = [localhost:9092 (id: -1 rack: null isFenced: false)], partitions = [], controller = null)
2026-06-16 13:32:22.459 [kafka-admin-client-thread | notification-service] INFO  o.a.k.c.a.i.AdminMetadataManager trace=,span= - [AdminClient clientId=notification-service] Rebootstrapping with Cluster(id = null, nodes = [localhost:9092 (id: -1 rack: null isFenced: false)], partitions = [], controller = null)
2026-06-16 13:32:22.459 [kafka-admin-client-thread | notification-service] INFO  o.a.k.c.a.i.AdminMetadataManager trace=,span= - [AdminClient clientId=notification-service] Rebootstrapping with Cluster(id = null, nodes = [localhost:9092 (id: -1 rack: null isFenced: false)], partitions = [], controller = null)
2026-06-16 13:32:22.459 [kafka-admin-client-thread | notification-service] INFO  o.a.k.c.a.i.AdminMetadataManager trace=,span= - [AdminClient clientId=notification-service] Rebootstrapping with Cluster(id = null, nodes = [localhost:9092 (id: -1 rack: null isFenced: false)], partitions = [], controller = null)
2026-06-16 13:32:22.459 [kafka-admin-client-thread | notification-service] INFO  o.a.k.c.a.i.AdminMetadataManager trace=,span= - [AdminClient clientId=notification-service] Rebootstrapping with Cluster(id = null, nodes = [localhost:9092 (id: -1 rack: null isFenced: false)], partitions = [], controller = null)
2026-06-16 13:32:22.459 [kafka-admin-client-thread | notification-service] INFO  o.a.k.c.a.i.AdminMetadataManager trace=,span= - [AdminClient clientId=notification-service] Rebootstrapping with Cluster(id = null, nodes = [localhost:9092 (id: -1 rack: null isFenced: false)], partitions = [], controller = null)
2026-06-16 13:32:22.459 [kafka-admin-client-thread | notification-service] INFO  o.a.k.c.a.i.AdminMetadataManager trace=,span= - [AdminClient clientId=notification-service] Rebootstrapping with Cluster(id = null, nodes = [localhost:9092 (id: -1 rack: null isFenced: false)], partitions = [], controller = null)
2026-06-16 13:32:22.460 [kafka-admin-client-thread | notification-service] INFO  o.a.k.c.a.i.AdminMetadataManager trace=,span= - [AdminClient clientId=notification-service] Rebootstrapping with Cluster(id = null, nodes = [localhost:9092 (id: -1 rack: null isFenced: false)], partitions = [], controller = null)
2026-06-16 13:32:22.460 [kafka-admin-client-thread | notification-service] INFO  o.a.k.c.a.i.AdminMetadataManager trace=,span= - [AdminClient clientId=notification-service] Rebootstrapping with Cluster(id = null, nodes = [localhost:9092 (id: -1 rack: null isFenced: false)], partitions = [], controller = null)
2026-06-16 13:32:22.460 [kafka-admin-client-thread | notification-service] INFO  o.a.k.c.a.i.AdminMetadataManager trace=,span= - [AdminClient clientId=notification-service] Rebootstrapping with Cluster(id = null, nodes = [localhost:9092 (id: -1 rack: null isFenced: false)], partitions = [], controller = null)
2026-06-16 13:32:22.460 [kafka-admin-client-thread | notification-service] INFO  o.a.k.c.a.i.AdminMetadataManager trace=,span= - [AdminClient clientId=notification-service] Rebootstrapping with Cluster(id = null, nodes = [localhost:9092 (id: -1 rack: null isFenced: false)], partitions = [], controller = null)
2026-06-16 13:32:22.460 [kafka-admin-client-thread | notification-service] INFO  o.a.k.c.a.i.AdminMetadataManager trace=,span= - [AdminClient clientId=notification-service] Rebootstrapping with Cluster(id = null, nodes = [localhost:9092 (id: -1 rack: null isFenced: false)], partitions = [], controller = null)
2026-06-16 13:32:22.460 [kafka-admin-client-thread | notification-service] INFO  o.a.k.c.a.i.AdminMetadataManager trace=,span= - [AdminClient clientId=notification-service] Rebootstrapping with Cluster(id = null, nodes = [localhost:9092 (id: -1 rack: null isFenced: false)], partitions = [], controller = null)
2026-06-16 13:32:22.460 [kafka-admin-client-thread | notification-service] INFO  o.a.k.c.a.i.AdminMetadataManager trace=,span= - [AdminClient clientId=notification-service] Rebootstrapping with Cluster(id = null, nodes = [localhost:9092 (id: -1 rack: null isFenced: false)], partitions = [], controller = null)
2026-06-16 13:32:22.460 [kafka-admin-client-thread | notification-service] INFO  o.a.k.c.a.i.AdminMetadataManager trace=,span= - [AdminClient clientId=notification-service] Rebootstrapping with Cluster(id = null, nodes = [localhost:9092 (id: -1 rack: null isFenced: false)], partitions = [], controller = null)
2026-06-16 13:32:22.460 [kafka-admin-client-thread | notification-service] INFO  o.a.k.c.a.i.AdminMetadataManager trace=,span= - [AdminClient clientId=notification-service] Rebootstrapping with Cluster(id = null, nodes = [localhost:9092 (id: -1 rack: null isFenced: false)], partitions = [], controller = null)
2026-06-16 13:32:22.460 [kafka-admin-client-thread | notification-service] INFO  o.a.k.c.a.i.AdminMetadataManager trace=,span= - [AdminClient clientId=notification-service] Rebootstrapping with Cluster(id = null, nodes = [localhost:9092 (id: -1 rack: null isFenced: false)], partitions = [], controller = null)
2026-06-16 13:32:22.460 [kafka-admin-client-thread | notification-service] INFO  o.a.k.c.a.i.AdminMetadataManager trace=,span= - [AdminClient clientId=notification-service] Rebootstrapping with Cluster(id = null, nodes = [localhost:9092 (id: -1 rack: null isFenced: false)], partitions = [], controller = null)
2026-06-16 13:32:22.460 [kafka-admin-client-thread | notification-service] INFO  o.a.k.c.a.i.AdminMetadataManager trace=,span= - [AdminClient clientId=notification-service] Rebootstrapping with Cluster(id = null, nodes = [localhost:9092 (id: -1 rack: null isFenced: false)], partitions = [], controller = null)
2026-06-16 13:32:22.460 [kafka-admin-client-thread | notification-service] INFO  o.a.k.c.a.i.AdminMetadataManager trace=,span= - [AdminClient clientId=notification-service] Rebootstrapping with Cluster(id = null, nodes = [localhost:9092 (id: -1 rack: null isFenced: false)], partitions = [], controller = null)
2026-06-16 13:32:22.460 [kafka-admin-client-thread | notification-service] INFO  o.a.k.c.a.i.AdminMetadataManager trace=,span= - [AdminClient clientId=notification-service] Rebootstrapping with Cluster(id = null, nodes = [localhost:9092 (id: -1 rack: null isFenced: false)], partitions = [], controller = null)
2026-06-16 13:32:22.460 [kafka-admin-client-thread | notification-service] INFO  o.a.k.c.a.i.AdminMetadataManager trace=,span= - [AdminClient clientId=notification-service] Rebootstrapping with Cluster(id = null, nodes = [localhost:9092 (id: -1 rack: null isFenced: false)], partitions = [], controller = null)
2026-06-16 13:32:22.460 [kafka-admin-client-thread | notification-service] INFO  o.a.k.c.a.i.AdminMetadataManager trace=,span= - [AdminClient clientId=notification-service] Rebootstrapping with Cluster(id = null, nodes = [localhost:9092 (id: -1 rack: null isFenced: false)], partitions = [], controller = null)
2026-06-16 13:32:22.460 [kafka-admin-client-thread | notification-service] INFO  o.a.k.c.a.i.AdminMetadataManager trace=,span= - [AdminClient clientId=notification-service] Rebootstrapping with Cluster(id = null, nodes = [localhost:9092 (id: -1 rack: null isFenced: false)], partitions = [], controller = null)
2026-06-16 13:32:22.460 [kafka-admin-client-thread | notification-service] INFO  o.a.k.c.a.i.AdminMetadataManager trace=,span= - [AdminClient clientId=notification-service] Rebootstrapping with Cluster(id = null, nodes = [localhost:9092 (id: -1 rack: null isFenced: false)], partitions = [], controller = null)
2026-06-16 13:32:22.460 [kafka-admin-client-thread | notification-service] INFO  o.a.k.c.a.i.AdminMetadataManager trace=,span= - [AdminClient clientId=notification-service] Rebootstrapping with Cluster(id = null, nodes = [localhost:9092 (id: -1 rack: null isFenced: false)], partitions = [], controller = null)
2026-06-16 13:32:22.460 [kafka-admin-client-thread | notification-service] INFO  o.a.k.c.a.i.AdminMetadataManager trace=,span= - [AdminClient clientId=notification-service] Rebootstrapping with Cluster(id = null, nodes = [localhost:9092 (id: -1 rack: null isFenced: false)], partitions = [], controller = null)
2026-06-16 13:32:22.460 [kafka-admin-client-thread | notification-service] INFO  o.a.k.c.a.i.AdminMetadataManager trace=,span= - [AdminClient clientId=notification-service] Rebootstrapping with Cluster(id = null, nodes = [localhost:9092 (id: -1 rack: null isFenced: false)], partitions = [], controller = null)
2026-06-16 13:32:22.460 [kafka-admin-client-thread | notification-service] INFO  o.a.k.c.a.i.AdminMetadataManager trace=,span= - [AdminClient clientId=notification-service] Rebootstrapping with Cluster(id = null, nodes = [localhost:9092 (id: -1 rack: null isFenced: false)], partitions = [], controller = null)
2026-06-16 13:32:22.460 [kafka-admin-client-thread | notification-service] INFO  o.a.k.c.a.i.AdminMetadataManager trace=,span= - [AdminClient clientId=notification-service] Rebootstrapping with Cluster(id = null, nodes = [localhost:9092 (id: -1 rack: null isFenced: false)], partitions = [], controller = null)
2026-06-16 13:32:22.460 [kafka-admin-client-thread | notification-service] INFO  o.a.k.c.a.i.AdminMetadataManager trace=,span= - [AdminClient clientId=notification-service] Rebootstrapping with Cluster(id = null, nodes = [localhost:9092 (id: -1 rack: null isFenced: false)], partitions = [], controller = null)
2026-06-16 13:32:22.460 [kafka-admin-client-thread | notification-service] INFO  o.a.k.c.a.i.AdminMetadataManager trace=,span= - [AdminClient clientId=notification-service] Rebootstrapping with Cluster(id = null, nodes = [localhost:9092 (id: -1 rack: null isFenced: false)], partitions = [], controller = null)
2026-06-16 13:32:22.460 [kafka-admin-client-thread | notification-service] INFO  o.a.k.c.a.i.AdminMetadataManager trace=,span= - [AdminClient clientId=notification-service] Rebootstrapping with Cluster(id = null, nodes = [localhost:9092 (id: -1 rack: null isFenced: false)], partitions = [], controller = null)
2026-06-16 13:32:22.460 [kafka-admin-client-thread | notification-service] INFO  o.a.k.c.a.i.AdminMetadataManager trace=,span= - [AdminClient clientId=notification-service] Rebootstrapping with Cluster(id = null, nodes = [localhost:9092 (id: -1 rack: null isFenced: false)], partitions = [], controller = null)
2026-06-16 13:32:22.460 [kafka-admin-client-thread | notification-service] INFO  o.a.k.c.a.i.AdminMetadataManager trace=,span= - [AdminClient clientId=notification-service] Rebootstrapping with Cluster(id = null, nodes = [localhost:9092 (id: -1 rack: null isFenced: false)], partitions = [], controller = null)
2026-06-16 13:32:22.460 [kafka-admin-client-thread | notification-service] INFO  o.a.k.c.a.i.AdminMetadataManager trace=,span= - [AdminClient clientId=notification-service] Rebootstrapping with Cluster(id = null, nodes = [localhost:9092 (id: -1 rack: null isFenced: false)], partitions = [], controller = null)
2026-06-16 13:32:22.460 [kafka-admin-client-thread | notification-service] INFO  o.a.k.c.a.i.AdminMetadataManager trace=,span= - [AdminClient clientId=notification-service] Rebootstrapping with Cluster(id = null, nodes = [localhost:9092 (id: -1 rack: null isFenced: false)], partitions = [], controller = null)
2026-06-16 13:32:22.460 [kafka-admin-client-thread | notification-service] INFO  o.a.k.c.a.i.AdminMetadataManager trace=,span= - [AdminClient clientId=notification-service] Rebootstrapping with Cluster(id = null, nodes = [localhost:9092 (id: -1 rack: null isFenced: false)], partitions = [], controller = null)
2026-06-16 13:32:22.460 [kafka-admin-client-thread | notification-service] INFO  o.a.k.c.a.i.AdminMetadataManager trace=,span= - [AdminClient clientId=notification-service] Rebootstrapping with Cluster(id = null, nodes = [localhost:9092 (id: -1 rack: null isFenced: false)], partitions = [], controller = null)
2026-06-16 13:32:22.460 [kafka-admin-client-thread | notification-service] INFO  o.a.k.c.a.i.AdminMetadataManager trace=,span= - [AdminClient clientId=notification-service] Rebootstrapping with Cluster(id = null, nodes = [localhost:9092 (id: -1 rack: null isFenced: false)], partitions = [], controller = null)
2026-06-16 13:32:22.460 [kafka-admin-client-thread | notification-service] INFO  o.a.k.c.a.i.AdminMetadataManager trace=,span= - [AdminClient clientId=notification-service] Rebootstrapping with Cluster(id = null, nodes = [localhost:9092 (id: -1 rack: null isFenced: false)], partitions = [], controller = null)
2026-06-16 13:32:22.460 [kafka-admin-client-thread | notification-service] INFO  o.a.k.c.a.i.AdminMetadataManager trace=,span= - [AdminClient clientId=notification-service] Rebootstrapping with Cluster(id = null, nodes = [localhost:9092 (id: -1 rack: null isFenced: false)], partitions = [], controller = null)
2026-06-16 13:32:22.562 [kafka-admin-client-thread | notification-service] INFO  o.a.k.c.a.i.AdminMetadataManager trace=,span= - [AdminClient clientId=notification-service] Rebootstrapping with Cluster(id = null, nodes = [localhost:9092 (id: -1 rack: null isFenced: false)], partitions = [], controller = null)
2026-06-16 13:32:22.562 [kafka-admin-client-thread | notification-service] INFO  o.a.k.c.a.i.AdminMetadataManager trace=,span= - [AdminClient clientId=notification-service] Rebootstrapping with Cluster(id = null, nodes = [localhost:9092 (id: -1 rack: null isFenced: false)], partitions = [], controller = null)
2026-06-16 13:32:22.562 [kafka-admin-client-thread | notification-service] INFO  o.a.k.c.a.i.AdminMetadataManager trace=,span= - [AdminClient clientId=notification-service] Rebootstrapping with Cluster(id = null, nodes = [localhost:9092 (id: -1 rack: null isFenced: false)], partitions = [], controller = null)
2026-06-16 13:32:22.562 [kafka-admin-client-thread | notification-service] INFO  o.a.k.c.a.i.AdminMetadataManager trace=,span= - [AdminClient clientId=notification-service] Rebootstrapping with Cluster(id = null, nodes = [localhost:9092 (id: -1 rack: null isFenced: false)], partitions = [], controller = null)
2026-06-16 13:32:22.562 [kafka-admin-client-thread | notification-service] INFO  o.a.k.c.a.i.AdminMetadataManager trace=,span= - [AdminClient clientId=notification-service] Rebootstrapping with Cluster(id = null, nodes = [localhost:9092 (id: -1 rack: null isFenced: false)], partitions = [], controller = null)
2026-06-16 13:32:22.562 [kafka-admin-client-thread | notification-service] INFO  o.a.k.c.a.i.AdminMetadataManager trace=,span= - [AdminClient clientId=notification-service] Rebootstrapping with Cluster(id = null, nodes = [localhost:9092 (id: -1 rack: null isFenced: false)], partitions = [], controller = null)
2026-06-16 13:32:22.562 [kafka-admin-client-thread | notification-service] INFO  o.a.k.c.a.i.AdminMetadataManager trace=,span= - [AdminClient clientId=notification-service] Rebootstrapping with Cluster(id = null, nodes = [localhost:9092 (id: -1 rack: null isFenced: false)], partitions = [], controller = null)
2026-06-16 13:32:22.562 [kafka-admin-client-thread | notification-service] INFO  o.a.k.c.a.i.AdminMetadataManager trace=,span= - [AdminClient clientId=notification-service] Rebootstrapping with Cluster(id = null, nodes = [localhost:9092 (id: -1 rack: null isFenced: false)], partitions = [], controller = null)
2026-06-16 13:32:22.563 [kafka-admin-client-thread | notification-service] INFO  o.a.k.c.a.i.AdminMetadataManager trace=,span= - [AdminClient clientId=notification-service] Rebootstrapping with Cluster(id = null, nodes = [localhost:9092 (id: -1 rack: null isFenced: false)], partitions = [], controller = null)
2026-06-16 13:32:22.563 [kafka-admin-client-thread | notification-service] INFO  o.a.k.c.a.i.AdminMetadataManager trace=,span= - [AdminClient clientId=notification-service] Rebootstrapping with Cluster(id = null, nodes = [localhost:9092 (id: -1 rack: null isFenced: false)], partitions = [], controller = null)
2026-06-16 13:32:22.563 [kafka-admin-client-thread | notification-service] INFO  o.a.k.c.a.i.AdminMetadataManager trace=,span= - [AdminClient clientId=notification-service] Rebootstrapping with Cluster(id = null, nodes = [localhost:9092 (id: -1 rack: null isFenced: false)], partitions = [], controller = null)
2026-06-16 13:32:22.563 [kafka-admin-client-thread | notification-service] INFO  o.a.k.c.a.i.AdminMetadataManager trace=,span= - [AdminClient clientId=notification-service] Rebootstrapping with Cluster(id = null, nodes = [localhost:9092 (id: -1 rack: null isFenced: false)], partitions = [], controller = null)
2026-06-16 13:32:22.563 [kafka-admin-client-thread | notification-service] INFO  o.a.k.c.a.i.AdminMetadataManager trace=,span= - [AdminClient clientId=notification-service] Rebootstrapping with Cluster(id = null, nodes = [localhost:9092 (id: -1 rack: null isFenced: false)], partitions = [], controller = null)
2026-06-16 13:32:22.563 [kafka-admin-client-thread | notification-service] INFO  o.a.k.c.a.i.AdminMetadataManager trace=,span= - [AdminClient clientId=notification-service] Rebootstrapping with Cluster(id = null, nodes = [localhost:9092 (id: -1 rack: null isFenced: false)], partitions = [], controller = null)
2026-06-16 13:32:22.563 [kafka-admin-client-thread | notification-service] INFO  o.a.k.c.a.i.AdminMetadataManager trace=,span= - [AdminClient clientId=notification-service] Rebootstrapping with Cluster(id = null, nodes = [localhost:9092 (id: -1 rack: null isFenced: false)], partitions = [], controller = null)
2026-06-16 13:32:22.563 [kafka-admin-client-thread | notification-service] INFO  o.a.k.c.a.i.AdminMetadataManager trace=,span= - [AdminClient clientId=notification-service] Rebootstrapping with Cluster(id = null, nodes = [localhost:9092 (id: -1 rack: null isFenced: false)], partitions = [], controller = null)
2026-06-16 13:32:22.563 [kafka-admin-client-thread | notification-service] INFO  o.a.k.c.a.i.AdminMetadataManager trace=,span= - [AdminClient clientId=notification-service] Rebootstrapping with Cluster(id = null, nodes = [localhost:9092 (id: -1 rack: null isFenced: false)], partitions = [], controller = null)
2026-06-16 13:32:22.563 [kafka-admin-client-thread | notification-service] INFO  o.a.k.c.a.i.AdminMetadataManager trace=,span= - [AdminClient clientId=notification-service] Rebootstrapping with Cluster(id = null, nodes = [localhost:9092 (id: -1 rack: null isFenced: false)], partitions = [], controller = null)
2026-06-16 13:32:22.563 [kafka-admin-client-thread | notification-service] INFO  o.a.k.c.a.i.AdminMetadataManager trace=,span= - [AdminClient clientId=notification-service] Rebootstrapping with Cluster(id = null, nodes = [localhost:9092 (id: -1 rack: null isFenced: false)], partitions = [], controller = null)
2026-06-16 13:32:22.563 [kafka-admin-client-thread | notification-service] INFO  o.a.k.c.a.i.AdminMetadataManager trace=,span= - [AdminClient clientId=notification-service] Rebootstrapping with Cluster(id = null, nodes = [localhost:9092 (id: -1 rack: null isFenced: false)], partitions = [], controller = null)
2026-06-16 13:32:22.563 [kafka-admin-client-thread | notification-service] INFO  o.a.k.c.a.i.AdminMetadataManager trace=,span= - [AdminClient clientId=notification-service] Rebootstrapping with Cluster(id = null, nodes = [localhost:9092 (id: -1 rack: null isFenced: false)], partitions = [], controller = null)
2026-06-16 13:32:22.563 [kafka-admin-client-thread | notification-service] INFO  o.a.k.c.a.i.AdminMetadataManager trace=,span= - [AdminClient clientId=notification-service] Rebootstrapping with Cluster(id = null, nodes = [localhost:9092 (id: -1 rack: null isFenced: false)], partitions = [], controller = null)
2026-06-16 13:32:22.563 [kafka-admin-client-thread | notification-service] INFO  o.a.k.c.a.i.AdminMetadataManager trace=,span= - [AdminClient clientId=notification-service] Rebootstrapping with Cluster(id = null, nodes = [localhost:9092 (id: -1 rack: null isFenced: false)], partitions = [], controller = null)
2026-06-16 13:32:22.563 [kafka-admin-client-thread | notification-service] INFO  o.a.k.c.a.i.AdminMetadataManager trace=,span= - [AdminClient clientId=notification-service] Rebootstrapping with Cluster(id = null, nodes = [localhost:9092 (id: -1 rack: null isFenced: false)], partitions = [], controller = null)
2026-06-16 13:32:22.563 [kafka-admin-client-thread | notification-service] INFO  o.a.k.c.a.i.AdminMetadataManager trace=,span= - [AdminClient clientId=notification-service] Rebootstrapping with Cluster(id = null, nodes = [localhost:9092 (id: -1 rack: null isFenced: false)], partitions = [], controller = null)
2026-06-16 13:32:22.563 [kafka-admin-client-thread | notification-service] INFO  o.a.k.c.a.i.AdminMetadataManager trace=,span= - [AdminClient clientId=notification-service] Rebootstrapping with Cluster(id = null, nodes = [localhost:9092 (id: -1 rack: null isFenced: false)], partitions = [], controller = null)
2026-06-16 13:32:22.563 [kafka-admin-client-thread | notification-service] INFO  o.a.k.c.a.i.AdminMetadataManager trace=,span= - [AdminClient clientId=notification-service] Rebootstrapping with Cluster(id = null, nodes = [localhost:9092 (id: -1 rack: null isFenced: false)], partitions = [], controller = null)
2026-06-16 13:32:22.563 [kafka-admin-client-thread | notification-service] INFO  o.a.k.c.a.i.AdminMetadataManager trace=,span= - [AdminClient clientId=notification-service] Rebootstrapping with Cluster(id = null, nodes = [localhost:9092 (id: -1 rack: null isFenced: false)], partitions = [], controller = null)
2026-06-16 13:32:22.563 [kafka-admin-client-thread | notification-service] INFO  o.a.k.c.a.i.AdminMetadataManager trace=,span= - [AdminClient clientId=notification-service] Rebootstrapping with Cluster(id = null, nodes = [localhost:9092 (id: -1 rack: null isFenced: false)], partitions = [], controller = null)
2026-06-16 13:32:22.563 [kafka-admin-client-thread | notification-service] INFO  o.a.k.c.a.i.AdminMetadataManager trace=,span= - [AdminClient clientId=notification-service] Rebootstrapping with Cluster(id = null, nodes = [localhost:9092 (id: -1 rack: null isFenced: false)], partitions = [], controller = null)
2026-06-16 13:32:22.563 [kafka-admin-client-thread | notification-service] INFO  o.a.k.c.a.i.AdminMetadataManager trace=,span= - [AdminClient clientId=notification-service] Rebootstrapping with Cluster(id = null, nodes = [localhost:9092 (id: -1 rack: null isFenced: false)], partitions = [], controller = null)
2026-06-16 13:32:22.563 [kafka-admin-client-thread | notification-service] INFO  o.a.k.c.a.i.AdminMetadataManager trace=,span= - [AdminClient clientId=notification-service] Rebootstrapping with Cluster(id = null, nodes = [localhost:9092 (id: -1 rack: null isFenced: false)], partitions = [], controller = null)
2026-06-16 13:32:22.563 [kafka-admin-client-thread | notification-service] INFO  o.a.k.c.a.i.AdminMetadataManager trace=,span= - [AdminClient clientId=notification-service] Rebootstrapping with Cluster(id = null, nodes = [localhost:9092 (id: -1 rack: null isFenced: false)], partitions = [], controller = null)
2026-06-16 13:32:22.564 [kafka-admin-client-thread | notification-service] INFO  o.a.k.c.a.i.AdminMetadataManager trace=,span= - [AdminClient clientId=notification-service] Rebootstrapping with Cluster(id = null, nodes = [localhost:9092 (id: -1 rack: null isFenced: false)], partitions = [], controller = null)
2026-06-16 13:32:22.564 [kafka-admin-client-thread | notification-service] INFO  o.a.k.c.a.i.AdminMetadataManager trace=,span= - [AdminClient clientId=notification-service] Rebootstrapping with Cluster(id = null, nodes = [localhost:9092 (id: -1 rack: null isFenced: false)], partitions = [], controller = null)
2026-06-16 13:32:22.564 [kafka-admin-client-thread | notification-service] INFO  o.a.k.c.a.i.AdminMetadataManager trace=,span= - [AdminClient clientId=notification-service] Rebootstrapping with Cluster(id = null, nodes = [localhost:9092 (id: -1 rack: null isFenced: false)], partitions = [], controller = null)
2026-06-16 13:32:22.564 [kafka-admin-client-thread | notification-service] INFO  o.a.k.c.a.i.AdminMetadataManager trace=,span= - [AdminClient clientId=notification-service] Rebootstrapping with Cluster(id = null, nodes = [localhost:9092 (id: -1 rack: null isFenced: false)], partitions = [], controller = null)
2026-06-16 13:32:22.564 [kafka-admin-client-thread | notification-service] INFO  o.a.k.c.a.i.AdminMetadataManager trace=,span= - [AdminClient clientId=notification-service] Rebootstrapping with Cluster(id = null, nodes = [localhost:9092 (id: -1 rack: null isFenced: false)], partitions = [], controller = null)
2026-06-16 13:32:22.564 [kafka-admin-client-thread | notification-service] INFO  o.a.k.c.a.i.AdminMetadataManager trace=,span= - [AdminClient clientId=notification-service] Rebootstrapping with Cluster(id = null, nodes = [localhost:9092 (id: -1 rack: null isFenced: false)], partitions = [], controller = null)
2026-06-16 13:32:22.564 [kafka-admin-client-thread | notification-service] INFO  o.a.k.c.a.i.AdminMetadataManager trace=,span= - [AdminClient clientId=notification-service] Rebootstrapping with Cluster(id = null, nodes = [localhost:9092 (id: -1 rack: null isFenced: false)], partitions = [], controller = null)
2026-06-16 13:32:22.564 [kafka-admin-client-thread | notification-service] INFO  o.a.k.c.a.i.AdminMetadataManager trace=,span= - [AdminClient clientId=notification-service] Rebootstrapping with Cluster(id = null, nodes = [localhost:9092 (id: -1 rack: null isFenced: false)], partitions = [], controller = null)
2026-06-16 13:32:22.564 [kafka-admin-client-thread | notification-service] INFO  o.a.k.c.a.i.AdminMetadataManager trace=,span= - [AdminClient clientId=notification-service] Rebootstrapping with Cluster(id = null, nodes = [localhost:9092 (id: -1 rack: null isFenced: false)], partitions = [], controller = null)
2026-06-16 13:32:22.564 [kafka-admin-client-thread | notification-service] INFO  o.a.k.c.a.i.AdminMetadataManager trace=,span= - [AdminClient clientId=notification-service] Rebootstrapping with Cluster(id = null, nodes = [localhost:9092 (id: -1 rack: null isFenced: false)], partitions = [], controller = null)
2026-06-16 13:32:22.564 [kafka-admin-client-thread | notification-service] INFO  o.a.k.c.a.i.AdminMetadataManager trace=,span= - [AdminClient clientId=notification-service] Rebootstrapping with Cluster(id = null, nodes = [localhost:9092 (id: -1 rack: null isFenced: false)], partitions = [], controller = null)
2026-06-16 13:32:22.564 [kafka-admin-client-thread | notification-service] INFO  o.a.k.c.a.i.AdminMetadataManager trace=,span= - [AdminClient clientId=notification-service] Rebootstrapping with Cluster(id = null, nodes = [localhost:9092 (id: -1 rack: null isFenced: false)], partitions = [], controller = null)
2026-06-16 13:32:22.564 [kafka-admin-client-thread | notification-service] INFO  o.a.k.c.a.i.AdminMetadataManager trace=,span= - [AdminClient clientId=notification-service] Rebootstrapping with Cluster(id = null, nodes = [localhost:9092 (id: -1 rack: null isFenced: false)], partitions = [], controller = null)
2026-06-16 13:32:22.564 [kafka-admin-client-thread | notification-service] INFO  o.a.k.c.a.i.AdminMetadataManager trace=,span= - [AdminClient clientId=notification-service] Rebootstrapping with Cluster(id = null, nodes = [localhost:9092 (id: -1 rack: null isFenced: false)], partitions = [], controller = null)
2026-06-16 13:32:22.564 [kafka-admin-client-thread | notification-service] INFO  o.a.k.c.a.i.AdminMetadataManager trace=,span= - [AdminClient clientId=notification-service] Rebootstrapping with Cluster(id = null, nodes = [localhost:9092 (id: -1 rack: null isFenced: false)], partitions = [], controller = null)
2026-06-16 13:32:22.564 [kafka-admin-client-thread | notification-service] INFO  o.a.k.c.a.i.AdminMetadataManager trace=,span= - [AdminClient clientId=notification-service] Rebootstrapping with Cluster(id = null, nodes = [localhost:9092 (id: -1 rack: null isFenced: false)], partitions = [], controller = null)
2026-06-16 13:32:22.564 [kafka-admin-client-thread | notification-service] INFO  o.a.k.c.a.i.AdminMetadataManager trace=,span= - [AdminClient clientId=notification-service] Rebootstrapping with Cluster(id = null, nodes = [localhost:9092 (id: -1 rack: null isFenced: false)], partitions = [], controller = null)
2026-06-16 13:32:22.564 [kafka-admin-client-thread | notification-service] INFO  o.a.k.c.a.i.AdminMetadataManager trace=,span= - [AdminClient clientId=notification-service] Rebootstrapping with Cluster(id = null, nodes = [localhost:9092 (id: -1 rack: null isFenced: false)], partitions = [], controller = null)
2026-06-16 13:32:22.564 [kafka-admin-client-thread | notification-service] INFO  o.a.k.c.a.i.AdminMetadataManager trace=,span= - [AdminClient clientId=notification-service] Rebootstrapping with Cluster(id = null, nodes = [localhost:9092 (id: -1 rack: null isFenced: false)], partitions = [], controller = null)
2026-06-16 13:32:22.564 [kafka-admin-client-thread | notification-service] INFO  o.a.k.c.a.i.AdminMetadataManager trace=,span= - [AdminClient clientId=notification-service] Rebootstrapping with Cluster(id = null, nodes = [localhost:9092 (id: -1 rack: null isFenced: false)], partitions = [], controller = null)
2026-06-16 13:32:22.564 [kafka-admin-client-thread | notification-service] INFO  o.a.k.c.a.i.AdminMetadataManager trace=,span= - [AdminClient clientId=notification-service] Rebootstrapping with Cluster(id = null, nodes = [localhost:9092 (id: -1 rack: null isFenced: false)], partitions = [], controller = null)
2026-06-16 13:32:22.564 [kafka-admin-client-thread | notification-service] INFO  o.a.k.c.a.i.AdminMetadataManager trace=,span= - [AdminClient clientId=notification-service] Rebootstrapping with Cluster(id = null, nodes = [localhost:9092 (id: -1 rack: null isFenced: false)], partitions = [], controller = null)
2026-06-16 13:32:22.564 [kafka-admin-client-thread | notification-service] INFO  o.a.k.c.a.i.AdminMetadataManager trace=,span= - [AdminClient clientId=notification-service] Rebootstrapping with Cluster(id = null, nodes = [localhost:9092 (id: -1 rack: null isFenced: false)], partitions = [], controller = null)
2026-06-16 13:32:22.565 [kafka-admin-client-thread | notification-service] INFO  o.a.k.c.a.i.AdminMetadataManager trace=,span= - [AdminClient clientId=notification-service] Rebootstrapping with Cluster(id = null, nodes = [localhost:9092 (id: -1 rack: null isFenced: false)], partitions = [], controller = null)
2026-06-16 13:32:22.565 [kafka-admin-client-thread | notification-service] INFO  o.a.k.c.a.i.AdminMetadataManager trace=,span= - [AdminClient clientId=notification-service] Rebootstrapping with Cluster(id = null, nodes = [localhost:9092 (id: -1 rack: null isFenced: false)], partitions = [], controller = null)
2026-06-16 13:32:22.565 [kafka-admin-client-thread | notification-service] INFO  o.a.k.c.a.i.AdminMetadataManager trace=,span= - [AdminClient clientId=notification-service] Rebootstrapping with Cluster(id = null, nodes = [localhost:9092 (id: -1 rack: null isFenced: false)], partitions = [], controller = null)
2026-06-16 13:32:22.565 [kafka-admin-client-thread | notification-service] INFO  o.a.k.c.a.i.AdminMetadataManager trace=,span= - [AdminClient clientId=notification-service] Rebootstrapping with Cluster(id = null, nodes = [localhost:9092 (id: -1 rack: null isFenced: false)], partitions = [], controller = null)
2026-06-16 13:32:22.666 [kafka-admin-client-thread | notification-service] INFO  o.a.k.c.a.i.AdminMetadataManager trace=,span= - [AdminClient clientId=notification-service] Rebootstrapping with Cluster(id = null, nodes = [localhost:9092 (id: -1 rack: null isFenced: false)], partitions = [], controller = null)
2026-06-16 13:32:22.666 [kafka-admin-client-thread | notification-service] INFO  o.a.k.c.a.i.AdminMetadataManager trace=,span= - [AdminClient clientId=notification-service] Rebootstrapping with Cluster(id = null, nodes = [localhost:9092 (id: -1 rack: null isFenced: false)], partitions = [], controller = null)
2026-06-16 13:32:22.666 [kafka-admin-client-thread | notification-service] INFO  o.a.k.c.a.i.AdminMetadataManager trace=,span= - [AdminClient clientId=notification-service] Rebootstrapping with Cluster(id = null, nodes = [localhost:9092 (id: -1 rack: null isFenced: false)], partitions = [], controller = null)
2026-06-16 13:32:22.666 [kafka-admin-client-thread | notification-service] INFO  o.a.k.c.a.i.AdminMetadataManager trace=,span= - [AdminClient clientId=notification-service] Rebootstrapping with Cluster(id = null, nodes = [localhost:9092 (id: -1 rack: null isFenced: false)], partitions = [], controller = null)
2026-06-16 13:32:22.666 [kafka-admin-client-thread | notification-service] INFO  o.a.k.c.a.i.AdminMetadataManager trace=,span= - [AdminClient clientId=notification-service] Rebootstrapping with Cluster(id = null, nodes = [localhost:9092 (id: -1 rack: null isFenced: false)], partitions = [], controller = null)
2026-06-16 13:32:22.667 [kafka-admin-client-thread | notification-service] INFO  o.a.k.c.a.i.AdminMetadataManager trace=,span= - [AdminClient clientId=notification-service] Rebootstrapping with Cluster(id = null, nodes = [localhost:9092 (id: -1 rack: null isFenced: false)], partitions = [], controller = null)
2026-06-16 13:32:22.667 [kafka-admin-client-thread | notification-service] INFO  o.a.k.c.a.i.AdminMetadataManager trace=,span= - [AdminClient clientId=notification-service] Rebootstrapping with Cluster(id = null, nodes = [localhost:9092 (id: -1 rack: null isFenced: false)], partitions = [], controller = null)
2026-06-16 13:32:22.667 [kafka-admin-client-thread | notification-service] INFO  o.a.k.c.a.i.AdminMetadataManager trace=,span= - [AdminClient clientId=notification-service] Rebootstrapping with Cluster(id = null, nodes = [localhost:9092 (id: -1 rack: null isFenced: false)], partitions = [], controller = null)
2026-06-16 13:32:22.667 [kafka-admin-client-thread | notification-service] INFO  o.a.k.c.a.i.AdminMetadataManager trace=,span= - [AdminClient clientId=notification-service] Rebootstrapping with Cluster(id = null, nodes = [localhost:9092 (id: -1 rack: null isFenced: false)], partitions = [], controller = null)
2026-06-16 13:32:22.667 [kafka-admin-client-thread | notification-service] INFO  o.a.k.c.a.i.AdminMetadataManager trace=,span= - [AdminClient clientId=notification-service] Rebootstrapping with Cluster(id = null, nodes = [localhost:9092 (id: -1 rack: null isFenced: false)], partitions = [], controller = null)
2026-06-16 13:32:22.668 [kafka-admin-client-thread | notification-service] INFO  o.a.k.c.a.i.AdminMetadataManager trace=,span= - [AdminClient clientId=notification-service] Rebootstrapping with Cluster(id = null, nodes = [localhost:9092 (id: -1 rack: null isFenced: false)], partitions = [], controller = null)
2026-06-16 13:32:22.668 [kafka-admin-client-thread | notification-service] INFO  o.a.k.c.a.i.AdminMetadataManager trace=,span= - [AdminClient clientId=notification-service] Rebootstrapping with Cluster(id = null, nodes = [localhost:9092 (id: -1 rack: null isFenced: false)], partitions = [], controller = null)
2026-06-16 13:32:22.668 [kafka-admin-client-thread | notification-service] INFO  o.a.k.c.a.i.AdminMetadataManager trace=,span= - [AdminClient clientId=notification-service] Rebootstrapping with Cluster(id = null, nodes = [localhost:9092 (id: -1 rack: null isFenced: false)], partitions = [], controller = null)
2026-06-16 13:32:22.668 [kafka-admin-client-thread | notification-service] INFO  o.a.k.c.a.i.AdminMetadataManager trace=,span= - [AdminClient clientId=notification-service] Rebootstrapping with Cluster(id = null, nodes = [localhost:9092 (id: -1 rack: null isFenced: false)], partitions = [], controller = null)
2026-06-16 13:32:22.668 [kafka-admin-client-thread | notification-service] INFO  o.a.k.c.a.i.AdminMetadataManager trace=,span= - [AdminClient clientId=notification-service] Rebootstrapping with Cluster(id = null, nodes = [localhost:9092 (id: -1 rack: null isFenced: false)], partitions = [], controller = null)
2026-06-16 13:32:22.668 [kafka-admin-client-thread | notification-service] INFO  o.a.k.c.a.i.AdminMetadataManager trace=,span= - [AdminClient clientId=notification-service] Rebootstrapping with Cluster(id = null, nodes = [localhost:9092 (id: -1 rack: null isFenced: false)], partitions = [], controller = null)
2026-06-16 13:32:22.668 [kafka-admin-client-thread | notification-service] INFO  o.a.k.c.a.i.AdminMetadataManager trace=,span= - [AdminClient clientId=notification-service] Rebootstrapping with Cluster(id = null, nodes = [localhost:9092 (id: -1 rack: null isFenced: false)], partitions = [], controller = null)
2026-06-16 13:32:22.668 [kafka-admin-client-thread | notification-service] INFO  o.a.k.c.a.i.AdminMetadataManager trace=,span= - [AdminClient clientId=notification-service] Rebootstrapping with Cluster(id = null, nodes = [localhost:9092 (id: -1 rack: null isFenced: false)], partitions = [], controller = null)
2026-06-16 13:32:22.668 [kafka-admin-client-thread | notification-service] INFO  o.a.k.c.a.i.AdminMetadataManager trace=,span= - [AdminClient clientId=notification-service] Rebootstrapping with Cluster(id = null, nodes = [localhost:9092 (id: -1 rack: null isFenced: false)], partitions = [], controller = null)
2026-06-16 13:32:22.668 [kafka-admin-client-thread | notification-service] INFO  o.a.k.c.a.i.AdminMetadataManager trace=,span= - [AdminClient clientId=notification-service] Rebootstrapping with Cluster(id = null, nodes = [localhost:9092 (id: -1 rack: null isFenced: false)], partitions = [], controller = null)
2026-06-16 13:32:22.668 [kafka-admin-client-thread | notification-service] INFO  o.a.k.c.a.i.AdminMetadataManager trace=,span= - [AdminClient clientId=notification-service] Rebootstrapping with Cluster(id = null, nodes = [localhost:9092 (id: -1 rack: null isFenced: false)], partitions = [], controller = null)
2026-06-16 13:32:22.668 [kafka-admin-client-thread | notification-service] INFO  o.a.k.c.a.i.AdminMetadataManager trace=,span= - [AdminClient clientId=notification-service] Rebootstrapping with Cluster(id = null, nodes = [localhost:9092 (id: -1 rack: null isFenced: false)], partitions = [], controller = null)
2026-06-16 13:32:22.668 [kafka-admin-client-thread | notification-service] INFO  o.a.k.c.a.i.AdminMetadataManager trace=,span= - [AdminClient clientId=notification-service] Rebootstrapping with Cluster(id = null, nodes = [localhost:9092 (id: -1 rack: null isFenced: false)], partitions = [], controller = null)
2026-06-16 13:32:22.668 [kafka-admin-client-thread | notification-service] INFO  o.a.k.c.a.i.AdminMetadataManager trace=,span= - [AdminClient clientId=notification-service] Rebootstrapping with Cluster(id = null, nodes = [localhost:9092 (id: -1 rack: null isFenced: false)], partitions = [], controller = null)
2026-06-16 13:32:22.668 [kafka-admin-client-thread | notification-service] INFO  o.a.k.c.a.i.AdminMetadataManager trace=,span= - [AdminClient clientId=notification-service] Rebootstrapping with Cluster(id = null, nodes = [localhost:9092 (id: -1 rack: null isFenced: false)], partitions = [], controller = null)
2026-06-16 13:32:22.668 [kafka-admin-client-thread | notification-service] INFO  o.a.k.c.a.i.AdminMetadataManager trace=,span= - [AdminClient clientId=notification-service] Rebootstrapping with Cluster(id = null, nodes = [localhost:9092 (id: -1 rack: null isFenced: false)], partitions = [], controller = null)
2026-06-16 13:32:22.668 [kafka-admin-client-thread | notification-service] INFO  o.a.k.c.a.i.AdminMetadataManager trace=,span= - [AdminClient clientId=notification-service] Rebootstrapping with Cluster(id = null, nodes = [localhost:9092 (id: -1 rack: null isFenced: false)], partitions = [], controller = null)
2026-06-16 13:32:22.668 [kafka-admin-client-thread | notification-service] INFO  o.a.k.c.a.i.AdminMetadataManager trace=,span= - [AdminClient clientId=notification-service] Rebootstrapping with Cluster(id = null, nodes = [localhost:9092 (id: -1 rack: null isFenced: false)], partitions = [], controller = null)
2026-06-16 13:32:22.669 [kafka-admin-client-thread | notification-service] INFO  o.a.k.c.a.i.AdminMetadataManager trace=,span= - [AdminClient clientId=notification-service] Rebootstrapping with Cluster(id = null, nodes = [localhost:9092 (id: -1 rack: null isFenced: false)], partitions = [], controller = null)
2026-06-16 13:32:22.669 [kafka-admin-client-thread | notification-service] INFO  o.a.k.c.a.i.AdminMetadataManager trace=,span= - [AdminClient clientId=notification-service] Rebootstrapping with Cluster(id = null, nodes = [localhost:9092 (id: -1 rack: null isFenced: false)], partitions = [], controller = null)
2026-06-16 13:32:22.669 [kafka-admin-client-thread | notification-service] INFO  o.a.k.c.a.i.AdminMetadataManager trace=,span= - [AdminClient clientId=notification-service] Rebootstrapping with Cluster(id = null, nodes = [localhost:9092 (id: -1 rack: null isFenced: false)], partitions = [], controller = null)
2026-06-16 13:32:22.669 [kafka-admin-client-thread | notification-service] INFO  o.a.k.c.a.i.AdminMetadataManager trace=,span= - [AdminClient clientId=notification-service] Rebootstrapping with Cluster(id = null, nodes = [localhost:9092 (id: -1 rack: null isFenced: false)], partitions = [], controller = null)
2026-06-16 13:32:22.669 [kafka-admin-client-thread | notification-service] INFO  o.a.k.c.a.i.AdminMetadataManager trace=,span= - [AdminClient clientId=notification-service] Rebootstrapping with Cluster(id = null, nodes = [localhost:9092 (id: -1 rack: null isFenced: false)], partitions = [], controller = null)
2026-06-16 13:32:22.669 [kafka-admin-client-thread | notification-service] INFO  o.a.k.c.a.i.AdminMetadataManager trace=,span= - [AdminClient clientId=notification-service] Rebootstrapping with Cluster(id = null, nodes = [localhost:9092 (id: -1 rack: null isFenced: false)], partitions = [], controller = null)
2026-06-16 13:32:22.669 [kafka-admin-client-thread | notification-service] INFO  o.a.k.c.a.i.AdminMetadataManager trace=,span= - [AdminClient clientId=notification-service] Rebootstrapping with Cluster(id = null, nodes = [localhost:9092 (id: -1 rack: null isFenced: false)], partitions = [], controller = null)
2026-06-16 13:32:22.669 [kafka-admin-client-thread | notification-service] INFO  o.a.k.c.a.i.AdminMetadataManager trace=,span= - [AdminClient clientId=notification-service] Rebootstrapping with Cluster(id = null, nodes = [localhost:9092 (id: -1 rack: null isFenced: false)], partitions = [], controller = null)
2026-06-16 13:32:22.669 [kafka-admin-client-thread | notification-service] INFO  o.a.k.c.a.i.AdminMetadataManager trace=,span= - [AdminClient clientId=notification-service] Rebootstrapping with Cluster(id = null, nodes = [localhost:9092 (id: -1 rack: null isFenced: false)], partitions = [], controller = null)
2026-06-16 13:32:22.669 [kafka-admin-client-thread | notification-service] INFO  o.a.k.c.a.i.AdminMetadataManager trace=,span= - [AdminClient clientId=notification-service] Rebootstrapping with Cluster(id = null, nodes = [localhost:9092 (id: -1 rack: null isFenced: false)], partitions = [], controller = null)
2026-06-16 13:32:22.669 [kafka-admin-client-thread | notification-service] INFO  o.a.k.c.a.i.AdminMetadataManager trace=,span= - [AdminClient clientId=notification-service] Rebootstrapping with Cluster(id = null, nodes = [localhost:9092 (id: -1 rack: null isFenced: false)], partitions = [], controller = null)
2026-06-16 13:32:22.669 [kafka-admin-client-thread | notification-service] INFO  o.a.k.c.a.i.AdminMetadataManager trace=,span= - [AdminClient clientId=notification-service] Rebootstrapping with Cluster(id = null, nodes = [localhost:9092 (id: -1 rack: null isFenced: false)], partitions = [], controller = null)
2026-06-16 13:32:22.670 [kafka-admin-client-thread | notification-service] INFO  o.a.k.c.a.i.AdminMetadataManager trace=,span= - [AdminClient clientId=notification-service] Rebootstrapping with Cluster(id = null, nodes = [localhost:9092 (id: -1 rack: null isFenced: false)], partitions = [], controller = null)
2026-06-16 13:32:22.670 [kafka-admin-client-thread | notification-service] INFO  o.a.k.c.a.i.AdminMetadataManager trace=,span= - [AdminClient clientId=notification-service] Rebootstrapping with Cluster(id = null, nodes = [localhost:9092 (id: -1 rack: null isFenced: false)], partitions = [], controller = null)
2026-06-16 13:32:22.670 [kafka-admin-client-thread | notification-service] INFO  o.a.k.c.a.i.AdminMetadataManager trace=,span= - [AdminClient clientId=notification-service] Rebootstrapping with Cluster(id = null, nodes = [localhost:9092 (id: -1 rack: null isFenced: false)], partitions = [], controller = null)
2026-06-16 13:32:22.670 [kafka-admin-client-thread | notification-service] INFO  o.a.k.c.a.i.AdminMetadataManager trace=,span= - [AdminClient clientId=notification-service] Rebootstrapping with Cluster(id = null, nodes = [localhost:9092 (id: -1 rack: null isFenced: false)], partitions = [], controller = null)
2026-06-16 13:32:22.670 [kafka-admin-client-thread | notification-service] INFO  o.a.k.c.a.i.AdminMetadataManager trace=,span= - [AdminClient clientId=notification-service] Rebootstrapping with Cluster(id = null, nodes = [localhost:9092 (id: -1 rack: null isFenced: false)], partitions = [], controller = null)
2026-06-16 13:32:22.670 [kafka-admin-client-thread | notification-service] INFO  o.a.k.c.a.i.AdminMetadataManager trace=,span= - [AdminClient clientId=notification-service] Rebootstrapping with Cluster(id = null, nodes = [localhost:9092 (id: -1 rack: null isFenced: false)], partitions = [], controller = null)
2026-06-16 13:32:22.670 [kafka-admin-client-thread | notification-service] INFO  o.a.k.c.a.i.AdminMetadataManager trace=,span= - [AdminClient clientId=notification-service] Rebootstrapping with Cluster(id = null, nodes = [localhost:9092 (id: -1 rack: null isFenced: false)], partitions = [], controller = null)
2026-06-16 13:32:22.670 [kafka-admin-client-thread | notification-service] INFO  o.a.k.c.a.i.AdminMetadataManager trace=,span= - [AdminClient clientId=notification-service] Rebootstrapping with Cluster(id = null, nodes = [localhost:9092 (id: -1 rack: null isFenced: false)], partitions = [], controller = null)
2026-06-16 13:32:22.670 [kafka-admin-client-thread | notification-service] INFO  o.a.k.c.a.i.AdminMetadataManager trace=,span= - [AdminClient clientId=notification-service] Rebootstrapping with Cluster(id = null, nodes = [localhost:9092 (id: -1 rack: null isFenced: false)], partitions = [], controller = null)
2026-06-16 13:32:22.670 [kafka-admin-client-thread | notification-service] INFO  o.a.k.c.a.i.AdminMetadataManager trace=,span= - [AdminClient clientId=notification-service] Rebootstrapping with Cluster(id = null, nodes = [localhost:9092 (id: -1 rack: null isFenced: false)], partitions = [], controller = null)
2026-06-16 13:32:22.670 [kafka-admin-client-thread | notification-service] INFO  o.a.k.c.a.i.AdminMetadataManager trace=,span= - [AdminClient clientId=notification-service] Rebootstrapping with Cluster(id = null, nodes = [localhost:9092 (id: -1 rack: null isFenced: false)], partitions = [], controller = null)
2026-06-16 13:32:22.670 [kafka-admin-client-thread | notification-service] INFO  o.a.k.c.a.i.AdminMetadataManager trace=,span= - [AdminClient clientId=notification-service] Rebootstrapping with Cluster(id = null, nodes = [localhost:9092 (id: -1 rack: null isFenced: false)], partitions = [], controller = null)
2026-06-16 13:32:22.670 [kafka-admin-client-thread | notification-service] INFO  o.a.k.c.a.i.AdminMetadataManager trace=,span= - [AdminClient clientId=notification-service] Rebootstrapping with Cluster(id = null, nodes = [localhost:9092 (id: -1 rack: null isFenced: false)], partitions = [], controller = null)
2026-06-16 13:32:22.670 [kafka-admin-client-thread | notification-service] INFO  o.a.k.c.a.i.AdminMetadataManager trace=,span= - [AdminClient clientId=notification-service] Rebootstrapping with Cluster(id = null, nodes = [localhost:9092 (id: -1 rack: null isFenced: false)], partitions = [], controller = null)
2026-06-16 13:32:22.670 [kafka-admin-client-thread | notification-service] INFO  o.a.k.c.a.i.AdminMetadataManager trace=,span= - [AdminClient clientId=notification-service] Rebootstrapping with Cluster(id = null, nodes = [localhost:9092 (id: -1 rack: null isFenced: false)], partitions = [], controller = null)
2026-06-16 13:32:22.670 [kafka-admin-client-thread | notification-service] INFO  o.a.k.c.a.i.AdminMetadataManager trace=,span= - [AdminClient clientId=notification-service] Rebootstrapping with Cluster(id = null, nodes = [localhost:9092 (id: -1 rack: null isFenced: false)], partitions = [], controller = null)
2026-06-16 13:32:22.670 [kafka-admin-client-thread | notification-service] INFO  o.a.k.c.a.i.AdminMetadataManager trace=,span= - [AdminClient clientId=notification-service] Rebootstrapping with Cluster(id = null, nodes = [localhost:9092 (id: -1 rack: null isFenced: false)], partitions = [], controller = null)
2026-06-16 13:32:22.670 [kafka-admin-client-thread | notification-service] INFO  o.a.k.c.a.i.AdminMetadataManager trace=,span= - [AdminClient clientId=notification-service] Rebootstrapping with Cluster(id = null, nodes = [localhost:9092 (id: -1 rack: null isFenced: false)], partitions = [], controller = null)
2026-06-16 13:32:22.670 [kafka-admin-client-thread | notification-service] INFO  o.a.k.c.a.i.AdminMetadataManager trace=,span= - [AdminClient clientId=notification-service] Rebootstrapping with Cluster(id = null, nodes = [localhost:9092 (id: -1 rack: null isFenced: false)], partitions = [], controller = null)
2026-06-16 13:32:22.670 [kafka-admin-client-thread | notification-service] INFO  o.a.k.c.a.i.AdminMetadataManager trace=,span= - [AdminClient clientId=notification-service] Rebootstrapping with Cluster(id = null, nodes = [localhost:9092 (id: -1 rack: null isFenced: false)], partitions = [], controller = null)
2026-06-16 13:32:22.670 [kafka-admin-client-thread | notification-service] INFO  o.a.k.c.a.i.AdminMetadataManager trace=,span= - [AdminClient clientId=notification-service] Rebootstrapping with Cluster(id = null, nodes = [localhost:9092 (id: -1 rack: null isFenced: false)], partitions = [], controller = null)
