2026-06-15 16:48:41.505 [main] INFO  c.l.n.NotificationServiceApplication trace=,span= - Starting NotificationServiceApplication v0.0.1-SNAPSHOT using Java 25.0.2 with PID 31767 (/Users/Dzianis_Padbiarezski/projects/loadup/order-service/notification-service/build/libs/notification-service-0.0.1-SNAPSHOT.jar started by Dzianis_Padbiarezski in /Users/Dzianis_Padbiarezski/projects/loadup/order-service/notification-service)
2026-06-15 16:48:41.507 [main] DEBUG c.l.n.NotificationServiceApplication trace=,span= - Running with Spring Boot v4.0.7, Spring v7.0.8
2026-06-15 16:48:41.508 [main] INFO  c.l.n.NotificationServiceApplication trace=,span= - No active profile set, falling back to 1 default profile: "default"
2026-06-15 16:48:41.687 [background-preinit] INFO  o.h.validator.internal.util.Version trace=,span= - HV000001: Hibernate Validator 9.0.1.Final
2026-06-15 16:48:41.919 [main] INFO  o.s.d.r.c.RepositoryConfigurationDelegate trace=,span= - Multiple Spring Data modules found, entering strict repository configuration mode
2026-06-15 16:48:41.920 [main] INFO  o.s.d.r.c.RepositoryConfigurationDelegate trace=,span= - Bootstrapping Spring Data Redis repositories in DEFAULT mode.
2026-06-15 16:48:41.937 [main] INFO  o.s.d.r.c.RepositoryConfigurationDelegate trace=,span= - Finished Spring Data repository scanning in 8 ms. Found 0 Redis repository interfaces.
2026-06-15 16:48:42.043 [main] INFO  o.s.i.c.DefaultConfiguringBeanFactoryPostProcessor trace=,span= - No bean named 'errorChannel' has been explicitly defined. Therefore, a default PublishSubscribeChannel will be created.
2026-06-15 16:48:42.047 [main] INFO  o.s.i.c.DefaultConfiguringBeanFactoryPostProcessor trace=,span= - No bean named 'integrationHeaderChannelRegistry' has been explicitly defined. Therefore, a default DefaultHeaderChannelRegistry will be created.
2026-06-15 16:48:42.385 [main] INFO  o.s.boot.tomcat.TomcatWebServer trace=,span= - Tomcat initialized with port 8081 (http)
2026-06-15 16:48:42.393 [main] INFO  o.a.coyote.http11.Http11NioProtocol trace=,span= - Initializing ProtocolHandler ["http-nio-8081"]
2026-06-15 16:48:42.394 [main] INFO  o.a.catalina.core.StandardService trace=,span= - Starting service [Tomcat]
2026-06-15 16:48:42.395 [main] INFO  o.a.catalina.core.StandardEngine trace=,span= - Starting Servlet engine: [Apache Tomcat/11.0.22]
2026-06-15 16:48:42.409 [main] INFO  o.s.b.w.c.s.WebApplicationContextInitializer trace=,span= - Root WebApplicationContext: initialization completed in 869 ms
2026-06-15 16:48:42.512 [main] WARN  i.n.r.d.DnsServerAddressStreamProviders trace=,span= - Can not find io.netty.resolver.dns.macos.MacOSDnsServerAddressStreamProvider in the classpath, fallback to system defaults. This may result in incorrect DNS resolutions on MacOS. Check whether you have a dependency on 'io.netty:netty-resolver-dns-native-macos'
2026-06-15 16:48:42.615 [main] WARN  o.s.b.w.s.s.c.AnnotationConfigServletWebServerApplicationContext trace=,span= - Exception encountered during context initialization - cancelling refresh attempt: org.springframework.beans.factory.UnsatisfiedDependencyException: Error creating bean with name 'orderNotificationListener' defined in URL [jar:nested:/Users/Dzianis_Padbiarezski/projects/loadup/order-service/notification-service/build/libs/notification-service-0.0.1-SNAPSHOT.jar/!BOOT-INF/classes/!/com/loadup/notification/messaging/OrderNotificationListener.class]: Unsatisfied dependency expressed through constructor parameter 0: Error creating bean with name 'orderNotificationService' defined in URL [jar:nested:/Users/Dzianis_Padbiarezski/projects/loadup/order-service/notification-service/build/libs/notification-service-0.0.1-SNAPSHOT.jar/!BOOT-INF/classes/!/com/loadup/notification/service/OrderNotificationService.class]: Unsatisfied dependency expressed through constructor parameter 3: No qualifying bean of type 'com.fasterxml.jackson.databind.ObjectMapper' available: expected at least 1 bean which qualifies as autowire candidate. Dependency annotations: {}
2026-06-15 16:48:42.624 [main] INFO  o.a.catalina.core.StandardService trace=,span= - Stopping service [Tomcat]
2026-06-15 16:48:42.629 [main] INFO  o.s.b.a.l.ConditionEvaluationReportLogger trace=,span= - 

Error starting ApplicationContext. To display the condition evaluation report re-run your application with 'debug' enabled.
2026-06-15 16:48:42.637 [main] ERROR o.s.b.d.LoggingFailureAnalysisReporter trace=,span= - 

***************************
APPLICATION FAILED TO START
***************************

Description:

Parameter 3 of constructor in com.loadup.notification.service.OrderNotificationService required a bean of type 'com.fasterxml.jackson.databind.ObjectMapper' that could not be found.


Action:

Consider defining a bean of type 'com.fasterxml.jackson.databind.ObjectMapper' in your configuration.

2026-06-15 16:50:06.388 [main] INFO  c.l.n.NotificationServiceApplication trace=,span= - Starting NotificationServiceApplication v0.0.1-SNAPSHOT using Java 25.0.2 with PID 32267 (/Users/Dzianis_Padbiarezski/projects/loadup/order-service/notification-service/build/libs/notification-service-0.0.1-SNAPSHOT.jar started by Dzianis_Padbiarezski in /Users/Dzianis_Padbiarezski/projects/loadup/order-service/notification-service)
2026-06-15 16:50:06.390 [main] DEBUG c.l.n.NotificationServiceApplication trace=,span= - Running with Spring Boot v4.0.7, Spring v7.0.8
2026-06-15 16:50:06.391 [main] INFO  c.l.n.NotificationServiceApplication trace=,span= - No active profile set, falling back to 1 default profile: "default"
2026-06-15 16:50:06.587 [background-preinit] INFO  o.h.validator.internal.util.Version trace=,span= - HV000001: Hibernate Validator 9.0.1.Final
2026-06-15 16:50:06.842 [main] INFO  o.s.d.r.c.RepositoryConfigurationDelegate trace=,span= - Multiple Spring Data modules found, entering strict repository configuration mode
2026-06-15 16:50:06.844 [main] INFO  o.s.d.r.c.RepositoryConfigurationDelegate trace=,span= - Bootstrapping Spring Data Redis repositories in DEFAULT mode.
2026-06-15 16:50:06.862 [main] INFO  o.s.d.r.c.RepositoryConfigurationDelegate trace=,span= - Finished Spring Data repository scanning in 8 ms. Found 0 Redis repository interfaces.
2026-06-15 16:50:06.987 [main] INFO  o.s.i.c.DefaultConfiguringBeanFactoryPostProcessor trace=,span= - No bean named 'errorChannel' has been explicitly defined. Therefore, a default PublishSubscribeChannel will be created.
2026-06-15 16:50:06.990 [main] INFO  o.s.i.c.DefaultConfiguringBeanFactoryPostProcessor trace=,span= - No bean named 'integrationHeaderChannelRegistry' has been explicitly defined. Therefore, a default DefaultHeaderChannelRegistry will be created.
2026-06-15 16:50:07.307 [main] INFO  o.s.boot.tomcat.TomcatWebServer trace=,span= - Tomcat initialized with port 8081 (http)
2026-06-15 16:50:07.314 [main] INFO  o.a.coyote.http11.Http11NioProtocol trace=,span= - Initializing ProtocolHandler ["http-nio-8081"]
2026-06-15 16:50:07.315 [main] INFO  o.a.catalina.core.StandardService trace=,span= - Starting service [Tomcat]
2026-06-15 16:50:07.315 [main] INFO  o.a.catalina.core.StandardEngine trace=,span= - Starting Servlet engine: [Apache Tomcat/11.0.22]
2026-06-15 16:50:07.330 [main] INFO  o.s.b.w.c.s.WebApplicationContextInitializer trace=,span= - Root WebApplicationContext: initialization completed in 900 ms
2026-06-15 16:50:07.423 [main] WARN  i.n.r.d.DnsServerAddressStreamProviders trace=,span= - Can not find io.netty.resolver.dns.macos.MacOSDnsServerAddressStreamProvider in the classpath, fallback to system defaults. This may result in incorrect DNS resolutions on MacOS. Check whether you have a dependency on 'io.netty:netty-resolver-dns-native-macos'
2026-06-15 16:50:08.140 [main] INFO  o.s.i.endpoint.EventDrivenConsumer trace=,span= - Adding {logging-channel-adapter:_org.springframework.integration.errorLogger} as a subscriber to the 'errorChannel' channel
2026-06-15 16:50:08.141 [main] INFO  o.s.i.c.PublishSubscribeChannel trace=,span= - Channel 'notification-service.errorChannel' has 1 subscriber(s).
2026-06-15 16:50:08.141 [main] INFO  o.s.i.endpoint.EventDrivenConsumer trace=,span= - started bean '_org.springframework.integration.errorLogger'
2026-06-15 16:50:08.234 [main] INFO  o.a.k.common.config.AbstractConfig trace=,span= - ConsumerConfig values: 
	allow.auto.create.topics = true
	auto.commit.interval.ms = 100
	auto.offset.reset = earliest
	bootstrap.servers = [localhost:9092]
	check.crcs = true
	client.dns.lookup = use_all_dns_ips
	client.id = notification-service
	client.rack = 
	connections.max.idle.ms = 540000
	default.api.timeout.ms = 60000
	enable.auto.commit = false
	enable.metrics.push = true
	exclude.internal.topics = true
	fetch.max.bytes = 52428800
	fetch.max.wait.ms = 500
	fetch.min.bytes = 1
	group.id = notification-service-group
	group.instance.id = null
	group.protocol = classic
	group.remote.assignor = null
	heartbeat.interval.ms = 3000
	interceptor.classes = []
	internal.leave.group.on.close = true
	internal.throw.on.fetch.stable.offset.unsupported = false
	isolation.level = read_uncommitted
	key.deserializer = class org.apache.kafka.common.serialization.ByteArrayDeserializer
	max.partition.fetch.bytes = 1048576
	max.poll.interval.ms = 300000
	max.poll.records = 500
	metadata.max.age.ms = 300000
	metadata.recovery.rebootstrap.trigger.ms = 300000
	metadata.recovery.strategy = rebootstrap
	metric.reporters = [org.apache.kafka.common.metrics.JmxReporter]
	metrics.num.samples = 2
	metrics.recording.level = INFO
	metrics.sample.window.ms = 30000
	partition.assignment.strategy = [class org.apache.kafka.clients.consumer.RangeAssignor, class org.apache.kafka.clients.consumer.CooperativeStickyAssignor]
	receive.buffer.bytes = 65536
	reconnect.backoff.max.ms = 1000
	reconnect.backoff.ms = 50
	request.timeout.ms = 30000
	retry.backoff.max.ms = 1000
	retry.backoff.ms = 100
	sasl.client.callback.handler.class = null
	sasl.jaas.config = null
	sasl.kerberos.kinit.cmd = /usr/bin/kinit
	sasl.kerberos.min.time.before.relogin = 60000
	sasl.kerberos.service.name = null
	sasl.kerberos.ticket.renew.jitter = 0.05
	sasl.kerberos.ticket.renew.window.factor = 0.8
	sasl.login.callback.handler.class = null
	sasl.login.class = null
	sasl.login.connect.timeout.ms = null
	sasl.login.read.timeout.ms = null
	sasl.login.refresh.buffer.seconds = 300
	sasl.login.refresh.min.period.seconds = 60
	sasl.login.refresh.window.factor = 0.8
	sasl.login.refresh.window.jitter = 0.05
	sasl.login.retry.backoff.max.ms = 10000
	sasl.login.retry.backoff.ms = 100
	sasl.mechanism = GSSAPI
	sasl.oauthbearer.assertion.algorithm = RS256
	sasl.oauthbearer.assertion.claim.aud = null
	sasl.oauthbearer.assertion.claim.exp.seconds = 300
	sasl.oauthbearer.assertion.claim.iss = null
	sasl.oauthbearer.assertion.claim.jti.include = false
	sasl.oauthbearer.assertion.claim.nbf.seconds = 60
	sasl.oauthbearer.assertion.claim.sub = null
	sasl.oauthbearer.assertion.file = null
	sasl.oauthbearer.assertion.private.key.file = null
	sasl.oauthbearer.assertion.private.key.passphrase = null
	sasl.oauthbearer.assertion.template.file = null
	sasl.oauthbearer.client.credentials.client.id = null
	sasl.oauthbearer.client.credentials.client.secret = null
	sasl.oauthbearer.clock.skew.seconds = 30
	sasl.oauthbearer.expected.audience = null
	sasl.oauthbearer.expected.issuer = null
	sasl.oauthbearer.header.urlencode = false
	sasl.oauthbearer.jwks.endpoint.refresh.ms = 3600000
	sasl.oauthbearer.jwks.endpoint.retry.backoff.max.ms = 10000
	sasl.oauthbearer.jwks.endpoint.retry.backoff.ms = 100
	sasl.oauthbearer.jwks.endpoint.url = null
	sasl.oauthbearer.jwt.retriever.class = class org.apache.kafka.common.security.oauthbearer.DefaultJwtRetriever
	sasl.oauthbearer.jwt.validator.class = class org.apache.kafka.common.security.oauthbearer.DefaultJwtValidator
	sasl.oauthbearer.scope = null
	sasl.oauthbearer.scope.claim.name = scope
	sasl.oauthbearer.sub.claim.name = sub
	sasl.oauthbearer.token.endpoint.url = null
	security.protocol = PLAINTEXT
	security.providers = null
	send.buffer.bytes = 131072
	session.timeout.ms = 45000
	share.acknowledgement.mode = implicit
	socket.connection.setup.timeout.max.ms = 30000
	socket.connection.setup.timeout.ms = 10000
	ssl.cipher.suites = null
	ssl.enabled.protocols = [TLSv1.2, TLSv1.3]
	ssl.endpoint.identification.algorithm = https
	ssl.engine.factory.class = null
	ssl.key.password = null
	ssl.keymanager.algorithm = SunX509
	ssl.keystore.certificate.chain = null
	ssl.keystore.key = null
	ssl.keystore.location = null
	ssl.keystore.password = null
	ssl.keystore.type = JKS
	ssl.protocol = TLSv1.3
	ssl.provider = null
	ssl.secure.random.implementation = null
	ssl.trustmanager.algorithm = PKIX
	ssl.truststore.certificates = null
	ssl.truststore.location = null
	ssl.truststore.password = null
	ssl.truststore.type = JKS
	value.deserializer = class org.apache.kafka.common.serialization.ByteArrayDeserializer

2026-06-15 16:50:08.256 [main] INFO  o.a.k.c.t.i.KafkaMetricsCollector trace=,span= - initializing Kafka metrics collector
2026-06-15 16:50:08.370 [main] INFO  o.a.kafka.common.utils.AppInfoParser trace=,span= - Kafka version: 4.1.2
2026-06-15 16:50:08.370 [main] INFO  o.a.kafka.common.utils.AppInfoParser trace=,span= - Kafka commitId: c82fd9b934b4c1e6
2026-06-15 16:50:08.370 [main] INFO  o.a.kafka.common.utils.AppInfoParser trace=,span= - Kafka startTimeMs: 1781556608369
2026-06-15 16:50:08.565 [main] INFO  org.apache.kafka.clients.Metadata trace=,span= - [Consumer clientId=notification-service, groupId=notification-service-group] Cluster ID: 5L6g3nShT-eMCtK--X86sw
2026-06-15 16:50:08.567 [main] INFO  o.a.k.c.c.i.ConsumerCoordinator trace=,span= - [Consumer clientId=notification-service, groupId=notification-service-group] Resetting generation and member id due to: consumer pro-actively leaving the group
2026-06-15 16:50:08.568 [main] INFO  o.a.k.c.c.i.ConsumerCoordinator trace=,span= - [Consumer clientId=notification-service, groupId=notification-service-group] Request joining group due to: consumer pro-actively leaving the group
2026-06-15 16:50:08.570 [main] INFO  o.a.kafka.common.metrics.Metrics trace=,span= - Metrics scheduler closed
2026-06-15 16:50:08.570 [main] INFO  o.a.kafka.common.metrics.Metrics trace=,span= - Closing reporter org.apache.kafka.common.metrics.JmxReporter
2026-06-15 16:50:08.570 [main] INFO  o.a.kafka.common.metrics.Metrics trace=,span= - Closing reporter org.apache.kafka.common.telemetry.internals.ClientTelemetryReporter
2026-06-15 16:50:08.570 [main] INFO  o.a.kafka.common.metrics.Metrics trace=,span= - Metrics reporters closed
2026-06-15 16:50:08.573 [main] INFO  o.a.kafka.common.utils.AppInfoParser trace=,span= - App info kafka.consumer for notification-service unregistered
2026-06-15 16:50:08.604 [main] INFO  o.a.k.common.config.AbstractConfig trace=,span= - ConsumerConfig values: 
	allow.auto.create.topics = true
	auto.commit.interval.ms = 100
	auto.offset.reset = earliest
	bootstrap.servers = [localhost:9092]
	check.crcs = true
	client.dns.lookup = use_all_dns_ips
	client.id = notification-service-0
	client.rack = 
	connections.max.idle.ms = 540000
	default.api.timeout.ms = 60000
	enable.auto.commit = false
	enable.metrics.push = true
	exclude.internal.topics = true
	fetch.max.bytes = 52428800
	fetch.max.wait.ms = 500
	fetch.min.bytes = 1
	group.id = notification-service-group
	group.instance.id = null
	group.protocol = classic
	group.remote.assignor = null
	heartbeat.interval.ms = 3000
	interceptor.classes = []
	internal.leave.group.on.close = true
	internal.throw.on.fetch.stable.offset.unsupported = false
	isolation.level = read_uncommitted
	key.deserializer = class org.apache.kafka.common.serialization.ByteArrayDeserializer
	max.partition.fetch.bytes = 1048576
	max.poll.interval.ms = 300000
	max.poll.records = 500
	metadata.max.age.ms = 300000
	metadata.recovery.rebootstrap.trigger.ms = 300000
	metadata.recovery.strategy = rebootstrap
	metric.reporters = [org.apache.kafka.common.metrics.JmxReporter]
	metrics.num.samples = 2
	metrics.recording.level = INFO
	metrics.sample.window.ms = 30000
	partition.assignment.strategy = [class org.apache.kafka.clients.consumer.RangeAssignor, class org.apache.kafka.clients.consumer.CooperativeStickyAssignor]
	receive.buffer.bytes = 65536
	reconnect.backoff.max.ms = 1000
	reconnect.backoff.ms = 50
	request.timeout.ms = 30000
	retry.backoff.max.ms = 1000
	retry.backoff.ms = 100
	sasl.client.callback.handler.class = null
	sasl.jaas.config = null
	sasl.kerberos.kinit.cmd = /usr/bin/kinit
	sasl.kerberos.min.time.before.relogin = 60000
	sasl.kerberos.service.name = null
	sasl.kerberos.ticket.renew.jitter = 0.05
	sasl.kerberos.ticket.renew.window.factor = 0.8
	sasl.login.callback.handler.class = null
	sasl.login.class = null
	sasl.login.connect.timeout.ms = null
	sasl.login.read.timeout.ms = null
	sasl.login.refresh.buffer.seconds = 300
	sasl.login.refresh.min.period.seconds = 60
	sasl.login.refresh.window.factor = 0.8
	sasl.login.refresh.window.jitter = 0.05
	sasl.login.retry.backoff.max.ms = 10000
	sasl.login.retry.backoff.ms = 100
	sasl.mechanism = GSSAPI
	sasl.oauthbearer.assertion.algorithm = RS256
	sasl.oauthbearer.assertion.claim.aud = null
	sasl.oauthbearer.assertion.claim.exp.seconds = 300
	sasl.oauthbearer.assertion.claim.iss = null
	sasl.oauthbearer.assertion.claim.jti.include = false
	sasl.oauthbearer.assertion.claim.nbf.seconds = 60
	sasl.oauthbearer.assertion.claim.sub = null
	sasl.oauthbearer.assertion.file = null
	sasl.oauthbearer.assertion.private.key.file = null
	sasl.oauthbearer.assertion.private.key.passphrase = null
	sasl.oauthbearer.assertion.template.file = null
	sasl.oauthbearer.client.credentials.client.id = null
	sasl.oauthbearer.client.credentials.client.secret = null
	sasl.oauthbearer.clock.skew.seconds = 30
	sasl.oauthbearer.expected.audience = null
	sasl.oauthbearer.expected.issuer = null
	sasl.oauthbearer.header.urlencode = false
	sasl.oauthbearer.jwks.endpoint.refresh.ms = 3600000
	sasl.oauthbearer.jwks.endpoint.retry.backoff.max.ms = 10000
	sasl.oauthbearer.jwks.endpoint.retry.backoff.ms = 100
	sasl.oauthbearer.jwks.endpoint.url = null
	sasl.oauthbearer.jwt.retriever.class = class org.apache.kafka.common.security.oauthbearer.DefaultJwtRetriever
	sasl.oauthbearer.jwt.validator.class = class org.apache.kafka.common.security.oauthbearer.DefaultJwtValidator
	sasl.oauthbearer.scope = null
	sasl.oauthbearer.scope.claim.name = scope
	sasl.oauthbearer.sub.claim.name = sub
	sasl.oauthbearer.token.endpoint.url = null
	security.protocol = PLAINTEXT
	security.providers = null
	send.buffer.bytes = 131072
	session.timeout.ms = 45000
	share.acknowledgement.mode = implicit
	socket.connection.setup.timeout.max.ms = 30000
	socket.connection.setup.timeout.ms = 10000
	ssl.cipher.suites = null
	ssl.enabled.protocols = [TLSv1.2, TLSv1.3]
	ssl.endpoint.identification.algorithm = https
	ssl.engine.factory.class = null
	ssl.key.password = null
	ssl.keymanager.algorithm = SunX509
	ssl.keystore.certificate.chain = null
	ssl.keystore.key = null
	ssl.keystore.location = null
	ssl.keystore.password = null
	ssl.keystore.type = JKS
	ssl.protocol = TLSv1.3
	ssl.provider = null
	ssl.secure.random.implementation = null
	ssl.trustmanager.algorithm = PKIX
	ssl.truststore.certificates = null
	ssl.truststore.location = null
	ssl.truststore.password = null
	ssl.truststore.type = JKS
	value.deserializer = class org.apache.kafka.common.serialization.ByteArrayDeserializer

2026-06-15 16:50:08.604 [main] INFO  o.a.k.c.t.i.KafkaMetricsCollector trace=,span= - initializing Kafka metrics collector
2026-06-15 16:50:08.608 [main] INFO  o.a.kafka.common.utils.AppInfoParser trace=,span= - Kafka version: 4.1.2
2026-06-15 16:50:08.608 [main] INFO  o.a.kafka.common.utils.AppInfoParser trace=,span= - Kafka commitId: c82fd9b934b4c1e6
2026-06-15 16:50:08.608 [main] INFO  o.a.kafka.common.utils.AppInfoParser trace=,span= - Kafka startTimeMs: 1781556608608
2026-06-15 16:50:08.609 [main] INFO  o.a.k.c.c.i.ClassicKafkaConsumer trace=,span= - [Consumer clientId=notification-service-0, groupId=notification-service-group] Subscribed to topic(s): order-events
2026-06-15 16:50:08.612 [main] INFO  o.s.i.k.i.KafkaMessageDrivenChannelAdapter trace=,span= - started org.springframework.integration.kafka.inbound.KafkaMessageDrivenChannelAdapter@3986b9e9
2026-06-15 16:50:08.613 [main] INFO  o.a.coyote.http11.Http11NioProtocol trace=,span= - Starting ProtocolHandler ["http-nio-8081"]
2026-06-15 16:50:08.621 [main] INFO  o.s.boot.tomcat.TomcatWebServer trace=,span= - Tomcat started on port 8081 (http) with context path '/'
2026-06-15 16:50:08.624 [KafkaConsumerDestination{consumerDestinationName='order-events', partitions=0, dlqName='null'}.container-0-C-1] INFO  org.apache.kafka.clients.Metadata trace=,span= - [Consumer clientId=notification-service-0, groupId=notification-service-group] Cluster ID: 5L6g3nShT-eMCtK--X86sw
2026-06-15 16:50:08.628 [KafkaConsumerDestination{consumerDestinationName='order-events', partitions=0, dlqName='null'}.container-0-C-1] INFO  o.a.k.c.c.i.ConsumerCoordinator trace=,span= - [Consumer clientId=notification-service-0, groupId=notification-service-group] Discovered group coordinator localhost:9092 (id: 2147483646 rack: null isFenced: false)
2026-06-15 16:50:08.629 [KafkaConsumerDestination{consumerDestinationName='order-events', partitions=0, dlqName='null'}.container-0-C-1] INFO  o.a.k.c.c.i.ConsumerCoordinator trace=,span= - [Consumer clientId=notification-service-0, groupId=notification-service-group] (Re-)joining group
2026-06-15 16:50:08.635 [main] INFO  c.l.n.NotificationServiceApplication trace=,span= - Started NotificationServiceApplication in 2.643 seconds (process running for 2.98)
2026-06-15 16:50:08.651 [KafkaConsumerDestination{consumerDestinationName='order-events', partitions=0, dlqName='null'}.container-0-C-1] INFO  o.a.k.c.c.i.ConsumerCoordinator trace=,span= - [Consumer clientId=notification-service-0, groupId=notification-service-group] Request joining group due to: need to re-join with the given member-id: notification-service-0-ff281c24-f962-4bba-9af4-435db4a39d30
2026-06-15 16:50:08.651 [KafkaConsumerDestination{consumerDestinationName='order-events', partitions=0, dlqName='null'}.container-0-C-1] INFO  o.a.k.c.c.i.ConsumerCoordinator trace=,span= - [Consumer clientId=notification-service-0, groupId=notification-service-group] (Re-)joining group
2026-06-15 16:50:11.668 [KafkaConsumerDestination{consumerDestinationName='order-events', partitions=0, dlqName='null'}.container-0-C-1] INFO  o.a.k.c.c.i.ConsumerCoordinator trace=,span= - [Consumer clientId=notification-service-0, groupId=notification-service-group] Successfully joined group with generation Generation{generationId=5, memberId='notification-service-0-ff281c24-f962-4bba-9af4-435db4a39d30', protocol='range'}
2026-06-15 16:50:11.672 [KafkaConsumerDestination{consumerDestinationName='order-events', partitions=0, dlqName='null'}.container-0-C-1] INFO  o.a.k.c.c.i.ConsumerCoordinator trace=,span= - [Consumer clientId=notification-service-0, groupId=notification-service-group] Finished assignment for group at generation 5: {notification-service-0-ff281c24-f962-4bba-9af4-435db4a39d30=Assignment(partitions=[order-events-0])}
2026-06-15 16:50:11.698 [KafkaConsumerDestination{consumerDestinationName='order-events', partitions=0, dlqName='null'}.container-0-C-1] INFO  o.a.k.c.c.i.ConsumerCoordinator trace=,span= - [Consumer clientId=notification-service-0, groupId=notification-service-group] Successfully synced group in generation Generation{generationId=5, memberId='notification-service-0-ff281c24-f962-4bba-9af4-435db4a39d30', protocol='range'}
2026-06-15 16:50:11.699 [KafkaConsumerDestination{consumerDestinationName='order-events', partitions=0, dlqName='null'}.container-0-C-1] INFO  o.a.k.c.c.i.ConsumerCoordinator trace=,span= - [Consumer clientId=notification-service-0, groupId=notification-service-group] Notifying assignor about the new Assignment(partitions=[order-events-0])
2026-06-15 16:50:11.702 [KafkaConsumerDestination{consumerDestinationName='order-events', partitions=0, dlqName='null'}.container-0-C-1] INFO  o.a.k.c.c.i.ConsumerRebalanceListenerInvoker trace=,span= - [Consumer clientId=notification-service-0, groupId=notification-service-group] Adding newly assigned partitions: [order-events-0]
2026-06-15 16:50:11.712 [KafkaConsumerDestination{consumerDestinationName='order-events', partitions=0, dlqName='null'}.container-0-C-1] INFO  o.a.k.c.c.internals.ConsumerUtils trace=,span= - Setting offset for partition order-events-0 to the committed offset FetchPosition{offset=1, offsetEpoch=Optional.empty, currentLeader=LeaderAndEpoch{leader=Optional[localhost:9092 (id: 1 rack: null isFenced: false)], epoch=2}}
2026-06-15 16:50:30.677 [KafkaConsumerDestination{consumerDestinationName='order-events', partitions=0, dlqName='null'}.container-0-C-1] INFO  c.l.n.m.OrderNotificationListener trace=,span= - Received order event: OrderEventMessage[tenantId=Dzianis-Tech1-Inc, orderId=bcea0089-0b30-4b98-a3fd-940623c3795d, status=PENDING]
2026-06-15 16:50:30.677 [KafkaConsumerDestination{consumerDestinationName='order-events', partitions=0, dlqName='null'}.container-0-C-1] WARN  c.l.n.s.OrderNotificationService trace=,span= - Unknown order status 'PENDING' – skipping notification. orderId=bcea0089-0b30-4b98-a3fd-940623c3795d tenantId=Dzianis-Tech1-Inc
2026-06-15 16:50:30.678 [KafkaConsumerDestination{consumerDestinationName='order-events', partitions=0, dlqName='null'}.container-0-C-1] INFO  c.l.n.m.OrderNotificationListener trace=,span= - Order event acknowledged.
2026-06-15 16:53:32.976 [kafka-coordinator-heartbeat-thread | notification-service-group] INFO  o.a.k.c.c.i.ConsumerCoordinator trace=,span= - [Consumer clientId=notification-service-0, groupId=notification-service-group] Group coordinator localhost:9092 (id: 2147483646 rack: null isFenced: false) is unavailable or invalid due to cause: session timed out without receiving a heartbeat response. isDisconnected: false. Rediscovery will be attempted.
2026-06-15 16:53:32.978 [kafka-coordinator-heartbeat-thread | notification-service-group] INFO  o.a.k.c.c.i.ConsumerCoordinator trace=,span= - [Consumer clientId=notification-service-0, groupId=notification-service-group] Requesting disconnect from last known coordinator localhost:9092 (id: 2147483646 rack: null isFenced: false)
2026-06-15 16:53:32.979 [kafka-coordinator-heartbeat-thread | notification-service-group] INFO  o.apache.kafka.clients.NetworkClient trace=,span= - [Consumer clientId=notification-service-0, groupId=notification-service-group] Client requested disconnect from node 2147483646
2026-06-15 16:53:32.989 [KafkaConsumerDestination{consumerDestinationName='order-events', partitions=0, dlqName='null'}.container-0-C-1] INFO  o.a.k.c.c.i.ConsumerCoordinator trace=,span= - [Consumer clientId=notification-service-0, groupId=notification-service-group] Discovered group coordinator localhost:9092 (id: 2147483646 rack: null isFenced: false)
2026-06-15 16:53:32.990 [KafkaConsumerDestination{consumerDestinationName='order-events', partitions=0, dlqName='null'}.container-0-C-1] INFO  o.a.k.c.c.i.ConsumerCoordinator trace=,span= - [Consumer clientId=notification-service-0, groupId=notification-service-group] Group coordinator localhost:9092 (id: 2147483646 rack: null isFenced: false) is unavailable or invalid due to cause: coordinator unavailable. isDisconnected: false. Rediscovery will be attempted.
2026-06-15 16:53:32.991 [KafkaConsumerDestination{consumerDestinationName='order-events', partitions=0, dlqName='null'}.container-0-C-1] INFO  o.a.k.c.c.i.ConsumerCoordinator trace=,span= - [Consumer clientId=notification-service-0, groupId=notification-service-group] Requesting disconnect from last known coordinator localhost:9092 (id: 2147483646 rack: null isFenced: false)
2026-06-15 16:53:33.104 [KafkaConsumerDestination{consumerDestinationName='order-events', partitions=0, dlqName='null'}.container-0-C-1] INFO  o.a.k.c.c.i.ConsumerCoordinator trace=,span= - [Consumer clientId=notification-service-0, groupId=notification-service-group] Discovered group coordinator localhost:9092 (id: 2147483646 rack: null isFenced: false)
2026-06-15 17:02:29.219 [KafkaConsumerDestination{consumerDestinationName='order-events', partitions=0, dlqName='null'}.container-0-C-1] INFO  c.l.n.m.OrderNotificationListener trace=,span= - Received order event: OrderEventMessage[tenantId=Dzianis-Tech1-Inc, orderId=4f42586f-e939-46db-ade9-74b05cd96858, status=CREATED]
2026-06-15 17:02:29.504 [KafkaConsumerDestination{consumerDestinationName='order-events', partitions=0, dlqName='null'}.container-0-C-1] DEBUG c.l.n.cache.OrderRedisCacheService trace=,span= - Order is not present in cache: tenantId=Dzianis-Tech1-Inc, orderId=4f42586f-e939-46db-ade9-74b05cd96858
2026-06-15 17:02:29.505 [KafkaConsumerDestination{consumerDestinationName='order-events', partitions=0, dlqName='null'}.container-0-C-1] DEBUG c.l.n.s.OrderNotificationService trace=,span= - Order not found in cache, using fallback to db stub | orderId=4f42586f-e939-46db-ade9-74b05cd96858
2026-06-15 17:02:29.505 [KafkaConsumerDestination{consumerDestinationName='order-events', partitions=0, dlqName='null'}.container-0-C-1] INFO  c.l.n.s.OrderNotificationService trace=,span= - Triggering order receipt notification | orderId=4f42586f-e939-46db-ade9-74b05cd96858 status=CREATED
2026-06-15 17:02:29.505 [KafkaConsumerDestination{consumerDestinationName='order-events', partitions=0, dlqName='null'}.container-0-C-1] DEBUG c.l.n.s.OrderReceiptNotificationService trace=,span= - Order receipt notification | tenantId=Dzianis-Tech1-Inc orderId=4f42586f-e939-46db-ade9-74b05cd96858 status=CREATED message='Order receipt: Your order '4f42586f-e939-46db-ade9-74b05cd96858' has been created. Thank you for choosing us!'
2026-06-15 17:02:29.505 [KafkaConsumerDestination{consumerDestinationName='order-events', partitions=0, dlqName='null'}.container-0-C-1] ERROR c.l.n.m.OrderNotificationListener trace=,span= - Error processing order event
java.lang.NullPointerException: Cannot invoke "com.loadup.notification.dto.Customer.getCommunicationPreference()" because the return value of "com.loadup.notification.dto.Order.getCustomer()" is null
	at com.loadup.notification.service.OrderReceiptNotificationService.notify(OrderReceiptNotificationService.java:33)
	at com.loadup.notification.service.OrderNotificationService.process(OrderNotificationService.java:50)
	at com.loadup.notification.messaging.OrderNotificationListener.lambda$orderUpdateConsumer$0(OrderNotificationListener.java:30)
	at org.springframework.cloud.function.context.catalog.SimpleFunctionRegistry$FunctionInvocationWrapper.invokeConsumer(SimpleFunctionRegistry.java:1129)
	at org.springframework.cloud.function.context.catalog.SimpleFunctionRegistry$FunctionInvocationWrapper.doApply(SimpleFunctionRegistry.java:829)
	at org.springframework.cloud.function.context.catalog.SimpleFunctionRegistry$FunctionInvocationWrapper.apply(SimpleFunctionRegistry.java:656)
	at org.springframework.cloud.stream.function.PartitionAwareFunctionWrapper.apply(PartitionAwareFunctionWrapper.java:92)
	at org.springframework.cloud.stream.function.FunctionConfiguration$FunctionWrapper.apply(FunctionConfiguration.java:830)
	at org.springframework.cloud.stream.function.FunctionConfiguration$FunctionToDestinationBinder$1.handleMessageInternal(FunctionConfiguration.java:668)
	at org.springframework.integration.handler.AbstractMessageHandler.doHandleMessage(AbstractMessageHandler.java:102)
	at org.springframework.integration.handler.AbstractMessageHandler.handleMessage(AbstractMessageHandler.java:70)
	at org.springframework.integration.dispatcher.AbstractDispatcher.tryOptimizedDispatch(AbstractDispatcher.java:133)
	at org.springframework.integration.dispatcher.UnicastingDispatcher.doDispatch(UnicastingDispatcher.java:150)
	at org.springframework.integration.dispatcher.UnicastingDispatcher.dispatch(UnicastingDispatcher.java:123)
	at org.springframework.integration.channel.AbstractSubscribableChannel.doSend(AbstractSubscribableChannel.java:72)
	at org.springframework.integration.channel.AbstractMessageChannel.sendInternal(AbstractMessageChannel.java:438)
	at org.springframework.integration.channel.AbstractMessageChannel.send(AbstractMessageChannel.java:341)
	at org.springframework.integration.channel.AbstractMessageChannel.send(AbstractMessageChannel.java:310)
	at org.springframework.messaging.core.GenericMessagingTemplate.doSend(GenericMessagingTemplate.java:187)
	at org.springframework.messaging.core.GenericMessagingTemplate.doSend(GenericMessagingTemplate.java:166)
	at org.springframework.messaging.core.GenericMessagingTemplate.doSend(GenericMessagingTemplate.java:47)
	at org.springframework.messaging.core.AbstractMessageSendingTemplate.send(AbstractMessageSendingTemplate.java:108)
	at org.springframework.integration.endpoint.MessageProducerSupport.sendMessageWithTracking(MessageProducerSupport.java:278)
	at org.springframework.integration.endpoint.MessageProducerSupport.sendMessage(MessageProducerSupport.java:267)
	at org.springframework.integration.kafka.inbound.KafkaMessageDrivenChannelAdapter.doSendMessage(KafkaMessageDrivenChannelAdapter.java:402)
	at org.springframework.integration.kafka.inbound.KafkaMessageDrivenChannelAdapter$IntegrationRecordMessageListener.lambda$onMessage$0(KafkaMessageDrivenChannelAdapter.java:467)
	at org.springframework.integration.kafka.inbound.KafkaInboundEndpoint.lambda$doWithRetry$0(KafkaInboundEndpoint.java:83)
	at org.springframework.core.retry.RetryTemplate.execute(RetryTemplate.java:135)
	at org.springframework.integration.kafka.inbound.KafkaInboundEndpoint.doWithRetry(KafkaInboundEndpoint.java:81)
	at org.springframework.integration.kafka.inbound.KafkaMessageDrivenChannelAdapter$IntegrationRecordMessageListener.onMessage(KafkaMessageDrivenChannelAdapter.java:464)
	at org.springframework.integration.kafka.inbound.KafkaMessageDrivenChannelAdapter$IntegrationRecordMessageListener.onMessage(KafkaMessageDrivenChannelAdapter.java:428)
	at org.springframework.kafka.listener.KafkaMessageListenerContainer$ListenerConsumer.doInvokeOnMessage(KafkaMessageListenerContainer.java:2948)
	at org.springframework.kafka.listener.KafkaMessageListenerContainer$ListenerConsumer.invokeOnMessage(KafkaMessageListenerContainer.java:2927)
	at org.springframework.kafka.listener.KafkaMessageListenerContainer$ListenerConsumer.doInvokeRecordListener(KafkaMessageListenerContainer.java:2837)
	at org.springframework.kafka.listener.KafkaMessageListenerContainer$ListenerConsumer.doInvokeWithRecords(KafkaMessageListenerContainer.java:2679)
	at org.springframework.kafka.listener.KafkaMessageListenerContainer$ListenerConsumer.invokeRecordListener(KafkaMessageListenerContainer.java:2573)
	at org.springframework.kafka.listener.KafkaMessageListenerContainer$ListenerConsumer.invokeListener(KafkaMessageListenerContainer.java:2204)
	at org.springframework.kafka.listener.KafkaMessageListenerContainer$ListenerConsumer.invokeIfHaveRecords(KafkaMessageListenerContainer.java:1559)
	at org.springframework.kafka.listener.KafkaMessageListenerContainer$ListenerConsumer.pollAndInvoke(KafkaMessageListenerContainer.java:1499)
	at org.springframework.kafka.listener.KafkaMessageListenerContainer$ListenerConsumer.run(KafkaMessageListenerContainer.java:1368)
	at java.base/java.util.concurrent.CompletableFuture$AsyncRun.run(CompletableFuture.java:1825)
	at java.base/java.lang.Thread.run(Thread.java:1474)
2026-06-15 17:02:30.521 [KafkaConsumerDestination{consumerDestinationName='order-events', partitions=0, dlqName='null'}.container-0-C-1] INFO  c.l.n.m.OrderNotificationListener trace=,span= - Received order event: OrderEventMessage[tenantId=Dzianis-Tech1-Inc, orderId=4f42586f-e939-46db-ade9-74b05cd96858, status=CREATED]
2026-06-15 17:02:30.523 [KafkaConsumerDestination{consumerDestinationName='order-events', partitions=0, dlqName='null'}.container-0-C-1] DEBUG c.l.n.cache.OrderRedisCacheService trace=,span= - Order is not present in cache: tenantId=Dzianis-Tech1-Inc, orderId=4f42586f-e939-46db-ade9-74b05cd96858
2026-06-15 17:02:30.523 [KafkaConsumerDestination{consumerDestinationName='order-events', partitions=0, dlqName='null'}.container-0-C-1] DEBUG c.l.n.s.OrderNotificationService trace=,span= - Order not found in cache, using fallback to db stub | orderId=4f42586f-e939-46db-ade9-74b05cd96858
2026-06-15 17:02:30.523 [KafkaConsumerDestination{consumerDestinationName='order-events', partitions=0, dlqName='null'}.container-0-C-1] INFO  c.l.n.s.OrderNotificationService trace=,span= - Triggering order receipt notification | orderId=4f42586f-e939-46db-ade9-74b05cd96858 status=CREATED
2026-06-15 17:02:30.523 [KafkaConsumerDestination{consumerDestinationName='order-events', partitions=0, dlqName='null'}.container-0-C-1] DEBUG c.l.n.s.OrderReceiptNotificationService trace=,span= - Order receipt notification | tenantId=Dzianis-Tech1-Inc orderId=4f42586f-e939-46db-ade9-74b05cd96858 status=CREATED message='Order receipt: Your order '4f42586f-e939-46db-ade9-74b05cd96858' has been created. Thank you for choosing us!'
2026-06-15 17:02:30.523 [KafkaConsumerDestination{consumerDestinationName='order-events', partitions=0, dlqName='null'}.container-0-C-1] ERROR c.l.n.m.OrderNotificationListener trace=,span= - Error processing order event
java.lang.NullPointerException: Cannot invoke "com.loadup.notification.dto.Customer.getCommunicationPreference()" because the return value of "com.loadup.notification.dto.Order.getCustomer()" is null
	at com.loadup.notification.service.OrderReceiptNotificationService.notify(OrderReceiptNotificationService.java:33)
	at com.loadup.notification.service.OrderNotificationService.process(OrderNotificationService.java:50)
	at com.loadup.notification.messaging.OrderNotificationListener.lambda$orderUpdateConsumer$0(OrderNotificationListener.java:30)
	at org.springframework.cloud.function.context.catalog.SimpleFunctionRegistry$FunctionInvocationWrapper.invokeConsumer(SimpleFunctionRegistry.java:1129)
	at org.springframework.cloud.function.context.catalog.SimpleFunctionRegistry$FunctionInvocationWrapper.doApply(SimpleFunctionRegistry.java:829)
	at org.springframework.cloud.function.context.catalog.SimpleFunctionRegistry$FunctionInvocationWrapper.apply(SimpleFunctionRegistry.java:656)
	at org.springframework.cloud.stream.function.PartitionAwareFunctionWrapper.apply(PartitionAwareFunctionWrapper.java:92)
	at org.springframework.cloud.stream.function.FunctionConfiguration$FunctionWrapper.apply(FunctionConfiguration.java:830)
	at org.springframework.cloud.stream.function.FunctionConfiguration$FunctionToDestinationBinder$1.handleMessageInternal(FunctionConfiguration.java:668)
	at org.springframework.integration.handler.AbstractMessageHandler.doHandleMessage(AbstractMessageHandler.java:102)
	at org.springframework.integration.handler.AbstractMessageHandler.handleMessage(AbstractMessageHandler.java:70)
	at org.springframework.integration.dispatcher.AbstractDispatcher.tryOptimizedDispatch(AbstractDispatcher.java:133)
	at org.springframework.integration.dispatcher.UnicastingDispatcher.doDispatch(UnicastingDispatcher.java:150)
	at org.springframework.integration.dispatcher.UnicastingDispatcher.dispatch(UnicastingDispatcher.java:123)
	at org.springframework.integration.channel.AbstractSubscribableChannel.doSend(AbstractSubscribableChannel.java:72)
	at org.springframework.integration.channel.AbstractMessageChannel.sendInternal(AbstractMessageChannel.java:438)
	at org.springframework.integration.channel.AbstractMessageChannel.send(AbstractMessageChannel.java:341)
	at org.springframework.integration.channel.AbstractMessageChannel.send(AbstractMessageChannel.java:310)
	at org.springframework.messaging.core.GenericMessagingTemplate.doSend(GenericMessagingTemplate.java:187)
	at org.springframework.messaging.core.GenericMessagingTemplate.doSend(GenericMessagingTemplate.java:166)
	at org.springframework.messaging.core.GenericMessagingTemplate.doSend(GenericMessagingTemplate.java:47)
	at org.springframework.messaging.core.AbstractMessageSendingTemplate.send(AbstractMessageSendingTemplate.java:108)
	at org.springframework.integration.endpoint.MessageProducerSupport.sendMessageWithTracking(MessageProducerSupport.java:278)
	at org.springframework.integration.endpoint.MessageProducerSupport.sendMessage(MessageProducerSupport.java:267)
	at org.springframework.integration.kafka.inbound.KafkaMessageDrivenChannelAdapter.doSendMessage(KafkaMessageDrivenChannelAdapter.java:402)
	at org.springframework.integration.kafka.inbound.KafkaMessageDrivenChannelAdapter$IntegrationRecordMessageListener.lambda$onMessage$0(KafkaMessageDrivenChannelAdapter.java:467)
	at org.springframework.integration.kafka.inbound.KafkaInboundEndpoint.lambda$doWithRetry$0(KafkaInboundEndpoint.java:83)
	at org.springframework.core.retry.RetryTemplate.execute(RetryTemplate.java:174)
	at org.springframework.integration.kafka.inbound.KafkaInboundEndpoint.doWithRetry(KafkaInboundEndpoint.java:81)
	at org.springframework.integration.kafka.inbound.KafkaMessageDrivenChannelAdapter$IntegrationRecordMessageListener.onMessage(KafkaMessageDrivenChannelAdapter.java:464)
	at org.springframework.integration.kafka.inbound.KafkaMessageDrivenChannelAdapter$IntegrationRecordMessageListener.onMessage(KafkaMessageDrivenChannelAdapter.java:428)
	at org.springframework.kafka.listener.KafkaMessageListenerContainer$ListenerConsumer.doInvokeOnMessage(KafkaMessageListenerContainer.java:2948)
	at org.springframework.kafka.listener.KafkaMessageListenerContainer$ListenerConsumer.invokeOnMessage(KafkaMessageListenerContainer.java:2927)
	at org.springframework.kafka.listener.KafkaMessageListenerContainer$ListenerConsumer.doInvokeRecordListener(KafkaMessageListenerContainer.java:2837)
	at org.springframework.kafka.listener.KafkaMessageListenerContainer$ListenerConsumer.doInvokeWithRecords(KafkaMessageListenerContainer.java:2679)
	at org.springframework.kafka.listener.KafkaMessageListenerContainer$ListenerConsumer.invokeRecordListener(KafkaMessageListenerContainer.java:2573)
	at org.springframework.kafka.listener.KafkaMessageListenerContainer$ListenerConsumer.invokeListener(KafkaMessageListenerContainer.java:2204)
	at org.springframework.kafka.listener.KafkaMessageListenerContainer$ListenerConsumer.invokeIfHaveRecords(KafkaMessageListenerContainer.java:1559)
	at org.springframework.kafka.listener.KafkaMessageListenerContainer$ListenerConsumer.pollAndInvoke(KafkaMessageListenerContainer.java:1499)
	at org.springframework.kafka.listener.KafkaMessageListenerContainer$ListenerConsumer.run(KafkaMessageListenerContainer.java:1368)
	at java.base/java.util.concurrent.CompletableFuture$AsyncRun.run(CompletableFuture.java:1825)
	at java.base/java.lang.Thread.run(Thread.java:1474)
2026-06-15 17:02:32.527 [KafkaConsumerDestination{consumerDestinationName='order-events', partitions=0, dlqName='null'}.container-0-C-1] INFO  c.l.n.m.OrderNotificationListener trace=,span= - Received order event: OrderEventMessage[tenantId=Dzianis-Tech1-Inc, orderId=4f42586f-e939-46db-ade9-74b05cd96858, status=CREATED]
2026-06-15 17:02:32.533 [KafkaConsumerDestination{consumerDestinationName='order-events', partitions=0, dlqName='null'}.container-0-C-1] DEBUG c.l.n.cache.OrderRedisCacheService trace=,span= - Order is not present in cache: tenantId=Dzianis-Tech1-Inc, orderId=4f42586f-e939-46db-ade9-74b05cd96858
2026-06-15 17:02:32.533 [KafkaConsumerDestination{consumerDestinationName='order-events', partitions=0, dlqName='null'}.container-0-C-1] DEBUG c.l.n.s.OrderNotificationService trace=,span= - Order not found in cache, using fallback to db stub | orderId=4f42586f-e939-46db-ade9-74b05cd96858
2026-06-15 17:02:32.533 [KafkaConsumerDestination{consumerDestinationName='order-events', partitions=0, dlqName='null'}.container-0-C-1] INFO  c.l.n.s.OrderNotificationService trace=,span= - Triggering order receipt notification | orderId=4f42586f-e939-46db-ade9-74b05cd96858 status=CREATED
2026-06-15 17:02:32.534 [KafkaConsumerDestination{consumerDestinationName='order-events', partitions=0, dlqName='null'}.container-0-C-1] DEBUG c.l.n.s.OrderReceiptNotificationService trace=,span= - Order receipt notification | tenantId=Dzianis-Tech1-Inc orderId=4f42586f-e939-46db-ade9-74b05cd96858 status=CREATED message='Order receipt: Your order '4f42586f-e939-46db-ade9-74b05cd96858' has been created. Thank you for choosing us!'
2026-06-15 17:02:32.535 [KafkaConsumerDestination{consumerDestinationName='order-events', partitions=0, dlqName='null'}.container-0-C-1] ERROR c.l.n.m.OrderNotificationListener trace=,span= - Error processing order event
java.lang.NullPointerException: Cannot invoke "com.loadup.notification.dto.Customer.getCommunicationPreference()" because the return value of "com.loadup.notification.dto.Order.getCustomer()" is null
	at com.loadup.notification.service.OrderReceiptNotificationService.notify(OrderReceiptNotificationService.java:33)
	at com.loadup.notification.service.OrderNotificationService.process(OrderNotificationService.java:50)
	at com.loadup.notification.messaging.OrderNotificationListener.lambda$orderUpdateConsumer$0(OrderNotificationListener.java:30)
	at org.springframework.cloud.function.context.catalog.SimpleFunctionRegistry$FunctionInvocationWrapper.invokeConsumer(SimpleFunctionRegistry.java:1129)
	at org.springframework.cloud.function.context.catalog.SimpleFunctionRegistry$FunctionInvocationWrapper.doApply(SimpleFunctionRegistry.java:829)
	at org.springframework.cloud.function.context.catalog.SimpleFunctionRegistry$FunctionInvocationWrapper.apply(SimpleFunctionRegistry.java:656)
	at org.springframework.cloud.stream.function.PartitionAwareFunctionWrapper.apply(PartitionAwareFunctionWrapper.java:92)
	at org.springframework.cloud.stream.function.FunctionConfiguration$FunctionWrapper.apply(FunctionConfiguration.java:830)
	at org.springframework.cloud.stream.function.FunctionConfiguration$FunctionToDestinationBinder$1.handleMessageInternal(FunctionConfiguration.java:668)
	at org.springframework.integration.handler.AbstractMessageHandler.doHandleMessage(AbstractMessageHandler.java:102)
	at org.springframework.integration.handler.AbstractMessageHandler.handleMessage(AbstractMessageHandler.java:70)
	at org.springframework.integration.dispatcher.AbstractDispatcher.tryOptimizedDispatch(AbstractDispatcher.java:133)
	at org.springframework.integration.dispatcher.UnicastingDispatcher.doDispatch(UnicastingDispatcher.java:150)
	at org.springframework.integration.dispatcher.UnicastingDispatcher.dispatch(UnicastingDispatcher.java:123)
	at org.springframework.integration.channel.AbstractSubscribableChannel.doSend(AbstractSubscribableChannel.java:72)
	at org.springframework.integration.channel.AbstractMessageChannel.sendInternal(AbstractMessageChannel.java:438)
	at org.springframework.integration.channel.AbstractMessageChannel.send(AbstractMessageChannel.java:341)
	at org.springframework.integration.channel.AbstractMessageChannel.send(AbstractMessageChannel.java:310)
	at org.springframework.messaging.core.GenericMessagingTemplate.doSend(GenericMessagingTemplate.java:187)
	at org.springframework.messaging.core.GenericMessagingTemplate.doSend(GenericMessagingTemplate.java:166)
	at org.springframework.messaging.core.GenericMessagingTemplate.doSend(GenericMessagingTemplate.java:47)
	at org.springframework.messaging.core.AbstractMessageSendingTemplate.send(AbstractMessageSendingTemplate.java:108)
	at org.springframework.integration.endpoint.MessageProducerSupport.sendMessageWithTracking(MessageProducerSupport.java:278)
	at org.springframework.integration.endpoint.MessageProducerSupport.sendMessage(MessageProducerSupport.java:267)
	at org.springframework.integration.kafka.inbound.KafkaMessageDrivenChannelAdapter.doSendMessage(KafkaMessageDrivenChannelAdapter.java:402)
	at org.springframework.integration.kafka.inbound.KafkaMessageDrivenChannelAdapter$IntegrationRecordMessageListener.lambda$onMessage$0(KafkaMessageDrivenChannelAdapter.java:467)
	at org.springframework.integration.kafka.inbound.KafkaInboundEndpoint.lambda$doWithRetry$0(KafkaInboundEndpoint.java:83)
	at org.springframework.core.retry.RetryTemplate.execute(RetryTemplate.java:174)
	at org.springframework.integration.kafka.inbound.KafkaInboundEndpoint.doWithRetry(KafkaInboundEndpoint.java:81)
	at org.springframework.integration.kafka.inbound.KafkaMessageDrivenChannelAdapter$IntegrationRecordMessageListener.onMessage(KafkaMessageDrivenChannelAdapter.java:464)
	at org.springframework.integration.kafka.inbound.KafkaMessageDrivenChannelAdapter$IntegrationRecordMessageListener.onMessage(KafkaMessageDrivenChannelAdapter.java:428)
	at org.springframework.kafka.listener.KafkaMessageListenerContainer$ListenerConsumer.doInvokeOnMessage(KafkaMessageListenerContainer.java:2948)
	at org.springframework.kafka.listener.KafkaMessageListenerContainer$ListenerConsumer.invokeOnMessage(KafkaMessageListenerContainer.java:2927)
	at org.springframework.kafka.listener.KafkaMessageListenerContainer$ListenerConsumer.doInvokeRecordListener(KafkaMessageListenerContainer.java:2837)
	at org.springframework.kafka.listener.KafkaMessageListenerContainer$ListenerConsumer.doInvokeWithRecords(KafkaMessageListenerContainer.java:2679)
	at org.springframework.kafka.listener.KafkaMessageListenerContainer$ListenerConsumer.invokeRecordListener(KafkaMessageListenerContainer.java:2573)
	at org.springframework.kafka.listener.KafkaMessageListenerContainer$ListenerConsumer.invokeListener(KafkaMessageListenerContainer.java:2204)
	at org.springframework.kafka.listener.KafkaMessageListenerContainer$ListenerConsumer.invokeIfHaveRecords(KafkaMessageListenerContainer.java:1559)
	at org.springframework.kafka.listener.KafkaMessageListenerContainer$ListenerConsumer.pollAndInvoke(KafkaMessageListenerContainer.java:1499)
	at org.springframework.kafka.listener.KafkaMessageListenerContainer$ListenerConsumer.run(KafkaMessageListenerContainer.java:1368)
	at java.base/java.util.concurrent.CompletableFuture$AsyncRun.run(CompletableFuture.java:1825)
	at java.base/java.lang.Thread.run(Thread.java:1474)
2026-06-15 17:02:32.560 [KafkaConsumerDestination{consumerDestinationName='order-events', partitions=0, dlqName='null'}.container-0-C-1] ERROR o.s.i.handler.LoggingHandler trace=,span= - org.springframework.messaging.MessagingException: Retry policy for operation 'org.springframework.integration.kafka.inbound.KafkaInboundEndpoint$$Lambda/0x000000f8019358f0' exhausted; aborting execution
	at org.springframework.integration.core.ErrorMessagePublisher.determinePayload(ErrorMessagePublisher.java:186)
	at org.springframework.integration.core.ErrorMessagePublisher.publish(ErrorMessagePublisher.java:162)
	at org.springframework.integration.handler.advice.ErrorMessageSendingRecoverer.recover(ErrorMessageSendingRecoverer.java:79)
	at org.springframework.integration.kafka.inbound.KafkaInboundEndpoint.doWithRetry(KafkaInboundEndpoint.java:94)
	at org.springframework.integration.kafka.inbound.KafkaMessageDrivenChannelAdapter$IntegrationRecordMessageListener.onMessage(KafkaMessageDrivenChannelAdapter.java:464)
	at org.springframework.integration.kafka.inbound.KafkaMessageDrivenChannelAdapter$IntegrationRecordMessageListener.onMessage(KafkaMessageDrivenChannelAdapter.java:428)
	at org.springframework.kafka.listener.KafkaMessageListenerContainer$ListenerConsumer.doInvokeOnMessage(KafkaMessageListenerContainer.java:2948)
	at org.springframework.kafka.listener.KafkaMessageListenerContainer$ListenerConsumer.invokeOnMessage(KafkaMessageListenerContainer.java:2927)
	at org.springframework.kafka.listener.KafkaMessageListenerContainer$ListenerConsumer.doInvokeRecordListener(KafkaMessageListenerContainer.java:2837)
	at org.springframework.kafka.listener.KafkaMessageListenerContainer$ListenerConsumer.doInvokeWithRecords(KafkaMessageListenerContainer.java:2679)
	at org.springframework.kafka.listener.KafkaMessageListenerContainer$ListenerConsumer.invokeRecordListener(KafkaMessageListenerContainer.java:2573)
	at org.springframework.kafka.listener.KafkaMessageListenerContainer$ListenerConsumer.invokeListener(KafkaMessageListenerContainer.java:2204)
	at org.springframework.kafka.listener.KafkaMessageListenerContainer$ListenerConsumer.invokeIfHaveRecords(KafkaMessageListenerContainer.java:1559)
	at org.springframework.kafka.listener.KafkaMessageListenerContainer$ListenerConsumer.pollAndInvoke(KafkaMessageListenerContainer.java:1499)
	at org.springframework.kafka.listener.KafkaMessageListenerContainer$ListenerConsumer.run(KafkaMessageListenerContainer.java:1368)
	at java.base/java.util.concurrent.CompletableFuture$AsyncRun.run(CompletableFuture.java:1825)
	at java.base/java.lang.Thread.run(Thread.java:1474)
Caused by: org.springframework.core.retry.RetryException: Retry policy for operation 'org.springframework.integration.kafka.inbound.KafkaInboundEndpoint$$Lambda/0x000000f8019358f0' exhausted; aborting execution
	at org.springframework.core.retry.RetryTemplate.execute(RetryTemplate.java:197)
	at org.springframework.integration.kafka.inbound.KafkaInboundEndpoint.doWithRetry(KafkaInboundEndpoint.java:81)
	... 13 more
	Suppressed: org.springframework.messaging.MessageHandlingException: error occurred in message handler [org.springframework.cloud.stream.function.FunctionConfiguration$FunctionToDestinationBinder$1@7ecd441d], failedMessage=GenericMessage [payload=byte[100], headers={deliveryAttempt=3, kafka_timestampType=CREATE_TIME, kafka_receivedMessageKey=[B@357609f0, kafka_receivedTopic=order-events, kafka_offset=2, scst_nativeHeadersPresent=true, traceparent=00-544286eca1f03d3829517c52dc89fca1-b44eade6a2752559-00, kafka_consumer=org.springframework.kafka.core.DefaultKafkaConsumerFactory$ExtendedKafkaConsumer@5a75068c, kafka_receivedPartitionId=0, contentType=application/json, kafka_receivedTimestamp=1781557349160, kafka_acknowledgment=Acknowledgment for order-events-0@2, kafka_groupId=notification-service-group}]
		at org.springframework.integration.support.utils.IntegrationUtils.wrapInHandlingExceptionIfNecessary(IntegrationUtils.java:190)
		at org.springframework.integration.handler.AbstractMessageHandler.doHandleMessage(AbstractMessageHandler.java:105)
		at org.springframework.integration.handler.AbstractMessageHandler.handleMessage(AbstractMessageHandler.java:70)
		at org.springframework.integration.dispatcher.AbstractDispatcher.tryOptimizedDispatch(AbstractDispatcher.java:133)
		at org.springframework.integration.dispatcher.UnicastingDispatcher.doDispatch(UnicastingDispatcher.java:150)
		at org.springframework.integration.dispatcher.UnicastingDispatcher.dispatch(UnicastingDispatcher.java:123)
		at org.springframework.integration.channel.AbstractSubscribableChannel.doSend(AbstractSubscribableChannel.java:72)
		at org.springframework.integration.channel.AbstractMessageChannel.sendInternal(AbstractMessageChannel.java:438)
		at org.springframework.integration.channel.AbstractMessageChannel.send(AbstractMessageChannel.java:341)
		at org.springframework.integration.channel.AbstractMessageChannel.send(AbstractMessageChannel.java:310)
		at org.springframework.messaging.core.GenericMessagingTemplate.doSend(GenericMessagingTemplate.java:187)
		at org.springframework.messaging.core.GenericMessagingTemplate.doSend(GenericMessagingTemplate.java:166)
		at org.springframework.messaging.core.GenericMessagingTemplate.doSend(GenericMessagingTemplate.java:47)
		at org.springframework.messaging.core.AbstractMessageSendingTemplate.send(AbstractMessageSendingTemplate.java:108)
		at org.springframework.integration.endpoint.MessageProducerSupport.sendMessageWithTracking(MessageProducerSupport.java:278)
		at org.springframework.integration.endpoint.MessageProducerSupport.sendMessage(MessageProducerSupport.java:267)
		at org.springframework.integration.kafka.inbound.KafkaMessageDrivenChannelAdapter.doSendMessage(KafkaMessageDrivenChannelAdapter.java:402)
		at org.springframework.integration.kafka.inbound.KafkaMessageDrivenChannelAdapter$IntegrationRecordMessageListener.lambda$onMessage$0(KafkaMessageDrivenChannelAdapter.java:467)
		at org.springframework.integration.kafka.inbound.KafkaInboundEndpoint.lambda$doWithRetry$0(KafkaInboundEndpoint.java:83)
		at org.springframework.core.retry.RetryTemplate.execute(RetryTemplate.java:135)
		... 14 more
	Caused by: java.lang.RuntimeException: Failed to process order event
		at com.loadup.notification.messaging.OrderNotificationListener.lambda$orderUpdateConsumer$0(OrderNotificationListener.java:41)
		at org.springframework.cloud.function.context.catalog.SimpleFunctionRegistry$FunctionInvocationWrapper.invokeConsumer(SimpleFunctionRegistry.java:1129)
		at org.springframework.cloud.function.context.catalog.SimpleFunctionRegistry$FunctionInvocationWrapper.doApply(SimpleFunctionRegistry.java:829)
		at org.springframework.cloud.function.context.catalog.SimpleFunctionRegistry$FunctionInvocationWrapper.apply(SimpleFunctionRegistry.java:656)
		at org.springframework.cloud.stream.function.PartitionAwareFunctionWrapper.apply(PartitionAwareFunctionWrapper.java:92)
		at org.springframework.cloud.stream.function.FunctionConfiguration$FunctionWrapper.apply(FunctionConfiguration.java:830)
		at org.springframework.cloud.stream.function.FunctionConfiguration$FunctionToDestinationBinder$1.handleMessageInternal(FunctionConfiguration.java:668)
		at org.springframework.integration.handler.AbstractMessageHandler.doHandleMessage(AbstractMessageHandler.java:102)
		... 32 more
	Caused by: java.lang.NullPointerException: Cannot invoke "com.loadup.notification.dto.Customer.getCommunicationPreference()" because the return value of "com.loadup.notification.dto.Order.getCustomer()" is null
		at com.loadup.notification.service.OrderReceiptNotificationService.notify(OrderReceiptNotificationService.java:33)
		at com.loadup.notification.service.OrderNotificationService.process(OrderNotificationService.java:50)
		at com.loadup.notification.messaging.OrderNotificationListener.lambda$orderUpdateConsumer$0(OrderNotificationListener.java:30)
		... 39 more
	Suppressed: org.springframework.messaging.MessageHandlingException: error occurred in message handler [org.springframework.cloud.stream.function.FunctionConfiguration$FunctionToDestinationBinder$1@7ecd441d], failedMessage=GenericMessage [payload=byte[100], headers={deliveryAttempt=3, kafka_timestampType=CREATE_TIME, kafka_receivedMessageKey=[B@357609f0, kafka_receivedTopic=order-events, kafka_offset=2, scst_nativeHeadersPresent=true, traceparent=00-544286eca1f03d3829517c52dc89fca1-b44eade6a2752559-00, kafka_consumer=org.springframework.kafka.core.DefaultKafkaConsumerFactory$ExtendedKafkaConsumer@5a75068c, kafka_receivedPartitionId=0, contentType=application/json, kafka_receivedTimestamp=1781557349160, kafka_acknowledgment=Acknowledgment for order-events-0@2, kafka_groupId=notification-service-group}]
		at org.springframework.integration.support.utils.IntegrationUtils.wrapInHandlingExceptionIfNecessary(IntegrationUtils.java:190)
		at org.springframework.integration.handler.AbstractMessageHandler.doHandleMessage(AbstractMessageHandler.java:105)
		at org.springframework.integration.handler.AbstractMessageHandler.handleMessage(AbstractMessageHandler.java:70)
		at org.springframework.integration.dispatcher.AbstractDispatcher.tryOptimizedDispatch(AbstractDispatcher.java:133)
		at org.springframework.integration.dispatcher.UnicastingDispatcher.doDispatch(UnicastingDispatcher.java:150)
		at org.springframework.integration.dispatcher.UnicastingDispatcher.dispatch(UnicastingDispatcher.java:123)
		at org.springframework.integration.channel.AbstractSubscribableChannel.doSend(AbstractSubscribableChannel.java:72)
		at org.springframework.integration.channel.AbstractMessageChannel.sendInternal(AbstractMessageChannel.java:438)
		at org.springframework.integration.channel.AbstractMessageChannel.send(AbstractMessageChannel.java:341)
		at org.springframework.integration.channel.AbstractMessageChannel.send(AbstractMessageChannel.java:310)
		at org.springframework.messaging.core.GenericMessagingTemplate.doSend(GenericMessagingTemplate.java:187)
		at org.springframework.messaging.core.GenericMessagingTemplate.doSend(GenericMessagingTemplate.java:166)
		at org.springframework.messaging.core.GenericMessagingTemplate.doSend(GenericMessagingTemplate.java:47)
		at org.springframework.messaging.core.AbstractMessageSendingTemplate.send(AbstractMessageSendingTemplate.java:108)
		at org.springframework.integration.endpoint.MessageProducerSupport.sendMessageWithTracking(MessageProducerSupport.java:278)
		at org.springframework.integration.endpoint.MessageProducerSupport.sendMessage(MessageProducerSupport.java:267)
		at org.springframework.integration.kafka.inbound.KafkaMessageDrivenChannelAdapter.doSendMessage(KafkaMessageDrivenChannelAdapter.java:402)
		at org.springframework.integration.kafka.inbound.KafkaMessageDrivenChannelAdapter$IntegrationRecordMessageListener.lambda$onMessage$0(KafkaMessageDrivenChannelAdapter.java:467)
		at org.springframework.integration.kafka.inbound.KafkaInboundEndpoint.lambda$doWithRetry$0(KafkaInboundEndpoint.java:83)
		at org.springframework.core.retry.RetryTemplate.execute(RetryTemplate.java:174)
		... 14 more
	Caused by: java.lang.RuntimeException: Failed to process order event
		at com.loadup.notification.messaging.OrderNotificationListener.lambda$orderUpdateConsumer$0(OrderNotificationListener.java:41)
		at org.springframework.cloud.function.context.catalog.SimpleFunctionRegistry$FunctionInvocationWrapper.invokeConsumer(SimpleFunctionRegistry.java:1129)
		at org.springframework.cloud.function.context.catalog.SimpleFunctionRegistry$FunctionInvocationWrapper.doApply(SimpleFunctionRegistry.java:829)
		at org.springframework.cloud.function.context.catalog.SimpleFunctionRegistry$FunctionInvocationWrapper.apply(SimpleFunctionRegistry.java:656)
		at org.springframework.cloud.stream.function.PartitionAwareFunctionWrapper.apply(PartitionAwareFunctionWrapper.java:92)
		at org.springframework.cloud.stream.function.FunctionConfiguration$FunctionWrapper.apply(FunctionConfiguration.java:830)
		at org.springframework.cloud.stream.function.FunctionConfiguration$FunctionToDestinationBinder$1.handleMessageInternal(FunctionConfiguration.java:668)
		at org.springframework.integration.handler.AbstractMessageHandler.doHandleMessage(AbstractMessageHandler.java:102)
		... 32 more
	Caused by: java.lang.NullPointerException: Cannot invoke "com.loadup.notification.dto.Customer.getCommunicationPreference()" because the return value of "com.loadup.notification.dto.Order.getCustomer()" is null
		at com.loadup.notification.service.OrderReceiptNotificationService.notify(OrderReceiptNotificationService.java:33)
		at com.loadup.notification.service.OrderNotificationService.process(OrderNotificationService.java:50)
		at com.loadup.notification.messaging.OrderNotificationListener.lambda$orderUpdateConsumer$0(OrderNotificationListener.java:30)
		... 39 more
Caused by: org.springframework.messaging.MessageHandlingException: error occurred in message handler [org.springframework.cloud.stream.function.FunctionConfiguration$FunctionToDestinationBinder$1@7ecd441d], failedMessage=GenericMessage [payload=byte[100], headers={deliveryAttempt=3, kafka_timestampType=CREATE_TIME, kafka_receivedMessageKey=[B@357609f0, kafka_receivedTopic=order-events, kafka_offset=2, scst_nativeHeadersPresent=true, traceparent=00-544286eca1f03d3829517c52dc89fca1-b44eade6a2752559-00, kafka_consumer=org.springframework.kafka.core.DefaultKafkaConsumerFactory$ExtendedKafkaConsumer@5a75068c, kafka_receivedPartitionId=0, contentType=application/json, kafka_receivedTimestamp=1781557349160, kafka_acknowledgment=Acknowledgment for order-events-0@2, kafka_groupId=notification-service-group}]
	at org.springframework.integration.support.utils.IntegrationUtils.wrapInHandlingExceptionIfNecessary(IntegrationUtils.java:190)
	at org.springframework.integration.handler.AbstractMessageHandler.doHandleMessage(AbstractMessageHandler.java:105)
	at org.springframework.integration.handler.AbstractMessageHandler.handleMessage(AbstractMessageHandler.java:70)
	at org.springframework.integration.dispatcher.AbstractDispatcher.tryOptimizedDispatch(AbstractDispatcher.java:133)
	at org.springframework.integration.dispatcher.UnicastingDispatcher.doDispatch(UnicastingDispatcher.java:150)
	at org.springframework.integration.dispatcher.UnicastingDispatcher.dispatch(UnicastingDispatcher.java:123)
	at org.springframework.integration.channel.AbstractSubscribableChannel.doSend(AbstractSubscribableChannel.java:72)
	at org.springframework.integration.channel.AbstractMessageChannel.sendInternal(AbstractMessageChannel.java:438)
	at org.springframework.integration.channel.AbstractMessageChannel.send(AbstractMessageChannel.java:341)
	at org.springframework.integration.channel.AbstractMessageChannel.send(AbstractMessageChannel.java:310)
	at org.springframework.messaging.core.GenericMessagingTemplate.doSend(GenericMessagingTemplate.java:187)
	at org.springframework.messaging.core.GenericMessagingTemplate.doSend(GenericMessagingTemplate.java:166)
	at org.springframework.messaging.core.GenericMessagingTemplate.doSend(GenericMessagingTemplate.java:47)
	at org.springframework.messaging.core.AbstractMessageSendingTemplate.send(AbstractMessageSendingTemplate.java:108)
	at org.springframework.integration.endpoint.MessageProducerSupport.sendMessageWithTracking(MessageProducerSupport.java:278)
	at org.springframework.integration.endpoint.MessageProducerSupport.sendMessage(MessageProducerSupport.java:267)
	at org.springframework.integration.kafka.inbound.KafkaMessageDrivenChannelAdapter.doSendMessage(KafkaMessageDrivenChannelAdapter.java:402)
	at org.springframework.integration.kafka.inbound.KafkaMessageDrivenChannelAdapter$IntegrationRecordMessageListener.lambda$onMessage$0(KafkaMessageDrivenChannelAdapter.java:467)
	at org.springframework.integration.kafka.inbound.KafkaInboundEndpoint.lambda$doWithRetry$0(KafkaInboundEndpoint.java:83)
	at org.springframework.core.retry.RetryTemplate.execute(RetryTemplate.java:174)
	... 14 more
Caused by: java.lang.RuntimeException: Failed to process order event
	at com.loadup.notification.messaging.OrderNotificationListener.lambda$orderUpdateConsumer$0(OrderNotificationListener.java:41)
	at org.springframework.cloud.function.context.catalog.SimpleFunctionRegistry$FunctionInvocationWrapper.invokeConsumer(SimpleFunctionRegistry.java:1129)
	at org.springframework.cloud.function.context.catalog.SimpleFunctionRegistry$FunctionInvocationWrapper.doApply(SimpleFunctionRegistry.java:829)
	at org.springframework.cloud.function.context.catalog.SimpleFunctionRegistry$FunctionInvocationWrapper.apply(SimpleFunctionRegistry.java:656)
	at org.springframework.cloud.stream.function.PartitionAwareFunctionWrapper.apply(PartitionAwareFunctionWrapper.java:92)
	at org.springframework.cloud.stream.function.FunctionConfiguration$FunctionWrapper.apply(FunctionConfiguration.java:830)
	at org.springframework.cloud.stream.function.FunctionConfiguration$FunctionToDestinationBinder$1.handleMessageInternal(FunctionConfiguration.java:668)
	at org.springframework.integration.handler.AbstractMessageHandler.doHandleMessage(AbstractMessageHandler.java:102)
	... 32 more
Caused by: java.lang.NullPointerException: Cannot invoke "com.loadup.notification.dto.Customer.getCommunicationPreference()" because the return value of "com.loadup.notification.dto.Order.getCustomer()" is null
	at com.loadup.notification.service.OrderReceiptNotificationService.notify(OrderReceiptNotificationService.java:33)
	at com.loadup.notification.service.OrderNotificationService.process(OrderNotificationService.java:50)
	at com.loadup.notification.messaging.OrderNotificationListener.lambda$orderUpdateConsumer$0(OrderNotificationListener.java:30)
	... 39 more

2026-06-15 17:02:32.567 [KafkaConsumerDestination{consumerDestinationName='order-events', partitions=0, dlqName='null'}.container-0-C-1] INFO  o.a.k.common.config.AbstractConfig trace=,span= - ProducerConfig values: 
	acks = -1
	batch.size = 16384
	bootstrap.servers = [localhost:9092]
	buffer.memory = 33554432
	client.dns.lookup = use_all_dns_ips
	client.id = notification-service-1
	compression.gzip.level = -1
	compression.lz4.level = 9
	compression.type = none
	compression.zstd.level = 3
	connections.max.idle.ms = 540000
	delivery.timeout.ms = 120000
	enable.idempotence = true
	enable.metrics.push = true
	interceptor.classes = []
	key.serializer = class org.apache.kafka.common.serialization.StringSerializer
	linger.ms = 0
	max.block.ms = 60000
	max.in.flight.requests.per.connection = 5
	max.request.size = 1048576
	metadata.max.age.ms = 300000
	metadata.max.idle.ms = 300000
	metadata.recovery.rebootstrap.trigger.ms = 300000
	metadata.recovery.strategy = rebootstrap
	metric.reporters = [org.apache.kafka.common.metrics.JmxReporter]
	metrics.num.samples = 2
	metrics.recording.level = INFO
	metrics.sample.window.ms = 30000
	partitioner.adaptive.partitioning.enable = true
	partitioner.availability.timeout.ms = 0
	partitioner.class = null
	partitioner.ignore.keys = false
	receive.buffer.bytes = 32768
	reconnect.backoff.max.ms = 1000
	reconnect.backoff.ms = 50
	request.timeout.ms = 30000
	retries = 2147483647
	retry.backoff.max.ms = 1000
	retry.backoff.ms = 100
	sasl.client.callback.handler.class = null
	sasl.jaas.config = null
	sasl.kerberos.kinit.cmd = /usr/bin/kinit
	sasl.kerberos.min.time.before.relogin = 60000
	sasl.kerberos.service.name = null
	sasl.kerberos.ticket.renew.jitter = 0.05
	sasl.kerberos.ticket.renew.window.factor = 0.8
	sasl.login.callback.handler.class = null
	sasl.login.class = null
	sasl.login.connect.timeout.ms = null
	sasl.login.read.timeout.ms = null
	sasl.login.refresh.buffer.seconds = 300
	sasl.login.refresh.min.period.seconds = 60
	sasl.login.refresh.window.factor = 0.8
	sasl.login.refresh.window.jitter = 0.05
	sasl.login.retry.backoff.max.ms = 10000
	sasl.login.retry.backoff.ms = 100
	sasl.mechanism = GSSAPI
	sasl.oauthbearer.assertion.algorithm = RS256
	sasl.oauthbearer.assertion.claim.aud = null
	sasl.oauthbearer.assertion.claim.exp.seconds = 300
	sasl.oauthbearer.assertion.claim.iss = null
	sasl.oauthbearer.assertion.claim.jti.include = false
	sasl.oauthbearer.assertion.claim.nbf.seconds = 60
	sasl.oauthbearer.assertion.claim.sub = null
	sasl.oauthbearer.assertion.file = null
	sasl.oauthbearer.assertion.private.key.file = null
	sasl.oauthbearer.assertion.private.key.passphrase = null
	sasl.oauthbearer.assertion.template.file = null
	sasl.oauthbearer.client.credentials.client.id = null
	sasl.oauthbearer.client.credentials.client.secret = null
	sasl.oauthbearer.clock.skew.seconds = 30
	sasl.oauthbearer.expected.audience = null
	sasl.oauthbearer.expected.issuer = null
	sasl.oauthbearer.header.urlencode = false
	sasl.oauthbearer.jwks.endpoint.refresh.ms = 3600000
	sasl.oauthbearer.jwks.endpoint.retry.backoff.max.ms = 10000
	sasl.oauthbearer.jwks.endpoint.retry.backoff.ms = 100
	sasl.oauthbearer.jwks.endpoint.url = null
	sasl.oauthbearer.jwt.retriever.class = class org.apache.kafka.common.security.oauthbearer.DefaultJwtRetriever
	sasl.oauthbearer.jwt.validator.class = class org.apache.kafka.common.security.oauthbearer.DefaultJwtValidator
	sasl.oauthbearer.scope = null
	sasl.oauthbearer.scope.claim.name = scope
	sasl.oauthbearer.sub.claim.name = sub
	sasl.oauthbearer.token.endpoint.url = null
	security.protocol = PLAINTEXT
	security.providers = null
	send.buffer.bytes = 131072
	socket.connection.setup.timeout.max.ms = 30000
	socket.connection.setup.timeout.ms = 10000
	ssl.cipher.suites = null
	ssl.enabled.protocols = [TLSv1.2, TLSv1.3]
	ssl.endpoint.identification.algorithm = https
	ssl.engine.factory.class = null
	ssl.key.password = null
	ssl.keymanager.algorithm = SunX509
	ssl.keystore.certificate.chain = null
	ssl.keystore.key = null
	ssl.keystore.location = null
	ssl.keystore.password = null
	ssl.keystore.type = JKS
	ssl.protocol = TLSv1.3
	ssl.provider = null
	ssl.secure.random.implementation = null
	ssl.trustmanager.algorithm = PKIX
	ssl.truststore.certificates = null
	ssl.truststore.location = null
	ssl.truststore.password = null
	ssl.truststore.type = JKS
	transaction.timeout.ms = 60000
	transaction.two.phase.commit.enable = false
	transactional.id = null
	value.serializer = class org.apache.kafka.common.serialization.StringSerializer

2026-06-15 17:02:32.568 [KafkaConsumerDestination{consumerDestinationName='order-events', partitions=0, dlqName='null'}.container-0-C-1] INFO  o.a.k.c.t.i.KafkaMetricsCollector trace=,span= - initializing Kafka metrics collector
2026-06-15 17:02:32.579 [KafkaConsumerDestination{consumerDestinationName='order-events', partitions=0, dlqName='null'}.container-0-C-1] INFO  o.a.k.clients.producer.KafkaProducer trace=,span= - [Producer clientId=notification-service-1] Instantiated an idempotent producer.
2026-06-15 17:02:32.588 [KafkaConsumerDestination{consumerDestinationName='order-events', partitions=0, dlqName='null'}.container-0-C-1] INFO  o.a.kafka.common.utils.AppInfoParser trace=,span= - Kafka version: 4.1.2
2026-06-15 17:02:32.588 [KafkaConsumerDestination{consumerDestinationName='order-events', partitions=0, dlqName='null'}.container-0-C-1] INFO  o.a.kafka.common.utils.AppInfoParser trace=,span= - Kafka commitId: c82fd9b934b4c1e6
2026-06-15 17:02:32.588 [KafkaConsumerDestination{consumerDestinationName='order-events', partitions=0, dlqName='null'}.container-0-C-1] INFO  o.a.kafka.common.utils.AppInfoParser trace=,span= - Kafka startTimeMs: 1781557352588
2026-06-15 17:02:32.594 [kafka-producer-network-thread | notification-service-1] INFO  org.apache.kafka.clients.Metadata trace=,span= - [Producer clientId=notification-service-1] Cluster ID: 5L6g3nShT-eMCtK--X86sw
2026-06-15 17:02:32.595 [kafka-producer-network-thread | notification-service-1] INFO  o.a.k.c.p.i.TransactionManager trace=,span= - [Producer clientId=notification-service-1] ProducerId set to 1003 with epoch 0
2026-06-15 17:02:32.595 [KafkaConsumerDestination{consumerDestinationName='order-events', partitions=0, dlqName='null'}.container-0-C-1] ERROR o.s.c.s.b.k.KafkaMessageChannelBinder trace=,span= - Error sending to DLQ  a message with key='byte[54]' and payload='byte[100]' received from 0
org.apache.kafka.common.errors.SerializationException: Can't convert key of class [B to class org.apache.kafka.common.serialization.StringSerializer specified in key.serializer
	at org.apache.kafka.clients.producer.KafkaProducer.doSend(KafkaProducer.java:1002)
	at org.apache.kafka.clients.producer.KafkaProducer.send(KafkaProducer.java:944)
	at org.springframework.kafka.core.DefaultKafkaProducerFactory$CloseSafeProducer.send(DefaultKafkaProducerFactory.java:1129)
	at org.springframework.kafka.core.KafkaTemplate.doSend(KafkaTemplate.java:858)
	at org.springframework.kafka.core.KafkaTemplate.observeSend(KafkaTemplate.java:826)
	at org.springframework.kafka.core.KafkaTemplate.send(KafkaTemplate.java:627)
	at org.springframework.cloud.stream.binder.kafka.KafkaMessageChannelBinder$DlqSender.sendToDlq(KafkaMessageChannelBinder.java:1715)
	at org.springframework.cloud.stream.binder.kafka.KafkaMessageChannelBinder.handleRecordForDlq(KafkaMessageChannelBinder.java:1396)
	at org.springframework.cloud.stream.binder.kafka.KafkaMessageChannelBinder.lambda$getErrorMessageHandler$1(KafkaMessageChannelBinder.java:1254)
	at java.base/java.util.ImmutableCollections$List12.forEach(ImmutableCollections.java:681)
	at org.springframework.cloud.stream.binder.kafka.KafkaMessageChannelBinder.lambda$getErrorMessageHandler$0(KafkaMessageChannelBinder.java:1253)
	at org.springframework.integration.dispatcher.BroadcastingDispatcher.invokeHandler(BroadcastingDispatcher.java:239)
	at org.springframework.integration.dispatcher.BroadcastingDispatcher.dispatch(BroadcastingDispatcher.java:196)
	at org.springframework.integration.channel.AbstractSubscribableChannel.doSend(AbstractSubscribableChannel.java:72)
	at org.springframework.integration.channel.AbstractMessageChannel.sendInternal(AbstractMessageChannel.java:438)
	at org.springframework.integration.channel.AbstractMessageChannel.send(AbstractMessageChannel.java:341)
	at org.springframework.integration.channel.AbstractMessageChannel.send(AbstractMessageChannel.java:310)
	at org.springframework.messaging.core.GenericMessagingTemplate.doSend(GenericMessagingTemplate.java:187)
	at org.springframework.messaging.core.GenericMessagingTemplate.doSend(GenericMessagingTemplate.java:166)
	at org.springframework.messaging.core.GenericMessagingTemplate.doSend(GenericMessagingTemplate.java:47)
	at org.springframework.messaging.core.AbstractMessageSendingTemplate.send(AbstractMessageSendingTemplate.java:108)
	at org.springframework.messaging.core.AbstractMessageSendingTemplate.send(AbstractMessageSendingTemplate.java:98)
	at org.springframework.integration.core.ErrorMessagePublisher.publish(ErrorMessagePublisher.java:168)
	at org.springframework.integration.handler.advice.ErrorMessageSendingRecoverer.recover(ErrorMessageSendingRecoverer.java:79)
	at org.springframework.integration.kafka.inbound.KafkaInboundEndpoint.doWithRetry(KafkaInboundEndpoint.java:94)
	at org.springframework.integration.kafka.inbound.KafkaMessageDrivenChannelAdapter$IntegrationRecordMessageListener.onMessage(KafkaMessageDrivenChannelAdapter.java:464)
	at org.springframework.integration.kafka.inbound.KafkaMessageDrivenChannelAdapter$IntegrationRecordMessageListener.onMessage(KafkaMessageDrivenChannelAdapter.java:428)
	at org.springframework.kafka.listener.KafkaMessageListenerContainer$ListenerConsumer.doInvokeOnMessage(KafkaMessageListenerContainer.java:2948)
	at org.springframework.kafka.listener.KafkaMessageListenerContainer$ListenerConsumer.invokeOnMessage(KafkaMessageListenerContainer.java:2927)
	at org.springframework.kafka.listener.KafkaMessageListenerContainer$ListenerConsumer.doInvokeRecordListener(KafkaMessageListenerContainer.java:2837)
	at org.springframework.kafka.listener.KafkaMessageListenerContainer$ListenerConsumer.doInvokeWithRecords(KafkaMessageListenerContainer.java:2679)
	at org.springframework.kafka.listener.KafkaMessageListenerContainer$ListenerConsumer.invokeRecordListener(KafkaMessageListenerContainer.java:2573)
	at org.springframework.kafka.listener.KafkaMessageListenerContainer$ListenerConsumer.invokeListener(KafkaMessageListenerContainer.java:2204)
	at org.springframework.kafka.listener.KafkaMessageListenerContainer$ListenerConsumer.invokeIfHaveRecords(KafkaMessageListenerContainer.java:1559)
	at org.springframework.kafka.listener.KafkaMessageListenerContainer$ListenerConsumer.pollAndInvoke(KafkaMessageListenerContainer.java:1499)
	at org.springframework.kafka.listener.KafkaMessageListenerContainer$ListenerConsumer.run(KafkaMessageListenerContainer.java:1368)
	at java.base/java.util.concurrent.CompletableFuture$AsyncRun.run(CompletableFuture.java:1825)
	at java.base/java.lang.Thread.run(Thread.java:1474)
Caused by: java.lang.ClassCastException: class [B cannot be cast to class java.lang.String ([B and java.lang.String are in module java.base of loader 'bootstrap')
	at org.apache.kafka.common.serialization.StringSerializer.serialize(StringSerializer.java:31)
	at org.apache.kafka.common.serialization.Serializer.serialize(Serializer.java:83)
	at org.apache.kafka.clients.producer.KafkaProducer.doSend(KafkaProducer.java:999)
	... 37 common frames omitted
2026-06-15 17:04:32.122 [SpringApplicationShutdownHook] INFO  o.s.boot.tomcat.GracefulShutdown trace=,span= - Commencing graceful shutdown. Waiting for active requests to complete
2026-06-15 17:04:32.137 [tomcat-shutdown] INFO  o.s.boot.tomcat.GracefulShutdown trace=,span= - Graceful shutdown complete
2026-06-15 17:04:32.153 [KafkaConsumerDestination{consumerDestinationName='order-events', partitions=0, dlqName='null'}.container-0-C-1] INFO  o.a.k.c.c.i.ConsumerRebalanceListenerInvoker trace=,span= - [Consumer clientId=notification-service-0, groupId=notification-service-group] Revoke previously assigned partitions [order-events-0]
2026-06-15 17:04:32.154 [KafkaConsumerDestination{consumerDestinationName='order-events', partitions=0, dlqName='null'}.container-0-C-1] INFO  o.a.k.c.c.i.ConsumerCoordinator trace=,span= - [Consumer clientId=notification-service-0, groupId=notification-service-group] Member notification-service-0-ff281c24-f962-4bba-9af4-435db4a39d30 sending LeaveGroup request to coordinator localhost:9092 (id: 2147483646 rack: null isFenced: false) due to the consumer unsubscribed from all topics
2026-06-15 17:04:32.155 [KafkaConsumerDestination{consumerDestinationName='order-events', partitions=0, dlqName='null'}.container-0-C-1] INFO  o.a.k.c.c.i.ConsumerCoordinator trace=,span= - [Consumer clientId=notification-service-0, groupId=notification-service-group] Resetting generation and member id due to: consumer pro-actively leaving the group
2026-06-15 17:04:32.155 [KafkaConsumerDestination{consumerDestinationName='order-events', partitions=0, dlqName='null'}.container-0-C-1] INFO  o.a.k.c.c.i.ConsumerCoordinator trace=,span= - [Consumer clientId=notification-service-0, groupId=notification-service-group] Request joining group due to: consumer pro-actively leaving the group
2026-06-15 17:04:32.155 [KafkaConsumerDestination{consumerDestinationName='order-events', partitions=0, dlqName='null'}.container-0-C-1] INFO  o.a.k.c.c.i.ClassicKafkaConsumer trace=,span= - [Consumer clientId=notification-service-0, groupId=notification-service-group] Unsubscribed all topics or patterns and assigned partitions
2026-06-15 17:04:32.156 [KafkaConsumerDestination{consumerDestinationName='order-events', partitions=0, dlqName='null'}.container-0-C-1] INFO  o.a.k.c.c.i.ConsumerCoordinator trace=,span= - [Consumer clientId=notification-service-0, groupId=notification-service-group] Resetting generation and member id due to: consumer pro-actively leaving the group
2026-06-15 17:04:32.156 [KafkaConsumerDestination{consumerDestinationName='order-events', partitions=0, dlqName='null'}.container-0-C-1] INFO  o.a.k.c.c.i.ConsumerCoordinator trace=,span= - [Consumer clientId=notification-service-0, groupId=notification-service-group] Request joining group due to: consumer pro-actively leaving the group
2026-06-15 17:04:32.604 [KafkaConsumerDestination{consumerDestinationName='order-events', partitions=0, dlqName='null'}.container-0-C-1] INFO  o.a.kafka.common.metrics.Metrics trace=,span= - Metrics scheduler closed
2026-06-15 17:04:32.605 [KafkaConsumerDestination{consumerDestinationName='order-events', partitions=0, dlqName='null'}.container-0-C-1] INFO  o.a.kafka.common.metrics.Metrics trace=,span= - Closing reporter org.apache.kafka.common.metrics.JmxReporter
2026-06-15 17:04:32.606 [KafkaConsumerDestination{consumerDestinationName='order-events', partitions=0, dlqName='null'}.container-0-C-1] INFO  o.a.kafka.common.metrics.Metrics trace=,span= - Closing reporter org.apache.kafka.common.telemetry.internals.ClientTelemetryReporter
2026-06-15 17:04:32.606 [KafkaConsumerDestination{consumerDestinationName='order-events', partitions=0, dlqName='null'}.container-0-C-1] INFO  o.a.kafka.common.metrics.Metrics trace=,span= - Metrics reporters closed
2026-06-15 17:04:32.611 [KafkaConsumerDestination{consumerDestinationName='order-events', partitions=0, dlqName='null'}.container-0-C-1] INFO  o.a.kafka.common.utils.AppInfoParser trace=,span= - App info kafka.consumer for notification-service-0 unregistered
2026-06-15 17:04:32.615 [SpringApplicationShutdownHook] INFO  o.s.i.k.i.KafkaMessageDrivenChannelAdapter trace=,span= - stopped org.springframework.integration.kafka.inbound.KafkaMessageDrivenChannelAdapter@3986b9e9
2026-06-15 17:04:32.650 [SpringApplicationShutdownHook] INFO  o.s.i.endpoint.EventDrivenConsumer trace=,span= - Removing {logging-channel-adapter:_org.springframework.integration.errorLogger} as a subscriber to the 'errorChannel' channel
2026-06-15 17:04:32.650 [SpringApplicationShutdownHook] INFO  o.s.i.c.PublishSubscribeChannel trace=,span= - Channel 'notification-service.errorChannel' has 0 subscriber(s).
2026-06-15 17:04:32.651 [SpringApplicationShutdownHook] INFO  o.s.i.endpoint.EventDrivenConsumer trace=,span= - stopped bean '_org.springframework.integration.errorLogger'
2026-06-15 17:04:39.375 [main] INFO  c.l.n.NotificationServiceApplication trace=,span= - Starting NotificationServiceApplication v0.0.1-SNAPSHOT using Java 25.0.2 with PID 37832 (/Users/Dzianis_Padbiarezski/projects/loadup/order-service/notification-service/build/libs/notification-service-0.0.1-SNAPSHOT.jar started by Dzianis_Padbiarezski in /Users/Dzianis_Padbiarezski/projects/loadup/order-service/notification-service)
2026-06-15 17:04:39.376 [main] DEBUG c.l.n.NotificationServiceApplication trace=,span= - Running with Spring Boot v4.0.7, Spring v7.0.8
2026-06-15 17:04:39.377 [main] INFO  c.l.n.NotificationServiceApplication trace=,span= - No active profile set, falling back to 1 default profile: "default"
2026-06-15 17:04:39.541 [background-preinit] INFO  o.h.validator.internal.util.Version trace=,span= - HV000001: Hibernate Validator 9.0.1.Final
2026-06-15 17:04:39.778 [main] INFO  o.s.d.r.c.RepositoryConfigurationDelegate trace=,span= - Multiple Spring Data modules found, entering strict repository configuration mode
2026-06-15 17:04:39.780 [main] INFO  o.s.d.r.c.RepositoryConfigurationDelegate trace=,span= - Bootstrapping Spring Data Redis repositories in DEFAULT mode.
2026-06-15 17:04:39.797 [main] INFO  o.s.d.r.c.RepositoryConfigurationDelegate trace=,span= - Finished Spring Data repository scanning in 8 ms. Found 0 Redis repository interfaces.
2026-06-15 17:04:39.902 [main] INFO  o.s.i.c.DefaultConfiguringBeanFactoryPostProcessor trace=,span= - No bean named 'errorChannel' has been explicitly defined. Therefore, a default PublishSubscribeChannel will be created.
2026-06-15 17:04:39.905 [main] INFO  o.s.i.c.DefaultConfiguringBeanFactoryPostProcessor trace=,span= - No bean named 'integrationHeaderChannelRegistry' has been explicitly defined. Therefore, a default DefaultHeaderChannelRegistry will be created.
2026-06-15 17:04:40.234 [main] INFO  o.s.boot.tomcat.TomcatWebServer trace=,span= - Tomcat initialized with port 8081 (http)
2026-06-15 17:04:40.242 [main] INFO  o.a.coyote.http11.Http11NioProtocol trace=,span= - Initializing ProtocolHandler ["http-nio-8081"]
2026-06-15 17:04:40.243 [main] INFO  o.a.catalina.core.StandardService trace=,span= - Starting service [Tomcat]
2026-06-15 17:04:40.243 [main] INFO  o.a.catalina.core.StandardEngine trace=,span= - Starting Servlet engine: [Apache Tomcat/11.0.22]
2026-06-15 17:04:40.258 [main] INFO  o.s.b.w.c.s.WebApplicationContextInitializer trace=,span= - Root WebApplicationContext: initialization completed in 850 ms
2026-06-15 17:04:40.361 [main] WARN  i.n.r.d.DnsServerAddressStreamProviders trace=,span= - Can not find io.netty.resolver.dns.macos.MacOSDnsServerAddressStreamProvider in the classpath, fallback to system defaults. This may result in incorrect DNS resolutions on MacOS. Check whether you have a dependency on 'io.netty:netty-resolver-dns-native-macos'
2026-06-15 17:04:40.984 [main] INFO  o.s.i.endpoint.EventDrivenConsumer trace=,span= - Adding {logging-channel-adapter:_org.springframework.integration.errorLogger} as a subscriber to the 'errorChannel' channel
2026-06-15 17:04:40.984 [main] INFO  o.s.i.c.PublishSubscribeChannel trace=,span= - Channel 'notification-service.errorChannel' has 1 subscriber(s).
2026-06-15 17:04:40.984 [main] INFO  o.s.i.endpoint.EventDrivenConsumer trace=,span= - started bean '_org.springframework.integration.errorLogger'
2026-06-15 17:04:41.077 [main] INFO  o.a.k.common.config.AbstractConfig trace=,span= - ConsumerConfig values: 
	allow.auto.create.topics = true
	auto.commit.interval.ms = 100
	auto.offset.reset = earliest
	bootstrap.servers = [localhost:9092]
	check.crcs = true
	client.dns.lookup = use_all_dns_ips
	client.id = notification-service
	client.rack = 
	connections.max.idle.ms = 540000
	default.api.timeout.ms = 60000
	enable.auto.commit = false
	enable.metrics.push = true
	exclude.internal.topics = true
	fetch.max.bytes = 52428800
	fetch.max.wait.ms = 500
	fetch.min.bytes = 1
	group.id = notification-service-group
	group.instance.id = null
	group.protocol = classic
	group.remote.assignor = null
	heartbeat.interval.ms = 3000
	interceptor.classes = []
	internal.leave.group.on.close = true
	internal.throw.on.fetch.stable.offset.unsupported = false
	isolation.level = read_uncommitted
	key.deserializer = class org.apache.kafka.common.serialization.ByteArrayDeserializer
	max.partition.fetch.bytes = 1048576
	max.poll.interval.ms = 300000
	max.poll.records = 500
	metadata.max.age.ms = 300000
	metadata.recovery.rebootstrap.trigger.ms = 300000
	metadata.recovery.strategy = rebootstrap
	metric.reporters = [org.apache.kafka.common.metrics.JmxReporter]
	metrics.num.samples = 2
	metrics.recording.level = INFO
	metrics.sample.window.ms = 30000
	partition.assignment.strategy = [class org.apache.kafka.clients.consumer.RangeAssignor, class org.apache.kafka.clients.consumer.CooperativeStickyAssignor]
	receive.buffer.bytes = 65536
	reconnect.backoff.max.ms = 1000
	reconnect.backoff.ms = 50
	request.timeout.ms = 30000
	retry.backoff.max.ms = 1000
	retry.backoff.ms = 100
	sasl.client.callback.handler.class = null
	sasl.jaas.config = null
	sasl.kerberos.kinit.cmd = /usr/bin/kinit
	sasl.kerberos.min.time.before.relogin = 60000
	sasl.kerberos.service.name = null
	sasl.kerberos.ticket.renew.jitter = 0.05
	sasl.kerberos.ticket.renew.window.factor = 0.8
	sasl.login.callback.handler.class = null
	sasl.login.class = null
	sasl.login.connect.timeout.ms = null
	sasl.login.read.timeout.ms = null
	sasl.login.refresh.buffer.seconds = 300
	sasl.login.refresh.min.period.seconds = 60
	sasl.login.refresh.window.factor = 0.8
	sasl.login.refresh.window.jitter = 0.05
	sasl.login.retry.backoff.max.ms = 10000
	sasl.login.retry.backoff.ms = 100
	sasl.mechanism = GSSAPI
	sasl.oauthbearer.assertion.algorithm = RS256
	sasl.oauthbearer.assertion.claim.aud = null
	sasl.oauthbearer.assertion.claim.exp.seconds = 300
	sasl.oauthbearer.assertion.claim.iss = null
	sasl.oauthbearer.assertion.claim.jti.include = false
	sasl.oauthbearer.assertion.claim.nbf.seconds = 60
	sasl.oauthbearer.assertion.claim.sub = null
	sasl.oauthbearer.assertion.file = null
	sasl.oauthbearer.assertion.private.key.file = null
	sasl.oauthbearer.assertion.private.key.passphrase = null
	sasl.oauthbearer.assertion.template.file = null
	sasl.oauthbearer.client.credentials.client.id = null
	sasl.oauthbearer.client.credentials.client.secret = null
	sasl.oauthbearer.clock.skew.seconds = 30
	sasl.oauthbearer.expected.audience = null
	sasl.oauthbearer.expected.issuer = null
	sasl.oauthbearer.header.urlencode = false
	sasl.oauthbearer.jwks.endpoint.refresh.ms = 3600000
	sasl.oauthbearer.jwks.endpoint.retry.backoff.max.ms = 10000
	sasl.oauthbearer.jwks.endpoint.retry.backoff.ms = 100
	sasl.oauthbearer.jwks.endpoint.url = null
	sasl.oauthbearer.jwt.retriever.class = class org.apache.kafka.common.security.oauthbearer.DefaultJwtRetriever
	sasl.oauthbearer.jwt.validator.class = class org.apache.kafka.common.security.oauthbearer.DefaultJwtValidator
	sasl.oauthbearer.scope = null
	sasl.oauthbearer.scope.claim.name = scope
	sasl.oauthbearer.sub.claim.name = sub
	sasl.oauthbearer.token.endpoint.url = null
	security.protocol = PLAINTEXT
	security.providers = null
	send.buffer.bytes = 131072
	session.timeout.ms = 45000
	share.acknowledgement.mode = implicit
	socket.connection.setup.timeout.max.ms = 30000
	socket.connection.setup.timeout.ms = 10000
	ssl.cipher.suites = null
	ssl.enabled.protocols = [TLSv1.2, TLSv1.3]
	ssl.endpoint.identification.algorithm = https
	ssl.engine.factory.class = null
	ssl.key.password = null
	ssl.keymanager.algorithm = SunX509
	ssl.keystore.certificate.chain = null
	ssl.keystore.key = null
	ssl.keystore.location = null
	ssl.keystore.password = null
	ssl.keystore.type = JKS
	ssl.protocol = TLSv1.3
	ssl.provider = null
	ssl.secure.random.implementation = null
	ssl.trustmanager.algorithm = PKIX
	ssl.truststore.certificates = null
	ssl.truststore.location = null
	ssl.truststore.password = null
	ssl.truststore.type = JKS
	value.deserializer = class org.apache.kafka.common.serialization.ByteArrayDeserializer

2026-06-15 17:04:41.100 [main] INFO  o.a.k.c.t.i.KafkaMetricsCollector trace=,span= - initializing Kafka metrics collector
2026-06-15 17:04:41.210 [main] INFO  o.a.kafka.common.utils.AppInfoParser trace=,span= - Kafka version: 4.1.2
2026-06-15 17:04:41.211 [main] INFO  o.a.kafka.common.utils.AppInfoParser trace=,span= - Kafka commitId: c82fd9b934b4c1e6
2026-06-15 17:04:41.211 [main] INFO  o.a.kafka.common.utils.AppInfoParser trace=,span= - Kafka startTimeMs: 1781557481210
2026-06-15 17:04:41.413 [main] INFO  org.apache.kafka.clients.Metadata trace=,span= - [Consumer clientId=notification-service, groupId=notification-service-group] Cluster ID: 5L6g3nShT-eMCtK--X86sw
2026-06-15 17:04:41.415 [main] INFO  o.a.k.c.c.i.ConsumerCoordinator trace=,span= - [Consumer clientId=notification-service, groupId=notification-service-group] Resetting generation and member id due to: consumer pro-actively leaving the group
2026-06-15 17:04:41.415 [main] INFO  o.a.k.c.c.i.ConsumerCoordinator trace=,span= - [Consumer clientId=notification-service, groupId=notification-service-group] Request joining group due to: consumer pro-actively leaving the group
2026-06-15 17:04:41.417 [main] INFO  o.a.kafka.common.metrics.Metrics trace=,span= - Metrics scheduler closed
2026-06-15 17:04:41.417 [main] INFO  o.a.kafka.common.metrics.Metrics trace=,span= - Closing reporter org.apache.kafka.common.metrics.JmxReporter
2026-06-15 17:04:41.417 [main] INFO  o.a.kafka.common.metrics.Metrics trace=,span= - Closing reporter org.apache.kafka.common.telemetry.internals.ClientTelemetryReporter
2026-06-15 17:04:41.417 [main] INFO  o.a.kafka.common.metrics.Metrics trace=,span= - Metrics reporters closed
2026-06-15 17:04:41.420 [main] INFO  o.a.kafka.common.utils.AppInfoParser trace=,span= - App info kafka.consumer for notification-service unregistered
2026-06-15 17:04:41.450 [main] INFO  o.a.k.common.config.AbstractConfig trace=,span= - ConsumerConfig values: 
	allow.auto.create.topics = true
	auto.commit.interval.ms = 100
	auto.offset.reset = earliest
	bootstrap.servers = [localhost:9092]
	check.crcs = true
	client.dns.lookup = use_all_dns_ips
	client.id = notification-service-0
	client.rack = 
	connections.max.idle.ms = 540000
	default.api.timeout.ms = 60000
	enable.auto.commit = false
	enable.metrics.push = true
	exclude.internal.topics = true
	fetch.max.bytes = 52428800
	fetch.max.wait.ms = 500
	fetch.min.bytes = 1
	group.id = notification-service-group
	group.instance.id = null
	group.protocol = classic
	group.remote.assignor = null
	heartbeat.interval.ms = 3000
	interceptor.classes = []
	internal.leave.group.on.close = true
	internal.throw.on.fetch.stable.offset.unsupported = false
	isolation.level = read_uncommitted
	key.deserializer = class org.apache.kafka.common.serialization.ByteArrayDeserializer
	max.partition.fetch.bytes = 1048576
	max.poll.interval.ms = 300000
	max.poll.records = 500
	metadata.max.age.ms = 300000
	metadata.recovery.rebootstrap.trigger.ms = 300000
	metadata.recovery.strategy = rebootstrap
	metric.reporters = [org.apache.kafka.common.metrics.JmxReporter]
	metrics.num.samples = 2
	metrics.recording.level = INFO
	metrics.sample.window.ms = 30000
	partition.assignment.strategy = [class org.apache.kafka.clients.consumer.RangeAssignor, class org.apache.kafka.clients.consumer.CooperativeStickyAssignor]
	receive.buffer.bytes = 65536
	reconnect.backoff.max.ms = 1000
	reconnect.backoff.ms = 50
	request.timeout.ms = 30000
	retry.backoff.max.ms = 1000
	retry.backoff.ms = 100
	sasl.client.callback.handler.class = null
	sasl.jaas.config = null
	sasl.kerberos.kinit.cmd = /usr/bin/kinit
	sasl.kerberos.min.time.before.relogin = 60000
	sasl.kerberos.service.name = null
	sasl.kerberos.ticket.renew.jitter = 0.05
	sasl.kerberos.ticket.renew.window.factor = 0.8
	sasl.login.callback.handler.class = null
	sasl.login.class = null
	sasl.login.connect.timeout.ms = null
	sasl.login.read.timeout.ms = null
	sasl.login.refresh.buffer.seconds = 300
	sasl.login.refresh.min.period.seconds = 60
	sasl.login.refresh.window.factor = 0.8
	sasl.login.refresh.window.jitter = 0.05
	sasl.login.retry.backoff.max.ms = 10000
	sasl.login.retry.backoff.ms = 100
	sasl.mechanism = GSSAPI
	sasl.oauthbearer.assertion.algorithm = RS256
	sasl.oauthbearer.assertion.claim.aud = null
	sasl.oauthbearer.assertion.claim.exp.seconds = 300
	sasl.oauthbearer.assertion.claim.iss = null
	sasl.oauthbearer.assertion.claim.jti.include = false
	sasl.oauthbearer.assertion.claim.nbf.seconds = 60
	sasl.oauthbearer.assertion.claim.sub = null
	sasl.oauthbearer.assertion.file = null
	sasl.oauthbearer.assertion.private.key.file = null
	sasl.oauthbearer.assertion.private.key.passphrase = null
	sasl.oauthbearer.assertion.template.file = null
	sasl.oauthbearer.client.credentials.client.id = null
	sasl.oauthbearer.client.credentials.client.secret = null
	sasl.oauthbearer.clock.skew.seconds = 30
	sasl.oauthbearer.expected.audience = null
	sasl.oauthbearer.expected.issuer = null
	sasl.oauthbearer.header.urlencode = false
	sasl.oauthbearer.jwks.endpoint.refresh.ms = 3600000
	sasl.oauthbearer.jwks.endpoint.retry.backoff.max.ms = 10000
	sasl.oauthbearer.jwks.endpoint.retry.backoff.ms = 100
	sasl.oauthbearer.jwks.endpoint.url = null
	sasl.oauthbearer.jwt.retriever.class = class org.apache.kafka.common.security.oauthbearer.DefaultJwtRetriever
	sasl.oauthbearer.jwt.validator.class = class org.apache.kafka.common.security.oauthbearer.DefaultJwtValidator
	sasl.oauthbearer.scope = null
	sasl.oauthbearer.scope.claim.name = scope
	sasl.oauthbearer.sub.claim.name = sub
	sasl.oauthbearer.token.endpoint.url = null
	security.protocol = PLAINTEXT
	security.providers = null
	send.buffer.bytes = 131072
	session.timeout.ms = 45000
	share.acknowledgement.mode = implicit
	socket.connection.setup.timeout.max.ms = 30000
	socket.connection.setup.timeout.ms = 10000
	ssl.cipher.suites = null
	ssl.enabled.protocols = [TLSv1.2, TLSv1.3]
	ssl.endpoint.identification.algorithm = https
	ssl.engine.factory.class = null
	ssl.key.password = null
	ssl.keymanager.algorithm = SunX509
	ssl.keystore.certificate.chain = null
	ssl.keystore.key = null
	ssl.keystore.location = null
	ssl.keystore.password = null
	ssl.keystore.type = JKS
	ssl.protocol = TLSv1.3
	ssl.provider = null
	ssl.secure.random.implementation = null
	ssl.trustmanager.algorithm = PKIX
	ssl.truststore.certificates = null
	ssl.truststore.location = null
	ssl.truststore.password = null
	ssl.truststore.type = JKS
	value.deserializer = class org.apache.kafka.common.serialization.ByteArrayDeserializer

2026-06-15 17:04:41.450 [main] INFO  o.a.k.c.t.i.KafkaMetricsCollector trace=,span= - initializing Kafka metrics collector
2026-06-15 17:04:41.454 [main] INFO  o.a.kafka.common.utils.AppInfoParser trace=,span= - Kafka version: 4.1.2
2026-06-15 17:04:41.454 [main] INFO  o.a.kafka.common.utils.AppInfoParser trace=,span= - Kafka commitId: c82fd9b934b4c1e6
2026-06-15 17:04:41.454 [main] INFO  o.a.kafka.common.utils.AppInfoParser trace=,span= - Kafka startTimeMs: 1781557481454
2026-06-15 17:04:41.455 [main] INFO  o.a.k.c.c.i.ClassicKafkaConsumer trace=,span= - [Consumer clientId=notification-service-0, groupId=notification-service-group] Subscribed to topic(s): order-events
2026-06-15 17:04:41.459 [main] INFO  o.s.i.k.i.KafkaMessageDrivenChannelAdapter trace=,span= - started org.springframework.integration.kafka.inbound.KafkaMessageDrivenChannelAdapter@64cec4d0
2026-06-15 17:04:41.460 [main] INFO  o.a.coyote.http11.Http11NioProtocol trace=,span= - Starting ProtocolHandler ["http-nio-8081"]
2026-06-15 17:04:41.466 [main] INFO  o.s.boot.tomcat.TomcatWebServer trace=,span= - Tomcat started on port 8081 (http) with context path '/'
2026-06-15 17:04:41.481 [main] INFO  c.l.n.NotificationServiceApplication trace=,span= - Started NotificationServiceApplication in 2.484 seconds (process running for 2.951)
2026-06-15 17:04:41.483 [KafkaConsumerDestination{consumerDestinationName='order-events', partitions=0, dlqName='null'}.container-0-C-1] INFO  org.apache.kafka.clients.Metadata trace=,span= - [Consumer clientId=notification-service-0, groupId=notification-service-group] Cluster ID: 5L6g3nShT-eMCtK--X86sw
2026-06-15 17:04:41.485 [KafkaConsumerDestination{consumerDestinationName='order-events', partitions=0, dlqName='null'}.container-0-C-1] INFO  o.a.k.c.c.i.ConsumerCoordinator trace=,span= - [Consumer clientId=notification-service-0, groupId=notification-service-group] Discovered group coordinator localhost:9092 (id: 2147483646 rack: null isFenced: false)
2026-06-15 17:04:41.486 [KafkaConsumerDestination{consumerDestinationName='order-events', partitions=0, dlqName='null'}.container-0-C-1] INFO  o.a.k.c.c.i.ConsumerCoordinator trace=,span= - [Consumer clientId=notification-service-0, groupId=notification-service-group] (Re-)joining group
2026-06-15 17:04:41.498 [KafkaConsumerDestination{consumerDestinationName='order-events', partitions=0, dlqName='null'}.container-0-C-1] INFO  o.a.k.c.c.i.ConsumerCoordinator trace=,span= - [Consumer clientId=notification-service-0, groupId=notification-service-group] Request joining group due to: need to re-join with the given member-id: notification-service-0-b322c041-5459-41c9-95c3-2abd35d112b5
2026-06-15 17:04:41.499 [KafkaConsumerDestination{consumerDestinationName='order-events', partitions=0, dlqName='null'}.container-0-C-1] INFO  o.a.k.c.c.i.ConsumerCoordinator trace=,span= - [Consumer clientId=notification-service-0, groupId=notification-service-group] (Re-)joining group
2026-06-15 17:04:44.509 [KafkaConsumerDestination{consumerDestinationName='order-events', partitions=0, dlqName='null'}.container-0-C-1] INFO  o.a.k.c.c.i.ConsumerCoordinator trace=,span= - [Consumer clientId=notification-service-0, groupId=notification-service-group] Successfully joined group with generation Generation{generationId=7, memberId='notification-service-0-b322c041-5459-41c9-95c3-2abd35d112b5', protocol='range'}
2026-06-15 17:04:44.521 [KafkaConsumerDestination{consumerDestinationName='order-events', partitions=0, dlqName='null'}.container-0-C-1] INFO  o.a.k.c.c.i.ConsumerCoordinator trace=,span= - [Consumer clientId=notification-service-0, groupId=notification-service-group] Finished assignment for group at generation 7: {notification-service-0-b322c041-5459-41c9-95c3-2abd35d112b5=Assignment(partitions=[order-events-0])}
2026-06-15 17:04:44.539 [KafkaConsumerDestination{consumerDestinationName='order-events', partitions=0, dlqName='null'}.container-0-C-1] INFO  o.a.k.c.c.i.ConsumerCoordinator trace=,span= - [Consumer clientId=notification-service-0, groupId=notification-service-group] Successfully synced group in generation Generation{generationId=7, memberId='notification-service-0-b322c041-5459-41c9-95c3-2abd35d112b5', protocol='range'}
2026-06-15 17:04:44.539 [KafkaConsumerDestination{consumerDestinationName='order-events', partitions=0, dlqName='null'}.container-0-C-1] INFO  o.a.k.c.c.i.ConsumerCoordinator trace=,span= - [Consumer clientId=notification-service-0, groupId=notification-service-group] Notifying assignor about the new Assignment(partitions=[order-events-0])
2026-06-15 17:04:44.541 [KafkaConsumerDestination{consumerDestinationName='order-events', partitions=0, dlqName='null'}.container-0-C-1] INFO  o.a.k.c.c.i.ConsumerRebalanceListenerInvoker trace=,span= - [Consumer clientId=notification-service-0, groupId=notification-service-group] Adding newly assigned partitions: [order-events-0]
2026-06-15 17:04:44.560 [KafkaConsumerDestination{consumerDestinationName='order-events', partitions=0, dlqName='null'}.container-0-C-1] INFO  o.a.k.c.c.internals.ConsumerUtils trace=,span= - Setting offset for partition order-events-0 to the committed offset FetchPosition{offset=3, offsetEpoch=Optional.empty, currentLeader=LeaderAndEpoch{leader=Optional[localhost:9092 (id: 1 rack: null isFenced: false)], epoch=2}}
2026-06-15 17:04:46.575 [KafkaConsumerDestination{consumerDestinationName='order-events', partitions=0, dlqName='null'}.container-0-C-1] INFO  c.l.n.m.OrderNotificationListener trace=,span= - Received order event: OrderEventMessage[tenantId=Dzianis-Tech1-Inc, orderId=4cfc6ceb-30fc-4ae5-b5c1-7fc49d759a98, status=CREATED]
2026-06-15 17:04:46.862 [KafkaConsumerDestination{consumerDestinationName='order-events', partitions=0, dlqName='null'}.container-0-C-1] DEBUG c.l.n.cache.OrderRedisCacheService trace=,span= - Order is not present in cache: tenantId=Dzianis-Tech1-Inc, orderId=4cfc6ceb-30fc-4ae5-b5c1-7fc49d759a98
2026-06-15 17:04:46.863 [KafkaConsumerDestination{consumerDestinationName='order-events', partitions=0, dlqName='null'}.container-0-C-1] DEBUG c.l.n.s.OrderNotificationService trace=,span= - Order not found in cache, using fallback to db stub | orderId=4cfc6ceb-30fc-4ae5-b5c1-7fc49d759a98
2026-06-15 17:04:46.863 [KafkaConsumerDestination{consumerDestinationName='order-events', partitions=0, dlqName='null'}.container-0-C-1] INFO  c.l.n.s.OrderNotificationService trace=,span= - Triggering order receipt notification | orderId=4cfc6ceb-30fc-4ae5-b5c1-7fc49d759a98 status=CREATED
2026-06-15 17:04:46.863 [KafkaConsumerDestination{consumerDestinationName='order-events', partitions=0, dlqName='null'}.container-0-C-1] DEBUG c.l.n.s.OrderReceiptNotificationService trace=,span= - Order receipt notification | tenantId=Dzianis-Tech1-Inc orderId=4cfc6ceb-30fc-4ae5-b5c1-7fc49d759a98 status=CREATED message='Order receipt: Your order '4cfc6ceb-30fc-4ae5-b5c1-7fc49d759a98' has been created. Thank you for choosing us!'
2026-06-15 17:04:46.864 [KafkaConsumerDestination{consumerDestinationName='order-events', partitions=0, dlqName='null'}.container-0-C-1] ERROR c.l.n.m.OrderNotificationListener trace=,span= - Error processing order event
java.lang.NullPointerException: Cannot invoke "com.loadup.notification.dto.Customer.getCommunicationPreference()" because the return value of "com.loadup.notification.dto.Order.getCustomer()" is null
	at com.loadup.notification.service.OrderReceiptNotificationService.notify(OrderReceiptNotificationService.java:33)
	at com.loadup.notification.service.OrderNotificationService.process(OrderNotificationService.java:50)
	at com.loadup.notification.messaging.OrderNotificationListener.lambda$orderUpdateConsumer$0(OrderNotificationListener.java:30)
	at org.springframework.cloud.function.context.catalog.SimpleFunctionRegistry$FunctionInvocationWrapper.invokeConsumer(SimpleFunctionRegistry.java:1129)
	at org.springframework.cloud.function.context.catalog.SimpleFunctionRegistry$FunctionInvocationWrapper.doApply(SimpleFunctionRegistry.java:829)
	at org.springframework.cloud.function.context.catalog.SimpleFunctionRegistry$FunctionInvocationWrapper.apply(SimpleFunctionRegistry.java:656)
	at org.springframework.cloud.stream.function.PartitionAwareFunctionWrapper.apply(PartitionAwareFunctionWrapper.java:92)
	at org.springframework.cloud.stream.function.FunctionConfiguration$FunctionWrapper.apply(FunctionConfiguration.java:830)
	at org.springframework.cloud.stream.function.FunctionConfiguration$FunctionToDestinationBinder$1.handleMessageInternal(FunctionConfiguration.java:668)
	at org.springframework.integration.handler.AbstractMessageHandler.doHandleMessage(AbstractMessageHandler.java:102)
	at org.springframework.integration.handler.AbstractMessageHandler.handleMessage(AbstractMessageHandler.java:70)
	at org.springframework.integration.dispatcher.AbstractDispatcher.tryOptimizedDispatch(AbstractDispatcher.java:133)
	at org.springframework.integration.dispatcher.UnicastingDispatcher.doDispatch(UnicastingDispatcher.java:150)
	at org.springframework.integration.dispatcher.UnicastingDispatcher.dispatch(UnicastingDispatcher.java:123)
	at org.springframework.integration.channel.AbstractSubscribableChannel.doSend(AbstractSubscribableChannel.java:72)
	at org.springframework.integration.channel.AbstractMessageChannel.sendInternal(AbstractMessageChannel.java:438)
	at org.springframework.integration.channel.AbstractMessageChannel.send(AbstractMessageChannel.java:341)
	at org.springframework.integration.channel.AbstractMessageChannel.send(AbstractMessageChannel.java:310)
	at org.springframework.messaging.core.GenericMessagingTemplate.doSend(GenericMessagingTemplate.java:187)
	at org.springframework.messaging.core.GenericMessagingTemplate.doSend(GenericMessagingTemplate.java:166)
	at org.springframework.messaging.core.GenericMessagingTemplate.doSend(GenericMessagingTemplate.java:47)
	at org.springframework.messaging.core.AbstractMessageSendingTemplate.send(AbstractMessageSendingTemplate.java:108)
	at org.springframework.integration.endpoint.MessageProducerSupport.sendMessageWithTracking(MessageProducerSupport.java:278)
	at org.springframework.integration.endpoint.MessageProducerSupport.sendMessage(MessageProducerSupport.java:267)
	at org.springframework.integration.kafka.inbound.KafkaMessageDrivenChannelAdapter.doSendMessage(KafkaMessageDrivenChannelAdapter.java:402)
	at org.springframework.integration.kafka.inbound.KafkaMessageDrivenChannelAdapter$IntegrationRecordMessageListener.lambda$onMessage$0(KafkaMessageDrivenChannelAdapter.java:467)
	at org.springframework.integration.kafka.inbound.KafkaInboundEndpoint.lambda$doWithRetry$0(KafkaInboundEndpoint.java:83)
	at org.springframework.core.retry.RetryTemplate.execute(RetryTemplate.java:135)
	at org.springframework.integration.kafka.inbound.KafkaInboundEndpoint.doWithRetry(KafkaInboundEndpoint.java:81)
	at org.springframework.integration.kafka.inbound.KafkaMessageDrivenChannelAdapter$IntegrationRecordMessageListener.onMessage(KafkaMessageDrivenChannelAdapter.java:464)
	at org.springframework.integration.kafka.inbound.KafkaMessageDrivenChannelAdapter$IntegrationRecordMessageListener.onMessage(KafkaMessageDrivenChannelAdapter.java:428)
	at org.springframework.kafka.listener.KafkaMessageListenerContainer$ListenerConsumer.doInvokeOnMessage(KafkaMessageListenerContainer.java:2948)
	at org.springframework.kafka.listener.KafkaMessageListenerContainer$ListenerConsumer.invokeOnMessage(KafkaMessageListenerContainer.java:2927)
	at org.springframework.kafka.listener.KafkaMessageListenerContainer$ListenerConsumer.doInvokeRecordListener(KafkaMessageListenerContainer.java:2837)
	at org.springframework.kafka.listener.KafkaMessageListenerContainer$ListenerConsumer.doInvokeWithRecords(KafkaMessageListenerContainer.java:2679)
	at org.springframework.kafka.listener.KafkaMessageListenerContainer$ListenerConsumer.invokeRecordListener(KafkaMessageListenerContainer.java:2573)
	at org.springframework.kafka.listener.KafkaMessageListenerContainer$ListenerConsumer.invokeListener(KafkaMessageListenerContainer.java:2204)
	at org.springframework.kafka.listener.KafkaMessageListenerContainer$ListenerConsumer.invokeIfHaveRecords(KafkaMessageListenerContainer.java:1559)
	at org.springframework.kafka.listener.KafkaMessageListenerContainer$ListenerConsumer.pollAndInvoke(KafkaMessageListenerContainer.java:1499)
	at org.springframework.kafka.listener.KafkaMessageListenerContainer$ListenerConsumer.run(KafkaMessageListenerContainer.java:1368)
	at java.base/java.util.concurrent.CompletableFuture$AsyncRun.run(CompletableFuture.java:1825)
	at java.base/java.lang.Thread.run(Thread.java:1474)
2026-06-15 17:04:47.879 [KafkaConsumerDestination{consumerDestinationName='order-events', partitions=0, dlqName='null'}.container-0-C-1] INFO  c.l.n.m.OrderNotificationListener trace=,span= - Received order event: OrderEventMessage[tenantId=Dzianis-Tech1-Inc, orderId=4cfc6ceb-30fc-4ae5-b5c1-7fc49d759a98, status=CREATED]
2026-06-15 17:04:47.882 [KafkaConsumerDestination{consumerDestinationName='order-events', partitions=0, dlqName='null'}.container-0-C-1] DEBUG c.l.n.cache.OrderRedisCacheService trace=,span= - Order is not present in cache: tenantId=Dzianis-Tech1-Inc, orderId=4cfc6ceb-30fc-4ae5-b5c1-7fc49d759a98
2026-06-15 17:04:47.882 [KafkaConsumerDestination{consumerDestinationName='order-events', partitions=0, dlqName='null'}.container-0-C-1] DEBUG c.l.n.s.OrderNotificationService trace=,span= - Order not found in cache, using fallback to db stub | orderId=4cfc6ceb-30fc-4ae5-b5c1-7fc49d759a98
2026-06-15 17:04:47.882 [KafkaConsumerDestination{consumerDestinationName='order-events', partitions=0, dlqName='null'}.container-0-C-1] INFO  c.l.n.s.OrderNotificationService trace=,span= - Triggering order receipt notification | orderId=4cfc6ceb-30fc-4ae5-b5c1-7fc49d759a98 status=CREATED
2026-06-15 17:04:47.882 [KafkaConsumerDestination{consumerDestinationName='order-events', partitions=0, dlqName='null'}.container-0-C-1] DEBUG c.l.n.s.OrderReceiptNotificationService trace=,span= - Order receipt notification | tenantId=Dzianis-Tech1-Inc orderId=4cfc6ceb-30fc-4ae5-b5c1-7fc49d759a98 status=CREATED message='Order receipt: Your order '4cfc6ceb-30fc-4ae5-b5c1-7fc49d759a98' has been created. Thank you for choosing us!'
2026-06-15 17:04:47.882 [KafkaConsumerDestination{consumerDestinationName='order-events', partitions=0, dlqName='null'}.container-0-C-1] ERROR c.l.n.m.OrderNotificationListener trace=,span= - Error processing order event
java.lang.NullPointerException: Cannot invoke "com.loadup.notification.dto.Customer.getCommunicationPreference()" because the return value of "com.loadup.notification.dto.Order.getCustomer()" is null
	at com.loadup.notification.service.OrderReceiptNotificationService.notify(OrderReceiptNotificationService.java:33)
	at com.loadup.notification.service.OrderNotificationService.process(OrderNotificationService.java:50)
	at com.loadup.notification.messaging.OrderNotificationListener.lambda$orderUpdateConsumer$0(OrderNotificationListener.java:30)
	at org.springframework.cloud.function.context.catalog.SimpleFunctionRegistry$FunctionInvocationWrapper.invokeConsumer(SimpleFunctionRegistry.java:1129)
	at org.springframework.cloud.function.context.catalog.SimpleFunctionRegistry$FunctionInvocationWrapper.doApply(SimpleFunctionRegistry.java:829)
	at org.springframework.cloud.function.context.catalog.SimpleFunctionRegistry$FunctionInvocationWrapper.apply(SimpleFunctionRegistry.java:656)
	at org.springframework.cloud.stream.function.PartitionAwareFunctionWrapper.apply(PartitionAwareFunctionWrapper.java:92)
	at org.springframework.cloud.stream.function.FunctionConfiguration$FunctionWrapper.apply(FunctionConfiguration.java:830)
	at org.springframework.cloud.stream.function.FunctionConfiguration$FunctionToDestinationBinder$1.handleMessageInternal(FunctionConfiguration.java:668)
	at org.springframework.integration.handler.AbstractMessageHandler.doHandleMessage(AbstractMessageHandler.java:102)
	at org.springframework.integration.handler.AbstractMessageHandler.handleMessage(AbstractMessageHandler.java:70)
	at org.springframework.integration.dispatcher.AbstractDispatcher.tryOptimizedDispatch(AbstractDispatcher.java:133)
	at org.springframework.integration.dispatcher.UnicastingDispatcher.doDispatch(UnicastingDispatcher.java:150)
	at org.springframework.integration.dispatcher.UnicastingDispatcher.dispatch(UnicastingDispatcher.java:123)
	at org.springframework.integration.channel.AbstractSubscribableChannel.doSend(AbstractSubscribableChannel.java:72)
	at org.springframework.integration.channel.AbstractMessageChannel.sendInternal(AbstractMessageChannel.java:438)
	at org.springframework.integration.channel.AbstractMessageChannel.send(AbstractMessageChannel.java:341)
	at org.springframework.integration.channel.AbstractMessageChannel.send(AbstractMessageChannel.java:310)
	at org.springframework.messaging.core.GenericMessagingTemplate.doSend(GenericMessagingTemplate.java:187)
	at org.springframework.messaging.core.GenericMessagingTemplate.doSend(GenericMessagingTemplate.java:166)
	at org.springframework.messaging.core.GenericMessagingTemplate.doSend(GenericMessagingTemplate.java:47)
	at org.springframework.messaging.core.AbstractMessageSendingTemplate.send(AbstractMessageSendingTemplate.java:108)
	at org.springframework.integration.endpoint.MessageProducerSupport.sendMessageWithTracking(MessageProducerSupport.java:278)
	at org.springframework.integration.endpoint.MessageProducerSupport.sendMessage(MessageProducerSupport.java:267)
	at org.springframework.integration.kafka.inbound.KafkaMessageDrivenChannelAdapter.doSendMessage(KafkaMessageDrivenChannelAdapter.java:402)
	at org.springframework.integration.kafka.inbound.KafkaMessageDrivenChannelAdapter$IntegrationRecordMessageListener.lambda$onMessage$0(KafkaMessageDrivenChannelAdapter.java:467)
	at org.springframework.integration.kafka.inbound.KafkaInboundEndpoint.lambda$doWithRetry$0(KafkaInboundEndpoint.java:83)
	at org.springframework.core.retry.RetryTemplate.execute(RetryTemplate.java:174)
	at org.springframework.integration.kafka.inbound.KafkaInboundEndpoint.doWithRetry(KafkaInboundEndpoint.java:81)
	at org.springframework.integration.kafka.inbound.KafkaMessageDrivenChannelAdapter$IntegrationRecordMessageListener.onMessage(KafkaMessageDrivenChannelAdapter.java:464)
	at org.springframework.integration.kafka.inbound.KafkaMessageDrivenChannelAdapter$IntegrationRecordMessageListener.onMessage(KafkaMessageDrivenChannelAdapter.java:428)
	at org.springframework.kafka.listener.KafkaMessageListenerContainer$ListenerConsumer.doInvokeOnMessage(KafkaMessageListenerContainer.java:2948)
	at org.springframework.kafka.listener.KafkaMessageListenerContainer$ListenerConsumer.invokeOnMessage(KafkaMessageListenerContainer.java:2927)
	at org.springframework.kafka.listener.KafkaMessageListenerContainer$ListenerConsumer.doInvokeRecordListener(KafkaMessageListenerContainer.java:2837)
	at org.springframework.kafka.listener.KafkaMessageListenerContainer$ListenerConsumer.doInvokeWithRecords(KafkaMessageListenerContainer.java:2679)
	at org.springframework.kafka.listener.KafkaMessageListenerContainer$ListenerConsumer.invokeRecordListener(KafkaMessageListenerContainer.java:2573)
	at org.springframework.kafka.listener.KafkaMessageListenerContainer$ListenerConsumer.invokeListener(KafkaMessageListenerContainer.java:2204)
	at org.springframework.kafka.listener.KafkaMessageListenerContainer$ListenerConsumer.invokeIfHaveRecords(KafkaMessageListenerContainer.java:1559)
	at org.springframework.kafka.listener.KafkaMessageListenerContainer$ListenerConsumer.pollAndInvoke(KafkaMessageListenerContainer.java:1499)
	at org.springframework.kafka.listener.KafkaMessageListenerContainer$ListenerConsumer.run(KafkaMessageListenerContainer.java:1368)
	at java.base/java.util.concurrent.CompletableFuture$AsyncRun.run(CompletableFuture.java:1825)
	at java.base/java.lang.Thread.run(Thread.java:1474)
2026-06-15 17:04:49.888 [KafkaConsumerDestination{consumerDestinationName='order-events', partitions=0, dlqName='null'}.container-0-C-1] INFO  c.l.n.m.OrderNotificationListener trace=,span= - Received order event: OrderEventMessage[tenantId=Dzianis-Tech1-Inc, orderId=4cfc6ceb-30fc-4ae5-b5c1-7fc49d759a98, status=CREATED]
2026-06-15 17:04:49.895 [KafkaConsumerDestination{consumerDestinationName='order-events', partitions=0, dlqName='null'}.container-0-C-1] DEBUG c.l.n.cache.OrderRedisCacheService trace=,span= - Order is not present in cache: tenantId=Dzianis-Tech1-Inc, orderId=4cfc6ceb-30fc-4ae5-b5c1-7fc49d759a98
2026-06-15 17:04:49.896 [KafkaConsumerDestination{consumerDestinationName='order-events', partitions=0, dlqName='null'}.container-0-C-1] DEBUG c.l.n.s.OrderNotificationService trace=,span= - Order not found in cache, using fallback to db stub | orderId=4cfc6ceb-30fc-4ae5-b5c1-7fc49d759a98
2026-06-15 17:04:49.897 [KafkaConsumerDestination{consumerDestinationName='order-events', partitions=0, dlqName='null'}.container-0-C-1] INFO  c.l.n.s.OrderNotificationService trace=,span= - Triggering order receipt notification | orderId=4cfc6ceb-30fc-4ae5-b5c1-7fc49d759a98 status=CREATED
2026-06-15 17:04:49.897 [KafkaConsumerDestination{consumerDestinationName='order-events', partitions=0, dlqName='null'}.container-0-C-1] DEBUG c.l.n.s.OrderReceiptNotificationService trace=,span= - Order receipt notification | tenantId=Dzianis-Tech1-Inc orderId=4cfc6ceb-30fc-4ae5-b5c1-7fc49d759a98 status=CREATED message='Order receipt: Your order '4cfc6ceb-30fc-4ae5-b5c1-7fc49d759a98' has been created. Thank you for choosing us!'
2026-06-15 17:04:49.897 [KafkaConsumerDestination{consumerDestinationName='order-events', partitions=0, dlqName='null'}.container-0-C-1] ERROR c.l.n.m.OrderNotificationListener trace=,span= - Error processing order event
java.lang.NullPointerException: Cannot invoke "com.loadup.notification.dto.Customer.getCommunicationPreference()" because the return value of "com.loadup.notification.dto.Order.getCustomer()" is null
	at com.loadup.notification.service.OrderReceiptNotificationService.notify(OrderReceiptNotificationService.java:33)
	at com.loadup.notification.service.OrderNotificationService.process(OrderNotificationService.java:50)
	at com.loadup.notification.messaging.OrderNotificationListener.lambda$orderUpdateConsumer$0(OrderNotificationListener.java:30)
	at org.springframework.cloud.function.context.catalog.SimpleFunctionRegistry$FunctionInvocationWrapper.invokeConsumer(SimpleFunctionRegistry.java:1129)
	at org.springframework.cloud.function.context.catalog.SimpleFunctionRegistry$FunctionInvocationWrapper.doApply(SimpleFunctionRegistry.java:829)
	at org.springframework.cloud.function.context.catalog.SimpleFunctionRegistry$FunctionInvocationWrapper.apply(SimpleFunctionRegistry.java:656)
	at org.springframework.cloud.stream.function.PartitionAwareFunctionWrapper.apply(PartitionAwareFunctionWrapper.java:92)
	at org.springframework.cloud.stream.function.FunctionConfiguration$FunctionWrapper.apply(FunctionConfiguration.java:830)
	at org.springframework.cloud.stream.function.FunctionConfiguration$FunctionToDestinationBinder$1.handleMessageInternal(FunctionConfiguration.java:668)
	at org.springframework.integration.handler.AbstractMessageHandler.doHandleMessage(AbstractMessageHandler.java:102)
	at org.springframework.integration.handler.AbstractMessageHandler.handleMessage(AbstractMessageHandler.java:70)
	at org.springframework.integration.dispatcher.AbstractDispatcher.tryOptimizedDispatch(AbstractDispatcher.java:133)
	at org.springframework.integration.dispatcher.UnicastingDispatcher.doDispatch(UnicastingDispatcher.java:150)
	at org.springframework.integration.dispatcher.UnicastingDispatcher.dispatch(UnicastingDispatcher.java:123)
	at org.springframework.integration.channel.AbstractSubscribableChannel.doSend(AbstractSubscribableChannel.java:72)
	at org.springframework.integration.channel.AbstractMessageChannel.sendInternal(AbstractMessageChannel.java:438)
	at org.springframework.integration.channel.AbstractMessageChannel.send(AbstractMessageChannel.java:341)
	at org.springframework.integration.channel.AbstractMessageChannel.send(AbstractMessageChannel.java:310)
	at org.springframework.messaging.core.GenericMessagingTemplate.doSend(GenericMessagingTemplate.java:187)
	at org.springframework.messaging.core.GenericMessagingTemplate.doSend(GenericMessagingTemplate.java:166)
	at org.springframework.messaging.core.GenericMessagingTemplate.doSend(GenericMessagingTemplate.java:47)
	at org.springframework.messaging.core.AbstractMessageSendingTemplate.send(AbstractMessageSendingTemplate.java:108)
	at org.springframework.integration.endpoint.MessageProducerSupport.sendMessageWithTracking(MessageProducerSupport.java:278)
	at org.springframework.integration.endpoint.MessageProducerSupport.sendMessage(MessageProducerSupport.java:267)
	at org.springframework.integration.kafka.inbound.KafkaMessageDrivenChannelAdapter.doSendMessage(KafkaMessageDrivenChannelAdapter.java:402)
	at org.springframework.integration.kafka.inbound.KafkaMessageDrivenChannelAdapter$IntegrationRecordMessageListener.lambda$onMessage$0(KafkaMessageDrivenChannelAdapter.java:467)
	at org.springframework.integration.kafka.inbound.KafkaInboundEndpoint.lambda$doWithRetry$0(KafkaInboundEndpoint.java:83)
	at org.springframework.core.retry.RetryTemplate.execute(RetryTemplate.java:174)
	at org.springframework.integration.kafka.inbound.KafkaInboundEndpoint.doWithRetry(KafkaInboundEndpoint.java:81)
	at org.springframework.integration.kafka.inbound.KafkaMessageDrivenChannelAdapter$IntegrationRecordMessageListener.onMessage(KafkaMessageDrivenChannelAdapter.java:464)
	at org.springframework.integration.kafka.inbound.KafkaMessageDrivenChannelAdapter$IntegrationRecordMessageListener.onMessage(KafkaMessageDrivenChannelAdapter.java:428)
	at org.springframework.kafka.listener.KafkaMessageListenerContainer$ListenerConsumer.doInvokeOnMessage(KafkaMessageListenerContainer.java:2948)
	at org.springframework.kafka.listener.KafkaMessageListenerContainer$ListenerConsumer.invokeOnMessage(KafkaMessageListenerContainer.java:2927)
	at org.springframework.kafka.listener.KafkaMessageListenerContainer$ListenerConsumer.doInvokeRecordListener(KafkaMessageListenerContainer.java:2837)
	at org.springframework.kafka.listener.KafkaMessageListenerContainer$ListenerConsumer.doInvokeWithRecords(KafkaMessageListenerContainer.java:2679)
	at org.springframework.kafka.listener.KafkaMessageListenerContainer$ListenerConsumer.invokeRecordListener(KafkaMessageListenerContainer.java:2573)
	at org.springframework.kafka.listener.KafkaMessageListenerContainer$ListenerConsumer.invokeListener(KafkaMessageListenerContainer.java:2204)
	at org.springframework.kafka.listener.KafkaMessageListenerContainer$ListenerConsumer.invokeIfHaveRecords(KafkaMessageListenerContainer.java:1559)
	at org.springframework.kafka.listener.KafkaMessageListenerContainer$ListenerConsumer.pollAndInvoke(KafkaMessageListenerContainer.java:1499)
	at org.springframework.kafka.listener.KafkaMessageListenerContainer$ListenerConsumer.run(KafkaMessageListenerContainer.java:1368)
	at java.base/java.util.concurrent.CompletableFuture$AsyncRun.run(CompletableFuture.java:1825)
	at java.base/java.lang.Thread.run(Thread.java:1474)
2026-06-15 17:04:49.905 [KafkaConsumerDestination{consumerDestinationName='order-events', partitions=0, dlqName='null'}.container-0-C-1] ERROR o.s.i.handler.LoggingHandler trace=,span= - org.springframework.messaging.MessagingException: Retry policy for operation 'org.springframework.integration.kafka.inbound.KafkaInboundEndpoint$$Lambda/0x000007ff01932260' exhausted; aborting execution
	at org.springframework.integration.core.ErrorMessagePublisher.determinePayload(ErrorMessagePublisher.java:186)
	at org.springframework.integration.core.ErrorMessagePublisher.publish(ErrorMessagePublisher.java:162)
	at org.springframework.integration.handler.advice.ErrorMessageSendingRecoverer.recover(ErrorMessageSendingRecoverer.java:79)
	at org.springframework.integration.kafka.inbound.KafkaInboundEndpoint.doWithRetry(KafkaInboundEndpoint.java:94)
	at org.springframework.integration.kafka.inbound.KafkaMessageDrivenChannelAdapter$IntegrationRecordMessageListener.onMessage(KafkaMessageDrivenChannelAdapter.java:464)
	at org.springframework.integration.kafka.inbound.KafkaMessageDrivenChannelAdapter$IntegrationRecordMessageListener.onMessage(KafkaMessageDrivenChannelAdapter.java:428)
	at org.springframework.kafka.listener.KafkaMessageListenerContainer$ListenerConsumer.doInvokeOnMessage(KafkaMessageListenerContainer.java:2948)
	at org.springframework.kafka.listener.KafkaMessageListenerContainer$ListenerConsumer.invokeOnMessage(KafkaMessageListenerContainer.java:2927)
	at org.springframework.kafka.listener.KafkaMessageListenerContainer$ListenerConsumer.doInvokeRecordListener(KafkaMessageListenerContainer.java:2837)
	at org.springframework.kafka.listener.KafkaMessageListenerContainer$ListenerConsumer.doInvokeWithRecords(KafkaMessageListenerContainer.java:2679)
	at org.springframework.kafka.listener.KafkaMessageListenerContainer$ListenerConsumer.invokeRecordListener(KafkaMessageListenerContainer.java:2573)
	at org.springframework.kafka.listener.KafkaMessageListenerContainer$ListenerConsumer.invokeListener(KafkaMessageListenerContainer.java:2204)
	at org.springframework.kafka.listener.KafkaMessageListenerContainer$ListenerConsumer.invokeIfHaveRecords(KafkaMessageListenerContainer.java:1559)
	at org.springframework.kafka.listener.KafkaMessageListenerContainer$ListenerConsumer.pollAndInvoke(KafkaMessageListenerContainer.java:1499)
	at org.springframework.kafka.listener.KafkaMessageListenerContainer$ListenerConsumer.run(KafkaMessageListenerContainer.java:1368)
	at java.base/java.util.concurrent.CompletableFuture$AsyncRun.run(CompletableFuture.java:1825)
	at java.base/java.lang.Thread.run(Thread.java:1474)
Caused by: org.springframework.core.retry.RetryException: Retry policy for operation 'org.springframework.integration.kafka.inbound.KafkaInboundEndpoint$$Lambda/0x000007ff01932260' exhausted; aborting execution
	at org.springframework.core.retry.RetryTemplate.execute(RetryTemplate.java:197)
	at org.springframework.integration.kafka.inbound.KafkaInboundEndpoint.doWithRetry(KafkaInboundEndpoint.java:81)
	... 13 more
	Suppressed: org.springframework.messaging.MessageHandlingException: error occurred in message handler [org.springframework.cloud.stream.function.FunctionConfiguration$FunctionToDestinationBinder$1@51d5a543], failedMessage=GenericMessage [payload=byte[100], headers={deliveryAttempt=3, kafka_timestampType=CREATE_TIME, kafka_receivedMessageKey=[B@61d867b8, kafka_receivedTopic=order-events, kafka_offset=3, scst_nativeHeadersPresent=true, traceparent=00-7f202ad349dcf42a0fd23232f2a09c2b-69011615b9bbab1b-00, kafka_consumer=org.springframework.kafka.core.DefaultKafkaConsumerFactory$ExtendedKafkaConsumer@7b60e9a, kafka_receivedPartitionId=0, contentType=application/json, kafka_receivedTimestamp=1781557486455, kafka_acknowledgment=Acknowledgment for order-events-0@3, kafka_groupId=notification-service-group}]
		at org.springframework.integration.support.utils.IntegrationUtils.wrapInHandlingExceptionIfNecessary(IntegrationUtils.java:190)
		at org.springframework.integration.handler.AbstractMessageHandler.doHandleMessage(AbstractMessageHandler.java:105)
		at org.springframework.integration.handler.AbstractMessageHandler.handleMessage(AbstractMessageHandler.java:70)
		at org.springframework.integration.dispatcher.AbstractDispatcher.tryOptimizedDispatch(AbstractDispatcher.java:133)
		at org.springframework.integration.dispatcher.UnicastingDispatcher.doDispatch(UnicastingDispatcher.java:150)
		at org.springframework.integration.dispatcher.UnicastingDispatcher.dispatch(UnicastingDispatcher.java:123)
		at org.springframework.integration.channel.AbstractSubscribableChannel.doSend(AbstractSubscribableChannel.java:72)
		at org.springframework.integration.channel.AbstractMessageChannel.sendInternal(AbstractMessageChannel.java:438)
		at org.springframework.integration.channel.AbstractMessageChannel.send(AbstractMessageChannel.java:341)
		at org.springframework.integration.channel.AbstractMessageChannel.send(AbstractMessageChannel.java:310)
		at org.springframework.messaging.core.GenericMessagingTemplate.doSend(GenericMessagingTemplate.java:187)
		at org.springframework.messaging.core.GenericMessagingTemplate.doSend(GenericMessagingTemplate.java:166)
		at org.springframework.messaging.core.GenericMessagingTemplate.doSend(GenericMessagingTemplate.java:47)
		at org.springframework.messaging.core.AbstractMessageSendingTemplate.send(AbstractMessageSendingTemplate.java:108)
		at org.springframework.integration.endpoint.MessageProducerSupport.sendMessageWithTracking(MessageProducerSupport.java:278)
		at org.springframework.integration.endpoint.MessageProducerSupport.sendMessage(MessageProducerSupport.java:267)
		at org.springframework.integration.kafka.inbound.KafkaMessageDrivenChannelAdapter.doSendMessage(KafkaMessageDrivenChannelAdapter.java:402)
		at org.springframework.integration.kafka.inbound.KafkaMessageDrivenChannelAdapter$IntegrationRecordMessageListener.lambda$onMessage$0(KafkaMessageDrivenChannelAdapter.java:467)
		at org.springframework.integration.kafka.inbound.KafkaInboundEndpoint.lambda$doWithRetry$0(KafkaInboundEndpoint.java:83)
		at org.springframework.core.retry.RetryTemplate.execute(RetryTemplate.java:135)
		... 14 more
	Caused by: java.lang.RuntimeException: Failed to process order event
		at com.loadup.notification.messaging.OrderNotificationListener.lambda$orderUpdateConsumer$0(OrderNotificationListener.java:41)
		at org.springframework.cloud.function.context.catalog.SimpleFunctionRegistry$FunctionInvocationWrapper.invokeConsumer(SimpleFunctionRegistry.java:1129)
		at org.springframework.cloud.function.context.catalog.SimpleFunctionRegistry$FunctionInvocationWrapper.doApply(SimpleFunctionRegistry.java:829)
		at org.springframework.cloud.function.context.catalog.SimpleFunctionRegistry$FunctionInvocationWrapper.apply(SimpleFunctionRegistry.java:656)
		at org.springframework.cloud.stream.function.PartitionAwareFunctionWrapper.apply(PartitionAwareFunctionWrapper.java:92)
		at org.springframework.cloud.stream.function.FunctionConfiguration$FunctionWrapper.apply(FunctionConfiguration.java:830)
		at org.springframework.cloud.stream.function.FunctionConfiguration$FunctionToDestinationBinder$1.handleMessageInternal(FunctionConfiguration.java:668)
		at org.springframework.integration.handler.AbstractMessageHandler.doHandleMessage(AbstractMessageHandler.java:102)
		... 32 more
	Caused by: java.lang.NullPointerException: Cannot invoke "com.loadup.notification.dto.Customer.getCommunicationPreference()" because the return value of "com.loadup.notification.dto.Order.getCustomer()" is null
		at com.loadup.notification.service.OrderReceiptNotificationService.notify(OrderReceiptNotificationService.java:33)
		at com.loadup.notification.service.OrderNotificationService.process(OrderNotificationService.java:50)
		at com.loadup.notification.messaging.OrderNotificationListener.lambda$orderUpdateConsumer$0(OrderNotificationListener.java:30)
		... 39 more
	Suppressed: org.springframework.messaging.MessageHandlingException: error occurred in message handler [org.springframework.cloud.stream.function.FunctionConfiguration$FunctionToDestinationBinder$1@51d5a543], failedMessage=GenericMessage [payload=byte[100], headers={deliveryAttempt=3, kafka_timestampType=CREATE_TIME, kafka_receivedMessageKey=[B@61d867b8, kafka_receivedTopic=order-events, kafka_offset=3, scst_nativeHeadersPresent=true, traceparent=00-7f202ad349dcf42a0fd23232f2a09c2b-69011615b9bbab1b-00, kafka_consumer=org.springframework.kafka.core.DefaultKafkaConsumerFactory$ExtendedKafkaConsumer@7b60e9a, kafka_receivedPartitionId=0, contentType=application/json, kafka_receivedTimestamp=1781557486455, kafka_acknowledgment=Acknowledgment for order-events-0@3, kafka_groupId=notification-service-group}]
		at org.springframework.integration.support.utils.IntegrationUtils.wrapInHandlingExceptionIfNecessary(IntegrationUtils.java:190)
		at org.springframework.integration.handler.AbstractMessageHandler.doHandleMessage(AbstractMessageHandler.java:105)
		at org.springframework.integration.handler.AbstractMessageHandler.handleMessage(AbstractMessageHandler.java:70)
		at org.springframework.integration.dispatcher.AbstractDispatcher.tryOptimizedDispatch(AbstractDispatcher.java:133)
		at org.springframework.integration.dispatcher.UnicastingDispatcher.doDispatch(UnicastingDispatcher.java:150)
		at org.springframework.integration.dispatcher.UnicastingDispatcher.dispatch(UnicastingDispatcher.java:123)
		at org.springframework.integration.channel.AbstractSubscribableChannel.doSend(AbstractSubscribableChannel.java:72)
		at org.springframework.integration.channel.AbstractMessageChannel.sendInternal(AbstractMessageChannel.java:438)
		at org.springframework.integration.channel.AbstractMessageChannel.send(AbstractMessageChannel.java:341)
		at org.springframework.integration.channel.AbstractMessageChannel.send(AbstractMessageChannel.java:310)
		at org.springframework.messaging.core.GenericMessagingTemplate.doSend(GenericMessagingTemplate.java:187)
		at org.springframework.messaging.core.GenericMessagingTemplate.doSend(GenericMessagingTemplate.java:166)
		at org.springframework.messaging.core.GenericMessagingTemplate.doSend(GenericMessagingTemplate.java:47)
		at org.springframework.messaging.core.AbstractMessageSendingTemplate.send(AbstractMessageSendingTemplate.java:108)
		at org.springframework.integration.endpoint.MessageProducerSupport.sendMessageWithTracking(MessageProducerSupport.java:278)
		at org.springframework.integration.endpoint.MessageProducerSupport.sendMessage(MessageProducerSupport.java:267)
		at org.springframework.integration.kafka.inbound.KafkaMessageDrivenChannelAdapter.doSendMessage(KafkaMessageDrivenChannelAdapter.java:402)
		at org.springframework.integration.kafka.inbound.KafkaMessageDrivenChannelAdapter$IntegrationRecordMessageListener.lambda$onMessage$0(KafkaMessageDrivenChannelAdapter.java:467)
		at org.springframework.integration.kafka.inbound.KafkaInboundEndpoint.lambda$doWithRetry$0(KafkaInboundEndpoint.java:83)
		at org.springframework.core.retry.RetryTemplate.execute(RetryTemplate.java:174)
		... 14 more
	Caused by: java.lang.RuntimeException: Failed to process order event
		at com.loadup.notification.messaging.OrderNotificationListener.lambda$orderUpdateConsumer$0(OrderNotificationListener.java:41)
		at org.springframework.cloud.function.context.catalog.SimpleFunctionRegistry$FunctionInvocationWrapper.invokeConsumer(SimpleFunctionRegistry.java:1129)
		at org.springframework.cloud.function.context.catalog.SimpleFunctionRegistry$FunctionInvocationWrapper.doApply(SimpleFunctionRegistry.java:829)
		at org.springframework.cloud.function.context.catalog.SimpleFunctionRegistry$FunctionInvocationWrapper.apply(SimpleFunctionRegistry.java:656)
		at org.springframework.cloud.stream.function.PartitionAwareFunctionWrapper.apply(PartitionAwareFunctionWrapper.java:92)
		at org.springframework.cloud.stream.function.FunctionConfiguration$FunctionWrapper.apply(FunctionConfiguration.java:830)
		at org.springframework.cloud.stream.function.FunctionConfiguration$FunctionToDestinationBinder$1.handleMessageInternal(FunctionConfiguration.java:668)
		at org.springframework.integration.handler.AbstractMessageHandler.doHandleMessage(AbstractMessageHandler.java:102)
		... 32 more
	Caused by: java.lang.NullPointerException: Cannot invoke "com.loadup.notification.dto.Customer.getCommunicationPreference()" because the return value of "com.loadup.notification.dto.Order.getCustomer()" is null
		at com.loadup.notification.service.OrderReceiptNotificationService.notify(OrderReceiptNotificationService.java:33)
		at com.loadup.notification.service.OrderNotificationService.process(OrderNotificationService.java:50)
		at com.loadup.notification.messaging.OrderNotificationListener.lambda$orderUpdateConsumer$0(OrderNotificationListener.java:30)
		... 39 more
Caused by: org.springframework.messaging.MessageHandlingException: error occurred in message handler [org.springframework.cloud.stream.function.FunctionConfiguration$FunctionToDestinationBinder$1@51d5a543], failedMessage=GenericMessage [payload=byte[100], headers={deliveryAttempt=3, kafka_timestampType=CREATE_TIME, kafka_receivedMessageKey=[B@61d867b8, kafka_receivedTopic=order-events, kafka_offset=3, scst_nativeHeadersPresent=true, traceparent=00-7f202ad349dcf42a0fd23232f2a09c2b-69011615b9bbab1b-00, kafka_consumer=org.springframework.kafka.core.DefaultKafkaConsumerFactory$ExtendedKafkaConsumer@7b60e9a, kafka_receivedPartitionId=0, contentType=application/json, kafka_receivedTimestamp=1781557486455, kafka_acknowledgment=Acknowledgment for order-events-0@3, kafka_groupId=notification-service-group}]
	at org.springframework.integration.support.utils.IntegrationUtils.wrapInHandlingExceptionIfNecessary(IntegrationUtils.java:190)
	at org.springframework.integration.handler.AbstractMessageHandler.doHandleMessage(AbstractMessageHandler.java:105)
	at org.springframework.integration.handler.AbstractMessageHandler.handleMessage(AbstractMessageHandler.java:70)
	at org.springframework.integration.dispatcher.AbstractDispatcher.tryOptimizedDispatch(AbstractDispatcher.java:133)
	at org.springframework.integration.dispatcher.UnicastingDispatcher.doDispatch(UnicastingDispatcher.java:150)
	at org.springframework.integration.dispatcher.UnicastingDispatcher.dispatch(UnicastingDispatcher.java:123)
	at org.springframework.integration.channel.AbstractSubscribableChannel.doSend(AbstractSubscribableChannel.java:72)
	at org.springframework.integration.channel.AbstractMessageChannel.sendInternal(AbstractMessageChannel.java:438)
	at org.springframework.integration.channel.AbstractMessageChannel.send(AbstractMessageChannel.java:341)
	at org.springframework.integration.channel.AbstractMessageChannel.send(AbstractMessageChannel.java:310)
	at org.springframework.messaging.core.GenericMessagingTemplate.doSend(GenericMessagingTemplate.java:187)
	at org.springframework.messaging.core.GenericMessagingTemplate.doSend(GenericMessagingTemplate.java:166)
	at org.springframework.messaging.core.GenericMessagingTemplate.doSend(GenericMessagingTemplate.java:47)
	at org.springframework.messaging.core.AbstractMessageSendingTemplate.send(AbstractMessageSendingTemplate.java:108)
	at org.springframework.integration.endpoint.MessageProducerSupport.sendMessageWithTracking(MessageProducerSupport.java:278)
	at org.springframework.integration.endpoint.MessageProducerSupport.sendMessage(MessageProducerSupport.java:267)
	at org.springframework.integration.kafka.inbound.KafkaMessageDrivenChannelAdapter.doSendMessage(KafkaMessageDrivenChannelAdapter.java:402)
	at org.springframework.integration.kafka.inbound.KafkaMessageDrivenChannelAdapter$IntegrationRecordMessageListener.lambda$onMessage$0(KafkaMessageDrivenChannelAdapter.java:467)
	at org.springframework.integration.kafka.inbound.KafkaInboundEndpoint.lambda$doWithRetry$0(KafkaInboundEndpoint.java:83)
	at org.springframework.core.retry.RetryTemplate.execute(RetryTemplate.java:174)
	... 14 more
Caused by: java.lang.RuntimeException: Failed to process order event
	at com.loadup.notification.messaging.OrderNotificationListener.lambda$orderUpdateConsumer$0(OrderNotificationListener.java:41)
	at org.springframework.cloud.function.context.catalog.SimpleFunctionRegistry$FunctionInvocationWrapper.invokeConsumer(SimpleFunctionRegistry.java:1129)
	at org.springframework.cloud.function.context.catalog.SimpleFunctionRegistry$FunctionInvocationWrapper.doApply(SimpleFunctionRegistry.java:829)
	at org.springframework.cloud.function.context.catalog.SimpleFunctionRegistry$FunctionInvocationWrapper.apply(SimpleFunctionRegistry.java:656)
	at org.springframework.cloud.stream.function.PartitionAwareFunctionWrapper.apply(PartitionAwareFunctionWrapper.java:92)
	at org.springframework.cloud.stream.function.FunctionConfiguration$FunctionWrapper.apply(FunctionConfiguration.java:830)
	at org.springframework.cloud.stream.function.FunctionConfiguration$FunctionToDestinationBinder$1.handleMessageInternal(FunctionConfiguration.java:668)
	at org.springframework.integration.handler.AbstractMessageHandler.doHandleMessage(AbstractMessageHandler.java:102)
	... 32 more
Caused by: java.lang.NullPointerException: Cannot invoke "com.loadup.notification.dto.Customer.getCommunicationPreference()" because the return value of "com.loadup.notification.dto.Order.getCustomer()" is null
	at com.loadup.notification.service.OrderReceiptNotificationService.notify(OrderReceiptNotificationService.java:33)
	at com.loadup.notification.service.OrderNotificationService.process(OrderNotificationService.java:50)
	at com.loadup.notification.messaging.OrderNotificationListener.lambda$orderUpdateConsumer$0(OrderNotificationListener.java:30)
	... 39 more

2026-06-15 17:04:49.915 [KafkaConsumerDestination{consumerDestinationName='order-events', partitions=0, dlqName='null'}.container-0-C-1] INFO  o.a.k.common.config.AbstractConfig trace=,span= - ProducerConfig values: 
	acks = -1
	batch.size = 16384
	bootstrap.servers = [localhost:9092]
	buffer.memory = 33554432
	client.dns.lookup = use_all_dns_ips
	client.id = notification-service-1
	compression.gzip.level = -1
	compression.lz4.level = 9
	compression.type = none
	compression.zstd.level = 3
	connections.max.idle.ms = 540000
	delivery.timeout.ms = 120000
	enable.idempotence = true
	enable.metrics.push = true
	interceptor.classes = []
	key.serializer = class org.apache.kafka.common.serialization.ByteArraySerializer
	linger.ms = 0
	max.block.ms = 60000
	max.in.flight.requests.per.connection = 5
	max.request.size = 1048576
	metadata.max.age.ms = 300000
	metadata.max.idle.ms = 300000
	metadata.recovery.rebootstrap.trigger.ms = 300000
	metadata.recovery.strategy = rebootstrap
	metric.reporters = [org.apache.kafka.common.metrics.JmxReporter]
	metrics.num.samples = 2
	metrics.recording.level = INFO
	metrics.sample.window.ms = 30000
	partitioner.adaptive.partitioning.enable = true
	partitioner.availability.timeout.ms = 0
	partitioner.class = null
	partitioner.ignore.keys = false
	receive.buffer.bytes = 32768
	reconnect.backoff.max.ms = 1000
	reconnect.backoff.ms = 50
	request.timeout.ms = 30000
	retries = 2147483647
	retry.backoff.max.ms = 1000
	retry.backoff.ms = 100
	sasl.client.callback.handler.class = null
	sasl.jaas.config = null
	sasl.kerberos.kinit.cmd = /usr/bin/kinit
	sasl.kerberos.min.time.before.relogin = 60000
	sasl.kerberos.service.name = null
	sasl.kerberos.ticket.renew.jitter = 0.05
	sasl.kerberos.ticket.renew.window.factor = 0.8
	sasl.login.callback.handler.class = null
	sasl.login.class = null
	sasl.login.connect.timeout.ms = null
	sasl.login.read.timeout.ms = null
	sasl.login.refresh.buffer.seconds = 300
	sasl.login.refresh.min.period.seconds = 60
	sasl.login.refresh.window.factor = 0.8
	sasl.login.refresh.window.jitter = 0.05
	sasl.login.retry.backoff.max.ms = 10000
	sasl.login.retry.backoff.ms = 100
	sasl.mechanism = GSSAPI
	sasl.oauthbearer.assertion.algorithm = RS256
	sasl.oauthbearer.assertion.claim.aud = null
	sasl.oauthbearer.assertion.claim.exp.seconds = 300
	sasl.oauthbearer.assertion.claim.iss = null
	sasl.oauthbearer.assertion.claim.jti.include = false
	sasl.oauthbearer.assertion.claim.nbf.seconds = 60
	sasl.oauthbearer.assertion.claim.sub = null
	sasl.oauthbearer.assertion.file = null
	sasl.oauthbearer.assertion.private.key.file = null
	sasl.oauthbearer.assertion.private.key.passphrase = null
	sasl.oauthbearer.assertion.template.file = null
	sasl.oauthbearer.client.credentials.client.id = null
	sasl.oauthbearer.client.credentials.client.secret = null
	sasl.oauthbearer.clock.skew.seconds = 30
	sasl.oauthbearer.expected.audience = null
	sasl.oauthbearer.expected.issuer = null
	sasl.oauthbearer.header.urlencode = false
	sasl.oauthbearer.jwks.endpoint.refresh.ms = 3600000
	sasl.oauthbearer.jwks.endpoint.retry.backoff.max.ms = 10000
	sasl.oauthbearer.jwks.endpoint.retry.backoff.ms = 100
	sasl.oauthbearer.jwks.endpoint.url = null
	sasl.oauthbearer.jwt.retriever.class = class org.apache.kafka.common.security.oauthbearer.DefaultJwtRetriever
	sasl.oauthbearer.jwt.validator.class = class org.apache.kafka.common.security.oauthbearer.DefaultJwtValidator
	sasl.oauthbearer.scope = null
	sasl.oauthbearer.scope.claim.name = scope
	sasl.oauthbearer.sub.claim.name = sub
	sasl.oauthbearer.token.endpoint.url = null
	security.protocol = PLAINTEXT
	security.providers = null
	send.buffer.bytes = 131072
	socket.connection.setup.timeout.max.ms = 30000
	socket.connection.setup.timeout.ms = 10000
	ssl.cipher.suites = null
	ssl.enabled.protocols = [TLSv1.2, TLSv1.3]
	ssl.endpoint.identification.algorithm = https
	ssl.engine.factory.class = null
	ssl.key.password = null
	ssl.keymanager.algorithm = SunX509
	ssl.keystore.certificate.chain = null
	ssl.keystore.key = null
	ssl.keystore.location = null
	ssl.keystore.password = null
	ssl.keystore.type = JKS
	ssl.protocol = TLSv1.3
	ssl.provider = null
	ssl.secure.random.implementation = null
	ssl.trustmanager.algorithm = PKIX
	ssl.truststore.certificates = null
	ssl.truststore.location = null
	ssl.truststore.password = null
	ssl.truststore.type = JKS
	transaction.timeout.ms = 60000
	transaction.two.phase.commit.enable = false
	transactional.id = null
	value.serializer = class org.apache.kafka.common.serialization.ByteArraySerializer

2026-06-15 17:04:49.916 [KafkaConsumerDestination{consumerDestinationName='order-events', partitions=0, dlqName='null'}.container-0-C-1] INFO  o.a.k.c.t.i.KafkaMetricsCollector trace=,span= - initializing Kafka metrics collector
2026-06-15 17:04:49.923 [KafkaConsumerDestination{consumerDestinationName='order-events', partitions=0, dlqName='null'}.container-0-C-1] INFO  o.a.k.clients.producer.KafkaProducer trace=,span= - [Producer clientId=notification-service-1] Instantiated an idempotent producer.
2026-06-15 17:04:49.933 [KafkaConsumerDestination{consumerDestinationName='order-events', partitions=0, dlqName='null'}.container-0-C-1] INFO  o.a.kafka.common.utils.AppInfoParser trace=,span= - Kafka version: 4.1.2
2026-06-15 17:04:49.933 [KafkaConsumerDestination{consumerDestinationName='order-events', partitions=0, dlqName='null'}.container-0-C-1] INFO  o.a.kafka.common.utils.AppInfoParser trace=,span= - Kafka commitId: c82fd9b934b4c1e6
2026-06-15 17:04:49.934 [KafkaConsumerDestination{consumerDestinationName='order-events', partitions=0, dlqName='null'}.container-0-C-1] INFO  o.a.kafka.common.utils.AppInfoParser trace=,span= - Kafka startTimeMs: 1781557489933
2026-06-15 17:04:49.946 [kafka-producer-network-thread | notification-service-1] INFO  org.apache.kafka.clients.Metadata trace=,span= - [Producer clientId=notification-service-1] Cluster ID: 5L6g3nShT-eMCtK--X86sw
2026-06-15 17:04:49.947 [kafka-producer-network-thread | notification-service-1] INFO  o.a.k.c.p.i.TransactionManager trace=,span= - [Producer clientId=notification-service-1] ProducerId set to 1004 with epoch 0
2026-06-15 17:07:04.702 [SpringApplicationShutdownHook] INFO  o.s.boot.tomcat.GracefulShutdown trace=,span= - Commencing graceful shutdown. Waiting for active requests to complete
2026-06-15 17:07:04.733 [tomcat-shutdown] INFO  o.s.boot.tomcat.GracefulShutdown trace=,span= - Graceful shutdown complete
2026-06-15 17:07:04.737 [KafkaConsumerDestination{consumerDestinationName='order-events', partitions=0, dlqName='null'}.container-0-C-1] INFO  o.a.k.c.c.i.ConsumerRebalanceListenerInvoker trace=,span= - [Consumer clientId=notification-service-0, groupId=notification-service-group] Revoke previously assigned partitions [order-events-0]
2026-06-15 17:07:04.737 [KafkaConsumerDestination{consumerDestinationName='order-events', partitions=0, dlqName='null'}.container-0-C-1] INFO  o.a.k.c.c.i.ConsumerCoordinator trace=,span= - [Consumer clientId=notification-service-0, groupId=notification-service-group] Member notification-service-0-b322c041-5459-41c9-95c3-2abd35d112b5 sending LeaveGroup request to coordinator localhost:9092 (id: 2147483646 rack: null isFenced: false) due to the consumer unsubscribed from all topics
2026-06-15 17:07:04.738 [KafkaConsumerDestination{consumerDestinationName='order-events', partitions=0, dlqName='null'}.container-0-C-1] INFO  o.a.k.c.c.i.ConsumerCoordinator trace=,span= - [Consumer clientId=notification-service-0, groupId=notification-service-group] Resetting generation and member id due to: consumer pro-actively leaving the group
2026-06-15 17:07:04.738 [KafkaConsumerDestination{consumerDestinationName='order-events', partitions=0, dlqName='null'}.container-0-C-1] INFO  o.a.k.c.c.i.ConsumerCoordinator trace=,span= - [Consumer clientId=notification-service-0, groupId=notification-service-group] Request joining group due to: consumer pro-actively leaving the group
2026-06-15 17:07:04.738 [KafkaConsumerDestination{consumerDestinationName='order-events', partitions=0, dlqName='null'}.container-0-C-1] INFO  o.a.k.c.c.i.ClassicKafkaConsumer trace=,span= - [Consumer clientId=notification-service-0, groupId=notification-service-group] Unsubscribed all topics or patterns and assigned partitions
2026-06-15 17:07:04.738 [KafkaConsumerDestination{consumerDestinationName='order-events', partitions=0, dlqName='null'}.container-0-C-1] INFO  o.a.k.c.c.i.ConsumerCoordinator trace=,span= - [Consumer clientId=notification-service-0, groupId=notification-service-group] Resetting generation and member id due to: consumer pro-actively leaving the group
2026-06-15 17:07:04.738 [KafkaConsumerDestination{consumerDestinationName='order-events', partitions=0, dlqName='null'}.container-0-C-1] INFO  o.a.k.c.c.i.ConsumerCoordinator trace=,span= - [Consumer clientId=notification-service-0, groupId=notification-service-group] Request joining group due to: consumer pro-actively leaving the group
2026-06-15 17:07:04.768 [KafkaConsumerDestination{consumerDestinationName='order-events', partitions=0, dlqName='null'}.container-0-C-1] INFO  o.a.kafka.common.metrics.Metrics trace=,span= - Metrics scheduler closed
2026-06-15 17:07:04.768 [KafkaConsumerDestination{consumerDestinationName='order-events', partitions=0, dlqName='null'}.container-0-C-1] INFO  o.a.kafka.common.metrics.Metrics trace=,span= - Closing reporter org.apache.kafka.common.metrics.JmxReporter
2026-06-15 17:07:04.768 [KafkaConsumerDestination{consumerDestinationName='order-events', partitions=0, dlqName='null'}.container-0-C-1] INFO  o.a.kafka.common.metrics.Metrics trace=,span= - Closing reporter org.apache.kafka.common.telemetry.internals.ClientTelemetryReporter
2026-06-15 17:07:04.768 [KafkaConsumerDestination{consumerDestinationName='order-events', partitions=0, dlqName='null'}.container-0-C-1] INFO  o.a.kafka.common.metrics.Metrics trace=,span= - Metrics reporters closed
2026-06-15 17:07:04.770 [KafkaConsumerDestination{consumerDestinationName='order-events', partitions=0, dlqName='null'}.container-0-C-1] INFO  o.a.kafka.common.utils.AppInfoParser trace=,span= - App info kafka.consumer for notification-service-0 unregistered
2026-06-15 17:07:04.772 [SpringApplicationShutdownHook] INFO  o.s.i.k.i.KafkaMessageDrivenChannelAdapter trace=,span= - stopped org.springframework.integration.kafka.inbound.KafkaMessageDrivenChannelAdapter@64cec4d0
2026-06-15 17:07:04.787 [SpringApplicationShutdownHook] INFO  o.s.i.endpoint.EventDrivenConsumer trace=,span= - Removing {logging-channel-adapter:_org.springframework.integration.errorLogger} as a subscriber to the 'errorChannel' channel
2026-06-15 17:07:04.788 [SpringApplicationShutdownHook] INFO  o.s.i.c.PublishSubscribeChannel trace=,span= - Channel 'notification-service.errorChannel' has 0 subscriber(s).
2026-06-15 17:07:04.788 [SpringApplicationShutdownHook] INFO  o.s.i.endpoint.EventDrivenConsumer trace=,span= - stopped bean '_org.springframework.integration.errorLogger'
2026-06-15 17:07:09.712 [main] INFO  c.l.n.NotificationServiceApplication trace=,span= - Starting NotificationServiceApplication v0.0.1-SNAPSHOT using Java 25.0.2 with PID 38914 (/Users/Dzianis_Padbiarezski/projects/loadup/order-service/notification-service/build/libs/notification-service-0.0.1-SNAPSHOT.jar started by Dzianis_Padbiarezski in /Users/Dzianis_Padbiarezski/projects/loadup/order-service/notification-service)
2026-06-15 17:07:09.714 [main] DEBUG c.l.n.NotificationServiceApplication trace=,span= - Running with Spring Boot v4.0.7, Spring v7.0.8
2026-06-15 17:07:09.714 [main] INFO  c.l.n.NotificationServiceApplication trace=,span= - No active profile set, falling back to 1 default profile: "default"
2026-06-15 17:07:09.894 [background-preinit] INFO  o.h.validator.internal.util.Version trace=,span= - HV000001: Hibernate Validator 9.0.1.Final
2026-06-15 17:07:10.121 [main] INFO  o.s.d.r.c.RepositoryConfigurationDelegate trace=,span= - Multiple Spring Data modules found, entering strict repository configuration mode
2026-06-15 17:07:10.123 [main] INFO  o.s.d.r.c.RepositoryConfigurationDelegate trace=,span= - Bootstrapping Spring Data Redis repositories in DEFAULT mode.
2026-06-15 17:07:10.143 [main] INFO  o.s.d.r.c.RepositoryConfigurationDelegate trace=,span= - Finished Spring Data repository scanning in 7 ms. Found 0 Redis repository interfaces.
2026-06-15 17:07:10.254 [main] INFO  o.s.i.c.DefaultConfiguringBeanFactoryPostProcessor trace=,span= - No bean named 'errorChannel' has been explicitly defined. Therefore, a default PublishSubscribeChannel will be created.
2026-06-15 17:07:10.261 [main] INFO  o.s.i.c.DefaultConfiguringBeanFactoryPostProcessor trace=,span= - No bean named 'integrationHeaderChannelRegistry' has been explicitly defined. Therefore, a default DefaultHeaderChannelRegistry will be created.
2026-06-15 17:07:10.598 [main] INFO  o.s.boot.tomcat.TomcatWebServer trace=,span= - Tomcat initialized with port 8081 (http)
2026-06-15 17:07:10.605 [main] INFO  o.a.coyote.http11.Http11NioProtocol trace=,span= - Initializing ProtocolHandler ["http-nio-8081"]
2026-06-15 17:07:10.607 [main] INFO  o.a.catalina.core.StandardService trace=,span= - Starting service [Tomcat]
2026-06-15 17:07:10.607 [main] INFO  o.a.catalina.core.StandardEngine trace=,span= - Starting Servlet engine: [Apache Tomcat/11.0.22]
2026-06-15 17:07:10.621 [main] INFO  o.s.b.w.c.s.WebApplicationContextInitializer trace=,span= - Root WebApplicationContext: initialization completed in 870 ms
2026-06-15 17:07:10.714 [main] WARN  i.n.r.d.DnsServerAddressStreamProviders trace=,span= - Can not find io.netty.resolver.dns.macos.MacOSDnsServerAddressStreamProvider in the classpath, fallback to system defaults. This may result in incorrect DNS resolutions on MacOS. Check whether you have a dependency on 'io.netty:netty-resolver-dns-native-macos'
2026-06-15 17:07:11.495 [main] INFO  o.s.i.endpoint.EventDrivenConsumer trace=,span= - Adding {logging-channel-adapter:_org.springframework.integration.errorLogger} as a subscriber to the 'errorChannel' channel
2026-06-15 17:07:11.495 [main] INFO  o.s.i.c.PublishSubscribeChannel trace=,span= - Channel 'notification-service.errorChannel' has 1 subscriber(s).
2026-06-15 17:07:11.496 [main] INFO  o.s.i.endpoint.EventDrivenConsumer trace=,span= - started bean '_org.springframework.integration.errorLogger'
2026-06-15 17:07:11.601 [main] INFO  o.a.k.common.config.AbstractConfig trace=,span= - ConsumerConfig values: 
	allow.auto.create.topics = true
	auto.commit.interval.ms = 100
	auto.offset.reset = earliest
	bootstrap.servers = [localhost:9092]
	check.crcs = true
	client.dns.lookup = use_all_dns_ips
	client.id = notification-service
	client.rack = 
	connections.max.idle.ms = 540000
	default.api.timeout.ms = 60000
	enable.auto.commit = false
	enable.metrics.push = true
	exclude.internal.topics = true
	fetch.max.bytes = 52428800
	fetch.max.wait.ms = 500
	fetch.min.bytes = 1
	group.id = notification-service-group
	group.instance.id = null
	group.protocol = classic
	group.remote.assignor = null
	heartbeat.interval.ms = 3000
	interceptor.classes = []
	internal.leave.group.on.close = true
	internal.throw.on.fetch.stable.offset.unsupported = false
	isolation.level = read_uncommitted
	key.deserializer = class org.apache.kafka.common.serialization.ByteArrayDeserializer
	max.partition.fetch.bytes = 1048576
	max.poll.interval.ms = 300000
	max.poll.records = 500
	metadata.max.age.ms = 300000
	metadata.recovery.rebootstrap.trigger.ms = 300000
	metadata.recovery.strategy = rebootstrap
	metric.reporters = [org.apache.kafka.common.metrics.JmxReporter]
	metrics.num.samples = 2
	metrics.recording.level = INFO
	metrics.sample.window.ms = 30000
	partition.assignment.strategy = [class org.apache.kafka.clients.consumer.RangeAssignor, class org.apache.kafka.clients.consumer.CooperativeStickyAssignor]
	receive.buffer.bytes = 65536
	reconnect.backoff.max.ms = 1000
	reconnect.backoff.ms = 50
	request.timeout.ms = 30000
	retry.backoff.max.ms = 1000
	retry.backoff.ms = 100
	sasl.client.callback.handler.class = null
	sasl.jaas.config = null
	sasl.kerberos.kinit.cmd = /usr/bin/kinit
	sasl.kerberos.min.time.before.relogin = 60000
	sasl.kerberos.service.name = null
	sasl.kerberos.ticket.renew.jitter = 0.05
	sasl.kerberos.ticket.renew.window.factor = 0.8
	sasl.login.callback.handler.class = null
	sasl.login.class = null
	sasl.login.connect.timeout.ms = null
	sasl.login.read.timeout.ms = null
	sasl.login.refresh.buffer.seconds = 300
	sasl.login.refresh.min.period.seconds = 60
	sasl.login.refresh.window.factor = 0.8
	sasl.login.refresh.window.jitter = 0.05
	sasl.login.retry.backoff.max.ms = 10000
	sasl.login.retry.backoff.ms = 100
	sasl.mechanism = GSSAPI
	sasl.oauthbearer.assertion.algorithm = RS256
	sasl.oauthbearer.assertion.claim.aud = null
	sasl.oauthbearer.assertion.claim.exp.seconds = 300
	sasl.oauthbearer.assertion.claim.iss = null
	sasl.oauthbearer.assertion.claim.jti.include = false
	sasl.oauthbearer.assertion.claim.nbf.seconds = 60
	sasl.oauthbearer.assertion.claim.sub = null
	sasl.oauthbearer.assertion.file = null
	sasl.oauthbearer.assertion.private.key.file = null
	sasl.oauthbearer.assertion.private.key.passphrase = null
	sasl.oauthbearer.assertion.template.file = null
	sasl.oauthbearer.client.credentials.client.id = null
	sasl.oauthbearer.client.credentials.client.secret = null
	sasl.oauthbearer.clock.skew.seconds = 30
	sasl.oauthbearer.expected.audience = null
	sasl.oauthbearer.expected.issuer = null
	sasl.oauthbearer.header.urlencode = false
	sasl.oauthbearer.jwks.endpoint.refresh.ms = 3600000
	sasl.oauthbearer.jwks.endpoint.retry.backoff.max.ms = 10000
	sasl.oauthbearer.jwks.endpoint.retry.backoff.ms = 100
	sasl.oauthbearer.jwks.endpoint.url = null
	sasl.oauthbearer.jwt.retriever.class = class org.apache.kafka.common.security.oauthbearer.DefaultJwtRetriever
	sasl.oauthbearer.jwt.validator.class = class org.apache.kafka.common.security.oauthbearer.DefaultJwtValidator
	sasl.oauthbearer.scope = null
	sasl.oauthbearer.scope.claim.name = scope
	sasl.oauthbearer.sub.claim.name = sub
	sasl.oauthbearer.token.endpoint.url = null
	security.protocol = PLAINTEXT
	security.providers = null
	send.buffer.bytes = 131072
	session.timeout.ms = 45000
	share.acknowledgement.mode = implicit
	socket.connection.setup.timeout.max.ms = 30000
	socket.connection.setup.timeout.ms = 10000
	ssl.cipher.suites = null
	ssl.enabled.protocols = [TLSv1.2, TLSv1.3]
	ssl.endpoint.identification.algorithm = https
	ssl.engine.factory.class = null
	ssl.key.password = null
	ssl.keymanager.algorithm = SunX509
	ssl.keystore.certificate.chain = null
	ssl.keystore.key = null
	ssl.keystore.location = null
	ssl.keystore.password = null
	ssl.keystore.type = JKS
	ssl.protocol = TLSv1.3
	ssl.provider = null
	ssl.secure.random.implementation = null
	ssl.trustmanager.algorithm = PKIX
	ssl.truststore.certificates = null
	ssl.truststore.location = null
	ssl.truststore.password = null
	ssl.truststore.type = JKS
	value.deserializer = class org.apache.kafka.common.serialization.ByteArrayDeserializer

2026-06-15 17:07:11.626 [main] INFO  o.a.k.c.t.i.KafkaMetricsCollector trace=,span= - initializing Kafka metrics collector
2026-06-15 17:07:11.731 [main] INFO  o.a.kafka.common.utils.AppInfoParser trace=,span= - Kafka version: 4.1.2
2026-06-15 17:07:11.731 [main] INFO  o.a.kafka.common.utils.AppInfoParser trace=,span= - Kafka commitId: c82fd9b934b4c1e6
2026-06-15 17:07:11.731 [main] INFO  o.a.kafka.common.utils.AppInfoParser trace=,span= - Kafka startTimeMs: 1781557631730
2026-06-15 17:07:11.927 [main] INFO  org.apache.kafka.clients.Metadata trace=,span= - [Consumer clientId=notification-service, groupId=notification-service-group] Cluster ID: 5L6g3nShT-eMCtK--X86sw
2026-06-15 17:07:11.931 [main] INFO  o.a.k.c.c.i.ConsumerCoordinator trace=,span= - [Consumer clientId=notification-service, groupId=notification-service-group] Resetting generation and member id due to: consumer pro-actively leaving the group
2026-06-15 17:07:11.931 [main] INFO  o.a.k.c.c.i.ConsumerCoordinator trace=,span= - [Consumer clientId=notification-service, groupId=notification-service-group] Request joining group due to: consumer pro-actively leaving the group
2026-06-15 17:07:11.933 [main] INFO  o.a.kafka.common.metrics.Metrics trace=,span= - Metrics scheduler closed
2026-06-15 17:07:11.934 [main] INFO  o.a.kafka.common.metrics.Metrics trace=,span= - Closing reporter org.apache.kafka.common.metrics.JmxReporter
2026-06-15 17:07:11.934 [main] INFO  o.a.kafka.common.metrics.Metrics trace=,span= - Closing reporter org.apache.kafka.common.telemetry.internals.ClientTelemetryReporter
2026-06-15 17:07:11.934 [main] INFO  o.a.kafka.common.metrics.Metrics trace=,span= - Metrics reporters closed
2026-06-15 17:07:11.938 [main] INFO  o.a.kafka.common.utils.AppInfoParser trace=,span= - App info kafka.consumer for notification-service unregistered
2026-06-15 17:07:11.966 [main] INFO  o.a.k.common.config.AbstractConfig trace=,span= - ConsumerConfig values: 
	allow.auto.create.topics = true
	auto.commit.interval.ms = 100
	auto.offset.reset = earliest
	bootstrap.servers = [localhost:9092]
	check.crcs = true
	client.dns.lookup = use_all_dns_ips
	client.id = notification-service-0
	client.rack = 
	connections.max.idle.ms = 540000
	default.api.timeout.ms = 60000
	enable.auto.commit = false
	enable.metrics.push = true
	exclude.internal.topics = true
	fetch.max.bytes = 52428800
	fetch.max.wait.ms = 500
	fetch.min.bytes = 1
	group.id = notification-service-group
	group.instance.id = null
	group.protocol = classic
	group.remote.assignor = null
	heartbeat.interval.ms = 3000
	interceptor.classes = []
	internal.leave.group.on.close = true
	internal.throw.on.fetch.stable.offset.unsupported = false
	isolation.level = read_uncommitted
	key.deserializer = class org.apache.kafka.common.serialization.ByteArrayDeserializer
	max.partition.fetch.bytes = 1048576
	max.poll.interval.ms = 300000
	max.poll.records = 500
	metadata.max.age.ms = 300000
	metadata.recovery.rebootstrap.trigger.ms = 300000
	metadata.recovery.strategy = rebootstrap
	metric.reporters = [org.apache.kafka.common.metrics.JmxReporter]
	metrics.num.samples = 2
	metrics.recording.level = INFO
	metrics.sample.window.ms = 30000
	partition.assignment.strategy = [class org.apache.kafka.clients.consumer.RangeAssignor, class org.apache.kafka.clients.consumer.CooperativeStickyAssignor]
	receive.buffer.bytes = 65536
	reconnect.backoff.max.ms = 1000
	reconnect.backoff.ms = 50
	request.timeout.ms = 30000
	retry.backoff.max.ms = 1000
	retry.backoff.ms = 100
	sasl.client.callback.handler.class = null
	sasl.jaas.config = null
	sasl.kerberos.kinit.cmd = /usr/bin/kinit
	sasl.kerberos.min.time.before.relogin = 60000
	sasl.kerberos.service.name = null
	sasl.kerberos.ticket.renew.jitter = 0.05
	sasl.kerberos.ticket.renew.window.factor = 0.8
	sasl.login.callback.handler.class = null
	sasl.login.class = null
	sasl.login.connect.timeout.ms = null
	sasl.login.read.timeout.ms = null
	sasl.login.refresh.buffer.seconds = 300
	sasl.login.refresh.min.period.seconds = 60
	sasl.login.refresh.window.factor = 0.8
	sasl.login.refresh.window.jitter = 0.05
	sasl.login.retry.backoff.max.ms = 10000
	sasl.login.retry.backoff.ms = 100
	sasl.mechanism = GSSAPI
	sasl.oauthbearer.assertion.algorithm = RS256
	sasl.oauthbearer.assertion.claim.aud = null
	sasl.oauthbearer.assertion.claim.exp.seconds = 300
	sasl.oauthbearer.assertion.claim.iss = null
	sasl.oauthbearer.assertion.claim.jti.include = false
	sasl.oauthbearer.assertion.claim.nbf.seconds = 60
	sasl.oauthbearer.assertion.claim.sub = null
	sasl.oauthbearer.assertion.file = null
	sasl.oauthbearer.assertion.private.key.file = null
	sasl.oauthbearer.assertion.private.key.passphrase = null
	sasl.oauthbearer.assertion.template.file = null
	sasl.oauthbearer.client.credentials.client.id = null
	sasl.oauthbearer.client.credentials.client.secret = null
	sasl.oauthbearer.clock.skew.seconds = 30
	sasl.oauthbearer.expected.audience = null
	sasl.oauthbearer.expected.issuer = null
	sasl.oauthbearer.header.urlencode = false
	sasl.oauthbearer.jwks.endpoint.refresh.ms = 3600000
	sasl.oauthbearer.jwks.endpoint.retry.backoff.max.ms = 10000
	sasl.oauthbearer.jwks.endpoint.retry.backoff.ms = 100
	sasl.oauthbearer.jwks.endpoint.url = null
	sasl.oauthbearer.jwt.retriever.class = class org.apache.kafka.common.security.oauthbearer.DefaultJwtRetriever
	sasl.oauthbearer.jwt.validator.class = class org.apache.kafka.common.security.oauthbearer.DefaultJwtValidator
	sasl.oauthbearer.scope = null
	sasl.oauthbearer.scope.claim.name = scope
	sasl.oauthbearer.sub.claim.name = sub
	sasl.oauthbearer.token.endpoint.url = null
	security.protocol = PLAINTEXT
	security.providers = null
	send.buffer.bytes = 131072
	session.timeout.ms = 45000
	share.acknowledgement.mode = implicit
	socket.connection.setup.timeout.max.ms = 30000
	socket.connection.setup.timeout.ms = 10000
	ssl.cipher.suites = null
	ssl.enabled.protocols = [TLSv1.2, TLSv1.3]
	ssl.endpoint.identification.algorithm = https
	ssl.engine.factory.class = null
	ssl.key.password = null
	ssl.keymanager.algorithm = SunX509
	ssl.keystore.certificate.chain = null
	ssl.keystore.key = null
	ssl.keystore.location = null
	ssl.keystore.password = null
	ssl.keystore.type = JKS
	ssl.protocol = TLSv1.3
	ssl.provider = null
	ssl.secure.random.implementation = null
	ssl.trustmanager.algorithm = PKIX
	ssl.truststore.certificates = null
	ssl.truststore.location = null
	ssl.truststore.password = null
	ssl.truststore.type = JKS
	value.deserializer = class org.apache.kafka.common.serialization.ByteArrayDeserializer

2026-06-15 17:07:11.966 [main] INFO  o.a.k.c.t.i.KafkaMetricsCollector trace=,span= - initializing Kafka metrics collector
2026-06-15 17:07:11.970 [main] INFO  o.a.kafka.common.utils.AppInfoParser trace=,span= - Kafka version: 4.1.2
2026-06-15 17:07:11.970 [main] INFO  o.a.kafka.common.utils.AppInfoParser trace=,span= - Kafka commitId: c82fd9b934b4c1e6
2026-06-15 17:07:11.970 [main] INFO  o.a.kafka.common.utils.AppInfoParser trace=,span= - Kafka startTimeMs: 1781557631970
2026-06-15 17:07:11.971 [main] INFO  o.a.k.c.c.i.ClassicKafkaConsumer trace=,span= - [Consumer clientId=notification-service-0, groupId=notification-service-group] Subscribed to topic(s): order-events
2026-06-15 17:07:11.974 [main] INFO  o.s.i.k.i.KafkaMessageDrivenChannelAdapter trace=,span= - started org.springframework.integration.kafka.inbound.KafkaMessageDrivenChannelAdapter@3986b9e9
2026-06-15 17:07:11.975 [main] INFO  o.a.coyote.http11.Http11NioProtocol trace=,span= - Starting ProtocolHandler ["http-nio-8081"]
2026-06-15 17:07:11.981 [main] INFO  o.s.boot.tomcat.TomcatWebServer trace=,span= - Tomcat started on port 8081 (http) with context path '/'
2026-06-15 17:07:11.994 [KafkaConsumerDestination{consumerDestinationName='order-events', partitions=0, dlqName='null'}.container-0-C-1] INFO  org.apache.kafka.clients.Metadata trace=,span= - [Consumer clientId=notification-service-0, groupId=notification-service-group] Cluster ID: 5L6g3nShT-eMCtK--X86sw
2026-06-15 17:07:11.994 [main] INFO  c.l.n.NotificationServiceApplication trace=,span= - Started NotificationServiceApplication in 2.656 seconds (process running for 3.002)
2026-06-15 17:07:11.997 [KafkaConsumerDestination{consumerDestinationName='order-events', partitions=0, dlqName='null'}.container-0-C-1] INFO  o.a.k.c.c.i.ConsumerCoordinator trace=,span= - [Consumer clientId=notification-service-0, groupId=notification-service-group] Discovered group coordinator localhost:9092 (id: 2147483646 rack: null isFenced: false)
2026-06-15 17:07:11.998 [KafkaConsumerDestination{consumerDestinationName='order-events', partitions=0, dlqName='null'}.container-0-C-1] INFO  o.a.k.c.c.i.ConsumerCoordinator trace=,span= - [Consumer clientId=notification-service-0, groupId=notification-service-group] (Re-)joining group
2026-06-15 17:07:12.007 [KafkaConsumerDestination{consumerDestinationName='order-events', partitions=0, dlqName='null'}.container-0-C-1] INFO  o.a.k.c.c.i.ConsumerCoordinator trace=,span= - [Consumer clientId=notification-service-0, groupId=notification-service-group] Request joining group due to: need to re-join with the given member-id: notification-service-0-267b7def-dea3-4c29-a76f-a6c3d3641ca9
2026-06-15 17:07:12.008 [KafkaConsumerDestination{consumerDestinationName='order-events', partitions=0, dlqName='null'}.container-0-C-1] INFO  o.a.k.c.c.i.ConsumerCoordinator trace=,span= - [Consumer clientId=notification-service-0, groupId=notification-service-group] (Re-)joining group
2026-06-15 17:07:15.027 [KafkaConsumerDestination{consumerDestinationName='order-events', partitions=0, dlqName='null'}.container-0-C-1] INFO  o.a.k.c.c.i.ConsumerCoordinator trace=,span= - [Consumer clientId=notification-service-0, groupId=notification-service-group] Successfully joined group with generation Generation{generationId=9, memberId='notification-service-0-267b7def-dea3-4c29-a76f-a6c3d3641ca9', protocol='range'}
2026-06-15 17:07:15.036 [KafkaConsumerDestination{consumerDestinationName='order-events', partitions=0, dlqName='null'}.container-0-C-1] INFO  o.a.k.c.c.i.ConsumerCoordinator trace=,span= - [Consumer clientId=notification-service-0, groupId=notification-service-group] Finished assignment for group at generation 9: {notification-service-0-267b7def-dea3-4c29-a76f-a6c3d3641ca9=Assignment(partitions=[order-events-0])}
2026-06-15 17:07:15.059 [KafkaConsumerDestination{consumerDestinationName='order-events', partitions=0, dlqName='null'}.container-0-C-1] INFO  o.a.k.c.c.i.ConsumerCoordinator trace=,span= - [Consumer clientId=notification-service-0, groupId=notification-service-group] Successfully synced group in generation Generation{generationId=9, memberId='notification-service-0-267b7def-dea3-4c29-a76f-a6c3d3641ca9', protocol='range'}
2026-06-15 17:07:15.060 [KafkaConsumerDestination{consumerDestinationName='order-events', partitions=0, dlqName='null'}.container-0-C-1] INFO  o.a.k.c.c.i.ConsumerCoordinator trace=,span= - [Consumer clientId=notification-service-0, groupId=notification-service-group] Notifying assignor about the new Assignment(partitions=[order-events-0])
2026-06-15 17:07:15.061 [KafkaConsumerDestination{consumerDestinationName='order-events', partitions=0, dlqName='null'}.container-0-C-1] INFO  o.a.k.c.c.i.ConsumerRebalanceListenerInvoker trace=,span= - [Consumer clientId=notification-service-0, groupId=notification-service-group] Adding newly assigned partitions: [order-events-0]
2026-06-15 17:07:15.076 [KafkaConsumerDestination{consumerDestinationName='order-events', partitions=0, dlqName='null'}.container-0-C-1] INFO  o.a.k.c.c.internals.ConsumerUtils trace=,span= - Setting offset for partition order-events-0 to the committed offset FetchPosition{offset=4, offsetEpoch=Optional.empty, currentLeader=LeaderAndEpoch{leader=Optional[localhost:9092 (id: 1 rack: null isFenced: false)], epoch=2}}
2026-06-15 17:07:21.177 [KafkaConsumerDestination{consumerDestinationName='order-events', partitions=0, dlqName='null'}.container-0-C-1] INFO  c.l.n.m.OrderNotificationListener trace=,span= - Received order event: OrderEventMessage[tenantId=Dzianis-Tech1-Inc, orderId=067df587-c549-4196-ad28-abd2623431b2, status=CREATED]
2026-06-15 17:07:21.437 [KafkaConsumerDestination{consumerDestinationName='order-events', partitions=0, dlqName='null'}.container-0-C-1] DEBUG c.l.n.cache.OrderRedisCacheService trace=,span= - Order is not present in cache: tenantId=Dzianis-Tech1-Inc, orderId=067df587-c549-4196-ad28-abd2623431b2
2026-06-15 17:07:21.437 [KafkaConsumerDestination{consumerDestinationName='order-events', partitions=0, dlqName='null'}.container-0-C-1] DEBUG c.l.n.s.OrderNotificationService trace=,span= - Order not found in cache, using fallback to db stub | orderId=067df587-c549-4196-ad28-abd2623431b2
2026-06-15 17:07:21.438 [KafkaConsumerDestination{consumerDestinationName='order-events', partitions=0, dlqName='null'}.container-0-C-1] INFO  c.l.n.s.OrderNotificationService trace=,span= - Triggering order receipt notification | orderId=067df587-c549-4196-ad28-abd2623431b2 status=CREATED
2026-06-15 17:07:21.438 [KafkaConsumerDestination{consumerDestinationName='order-events', partitions=0, dlqName='null'}.container-0-C-1] DEBUG c.l.n.s.OrderReceiptNotificationService trace=,span= - Order receipt notification | tenantId=Dzianis-Tech1-Inc orderId=067df587-c549-4196-ad28-abd2623431b2 status=CREATED message='Order receipt: Your order '067df587-c549-4196-ad28-abd2623431b2' has been created. Thank you for choosing us!'
2026-06-15 17:07:21.438 [KafkaConsumerDestination{consumerDestinationName='order-events', partitions=0, dlqName='null'}.container-0-C-1] INFO  c.l.n.s.c.EmailNotificationChannel trace=,span= - [EMAIL] Sending notification to customer email=some@loadup.com | tenantId=Dzianis-Tech1-Inc | orderId=067df587-c549-4196-ad28-abd2623431b2 | message='Order receipt: Your order '067df587-c549-4196-ad28-abd2623431b2' has been created. Thank you for choosing us!'
2026-06-15 17:07:21.438 [KafkaConsumerDestination{consumerDestinationName='order-events', partitions=0, dlqName='null'}.container-0-C-1] INFO  c.l.n.m.OrderNotificationListener trace=,span= - Order event acknowledged.
2026-06-15 17:09:53.445 [kafka-coordinator-heartbeat-thread | notification-service-group] INFO  o.a.k.c.c.i.ConsumerCoordinator trace=,span= - [Consumer clientId=notification-service-0, groupId=notification-service-group] Group coordinator localhost:9092 (id: 2147483646 rack: null isFenced: false) is unavailable or invalid due to cause: session timed out without receiving a heartbeat response. isDisconnected: false. Rediscovery will be attempted.
2026-06-15 17:09:53.466 [kafka-coordinator-heartbeat-thread | notification-service-group] INFO  o.a.k.c.c.i.ConsumerCoordinator trace=,span= - [Consumer clientId=notification-service-0, groupId=notification-service-group] Requesting disconnect from last known coordinator localhost:9092 (id: 2147483646 rack: null isFenced: false)
2026-06-15 17:09:53.467 [kafka-coordinator-heartbeat-thread | notification-service-group] INFO  o.apache.kafka.clients.NetworkClient trace=,span= - [Consumer clientId=notification-service-0, groupId=notification-service-group] Client requested disconnect from node 2147483646
2026-06-15 17:09:53.497 [KafkaConsumerDestination{consumerDestinationName='order-events', partitions=0, dlqName='null'}.container-0-C-1] INFO  o.a.k.c.c.i.ConsumerCoordinator trace=,span= - [Consumer clientId=notification-service-0, groupId=notification-service-group] Discovered group coordinator localhost:9092 (id: 2147483646 rack: null isFenced: false)
2026-06-15 17:09:53.497 [KafkaConsumerDestination{consumerDestinationName='order-events', partitions=0, dlqName='null'}.container-0-C-1] INFO  o.a.k.c.c.i.ConsumerCoordinator trace=,span= - [Consumer clientId=notification-service-0, groupId=notification-service-group] Group coordinator localhost:9092 (id: 2147483646 rack: null isFenced: false) is unavailable or invalid due to cause: coordinator unavailable. isDisconnected: false. Rediscovery will be attempted.
2026-06-15 17:09:53.497 [KafkaConsumerDestination{consumerDestinationName='order-events', partitions=0, dlqName='null'}.container-0-C-1] INFO  o.a.k.c.c.i.ConsumerCoordinator trace=,span= - [Consumer clientId=notification-service-0, groupId=notification-service-group] Requesting disconnect from last known coordinator localhost:9092 (id: 2147483646 rack: null isFenced: false)
2026-06-15 17:09:53.915 [KafkaConsumerDestination{consumerDestinationName='order-events', partitions=0, dlqName='null'}.container-0-C-1] INFO  o.a.k.c.c.i.ConsumerCoordinator trace=,span= - [Consumer clientId=notification-service-0, groupId=notification-service-group] Discovered group coordinator localhost:9092 (id: 2147483646 rack: null isFenced: false)
2026-06-15 17:15:54.581 [SpringApplicationShutdownHook] INFO  o.s.boot.tomcat.GracefulShutdown trace=,span= - Commencing graceful shutdown. Waiting for active requests to complete
2026-06-15 17:15:54.599 [tomcat-shutdown] INFO  o.s.boot.tomcat.GracefulShutdown trace=,span= - Graceful shutdown complete
2026-06-15 17:15:54.610 [KafkaConsumerDestination{consumerDestinationName='order-events', partitions=0, dlqName='null'}.container-0-C-1] INFO  o.a.k.c.c.i.ConsumerRebalanceListenerInvoker trace=,span= - [Consumer clientId=notification-service-0, groupId=notification-service-group] Revoke previously assigned partitions [order-events-0]
2026-06-15 17:15:54.613 [KafkaConsumerDestination{consumerDestinationName='order-events', partitions=0, dlqName='null'}.container-0-C-1] INFO  o.a.k.c.c.i.ConsumerCoordinator trace=,span= - [Consumer clientId=notification-service-0, groupId=notification-service-group] Member notification-service-0-267b7def-dea3-4c29-a76f-a6c3d3641ca9 sending LeaveGroup request to coordinator localhost:9092 (id: 2147483646 rack: null isFenced: false) due to the consumer unsubscribed from all topics
2026-06-15 17:15:54.614 [KafkaConsumerDestination{consumerDestinationName='order-events', partitions=0, dlqName='null'}.container-0-C-1] INFO  o.a.k.c.c.i.ConsumerCoordinator trace=,span= - [Consumer clientId=notification-service-0, groupId=notification-service-group] Resetting generation and member id due to: consumer pro-actively leaving the group
2026-06-15 17:15:54.614 [KafkaConsumerDestination{consumerDestinationName='order-events', partitions=0, dlqName='null'}.container-0-C-1] INFO  o.a.k.c.c.i.ConsumerCoordinator trace=,span= - [Consumer clientId=notification-service-0, groupId=notification-service-group] Request joining group due to: consumer pro-actively leaving the group
2026-06-15 17:15:54.614 [KafkaConsumerDestination{consumerDestinationName='order-events', partitions=0, dlqName='null'}.container-0-C-1] INFO  o.a.k.c.c.i.ClassicKafkaConsumer trace=,span= - [Consumer clientId=notification-service-0, groupId=notification-service-group] Unsubscribed all topics or patterns and assigned partitions
2026-06-15 17:15:54.616 [KafkaConsumerDestination{consumerDestinationName='order-events', partitions=0, dlqName='null'}.container-0-C-1] INFO  o.a.k.c.c.i.ConsumerCoordinator trace=,span= - [Consumer clientId=notification-service-0, groupId=notification-service-group] Resetting generation and member id due to: consumer pro-actively leaving the group
2026-06-15 17:15:54.616 [KafkaConsumerDestination{consumerDestinationName='order-events', partitions=0, dlqName='null'}.container-0-C-1] INFO  o.a.k.c.c.i.ConsumerCoordinator trace=,span= - [Consumer clientId=notification-service-0, groupId=notification-service-group] Request joining group due to: consumer pro-actively leaving the group
2026-06-15 17:15:54.844 [KafkaConsumerDestination{consumerDestinationName='order-events', partitions=0, dlqName='null'}.container-0-C-1] INFO  o.a.kafka.common.metrics.Metrics trace=,span= - Metrics scheduler closed
2026-06-15 17:15:54.845 [KafkaConsumerDestination{consumerDestinationName='order-events', partitions=0, dlqName='null'}.container-0-C-1] INFO  o.a.kafka.common.metrics.Metrics trace=,span= - Closing reporter org.apache.kafka.common.metrics.JmxReporter
2026-06-15 17:15:54.845 [KafkaConsumerDestination{consumerDestinationName='order-events', partitions=0, dlqName='null'}.container-0-C-1] INFO  o.a.kafka.common.metrics.Metrics trace=,span= - Closing reporter org.apache.kafka.common.telemetry.internals.ClientTelemetryReporter
2026-06-15 17:15:54.845 [KafkaConsumerDestination{consumerDestinationName='order-events', partitions=0, dlqName='null'}.container-0-C-1] INFO  o.a.kafka.common.metrics.Metrics trace=,span= - Metrics reporters closed
2026-06-15 17:15:54.847 [KafkaConsumerDestination{consumerDestinationName='order-events', partitions=0, dlqName='null'}.container-0-C-1] INFO  o.a.kafka.common.utils.AppInfoParser trace=,span= - App info kafka.consumer for notification-service-0 unregistered
2026-06-15 17:15:54.849 [SpringApplicationShutdownHook] INFO  o.s.i.k.i.KafkaMessageDrivenChannelAdapter trace=,span= - stopped org.springframework.integration.kafka.inbound.KafkaMessageDrivenChannelAdapter@3986b9e9
2026-06-15 17:15:54.872 [SpringApplicationShutdownHook] INFO  o.s.i.endpoint.EventDrivenConsumer trace=,span= - Removing {logging-channel-adapter:_org.springframework.integration.errorLogger} as a subscriber to the 'errorChannel' channel
2026-06-15 17:15:54.873 [SpringApplicationShutdownHook] INFO  o.s.i.c.PublishSubscribeChannel trace=,span= - Channel 'notification-service.errorChannel' has 0 subscriber(s).
2026-06-15 17:15:54.873 [SpringApplicationShutdownHook] INFO  o.s.i.endpoint.EventDrivenConsumer trace=,span= - stopped bean '_org.springframework.integration.errorLogger'
2026-06-15 17:19:57.629 [main] INFO  c.l.n.NotificationServiceApplication trace=,span= - Starting NotificationServiceApplication v0.0.1-SNAPSHOT using Java 25.0.2 with PID 44323 (/Users/Dzianis_Padbiarezski/projects/loadup/order-service/notification-service/build/libs/notification-service-0.0.1-SNAPSHOT.jar started by Dzianis_Padbiarezski in /Users/Dzianis_Padbiarezski/projects/loadup/order-service/notification-service)
2026-06-15 17:19:57.632 [main] DEBUG c.l.n.NotificationServiceApplication trace=,span= - Running with Spring Boot v4.0.7, Spring v7.0.8
2026-06-15 17:19:57.632 [main] INFO  c.l.n.NotificationServiceApplication trace=,span= - No active profile set, falling back to 1 default profile: "default"
2026-06-15 17:19:57.799 [background-preinit] INFO  o.h.validator.internal.util.Version trace=,span= - HV000001: Hibernate Validator 9.0.1.Final
2026-06-15 17:19:58.066 [main] INFO  o.s.d.r.c.RepositoryConfigurationDelegate trace=,span= - Multiple Spring Data modules found, entering strict repository configuration mode
2026-06-15 17:19:58.068 [main] INFO  o.s.d.r.c.RepositoryConfigurationDelegate trace=,span= - Bootstrapping Spring Data Redis repositories in DEFAULT mode.
2026-06-15 17:19:58.088 [main] INFO  o.s.d.r.c.RepositoryConfigurationDelegate trace=,span= - Finished Spring Data repository scanning in 8 ms. Found 0 Redis repository interfaces.
2026-06-15 17:19:58.201 [main] INFO  o.s.i.c.DefaultConfiguringBeanFactoryPostProcessor trace=,span= - No bean named 'errorChannel' has been explicitly defined. Therefore, a default PublishSubscribeChannel will be created.
2026-06-15 17:19:58.206 [main] INFO  o.s.i.c.DefaultConfiguringBeanFactoryPostProcessor trace=,span= - No bean named 'integrationHeaderChannelRegistry' has been explicitly defined. Therefore, a default DefaultHeaderChannelRegistry will be created.
2026-06-15 17:19:58.556 [main] INFO  o.s.boot.tomcat.TomcatWebServer trace=,span= - Tomcat initialized with port 8081 (http)
2026-06-15 17:19:58.563 [main] INFO  o.a.coyote.http11.Http11NioProtocol trace=,span= - Initializing ProtocolHandler ["http-nio-8081"]
2026-06-15 17:19:58.565 [main] INFO  o.a.catalina.core.StandardService trace=,span= - Starting service [Tomcat]
2026-06-15 17:19:58.565 [main] INFO  o.a.catalina.core.StandardEngine trace=,span= - Starting Servlet engine: [Apache Tomcat/11.0.22]
2026-06-15 17:19:58.580 [main] INFO  o.s.b.w.c.s.WebApplicationContextInitializer trace=,span= - Root WebApplicationContext: initialization completed in 913 ms
2026-06-15 17:19:58.683 [main] WARN  i.n.r.d.DnsServerAddressStreamProviders trace=,span= - Can not find io.netty.resolver.dns.macos.MacOSDnsServerAddressStreamProvider in the classpath, fallback to system defaults. This may result in incorrect DNS resolutions on MacOS. Check whether you have a dependency on 'io.netty:netty-resolver-dns-native-macos'
2026-06-15 17:19:59.345 [main] INFO  o.s.i.endpoint.EventDrivenConsumer trace=,span= - Adding {logging-channel-adapter:_org.springframework.integration.errorLogger} as a subscriber to the 'errorChannel' channel
2026-06-15 17:19:59.345 [main] INFO  o.s.i.c.PublishSubscribeChannel trace=,span= - Channel 'notification-service.errorChannel' has 1 subscriber(s).
2026-06-15 17:19:59.345 [main] INFO  o.s.i.endpoint.EventDrivenConsumer trace=,span= - started bean '_org.springframework.integration.errorLogger'
2026-06-15 17:19:59.444 [main] INFO  o.a.k.common.config.AbstractConfig trace=,span= - ConsumerConfig values: 
	allow.auto.create.topics = true
	auto.commit.interval.ms = 100
	auto.offset.reset = earliest
	bootstrap.servers = [localhost:9092]
	check.crcs = true
	client.dns.lookup = use_all_dns_ips
	client.id = notification-service
	client.rack = 
	connections.max.idle.ms = 540000
	default.api.timeout.ms = 60000
	enable.auto.commit = false
	enable.metrics.push = true
	exclude.internal.topics = true
	fetch.max.bytes = 52428800
	fetch.max.wait.ms = 500
	fetch.min.bytes = 1
	group.id = notification-service-group
	group.instance.id = null
	group.protocol = classic
	group.remote.assignor = null
	heartbeat.interval.ms = 3000
	interceptor.classes = []
	internal.leave.group.on.close = true
	internal.throw.on.fetch.stable.offset.unsupported = false
	isolation.level = read_uncommitted
	key.deserializer = class org.apache.kafka.common.serialization.ByteArrayDeserializer
	max.partition.fetch.bytes = 1048576
	max.poll.interval.ms = 300000
	max.poll.records = 500
	metadata.max.age.ms = 300000
	metadata.recovery.rebootstrap.trigger.ms = 300000
	metadata.recovery.strategy = rebootstrap
	metric.reporters = [org.apache.kafka.common.metrics.JmxReporter]
	metrics.num.samples = 2
	metrics.recording.level = INFO
	metrics.sample.window.ms = 30000
	partition.assignment.strategy = [class org.apache.kafka.clients.consumer.RangeAssignor, class org.apache.kafka.clients.consumer.CooperativeStickyAssignor]
	receive.buffer.bytes = 65536
	reconnect.backoff.max.ms = 1000
	reconnect.backoff.ms = 50
	request.timeout.ms = 30000
	retry.backoff.max.ms = 1000
	retry.backoff.ms = 100
	sasl.client.callback.handler.class = null
	sasl.jaas.config = null
	sasl.kerberos.kinit.cmd = /usr/bin/kinit
	sasl.kerberos.min.time.before.relogin = 60000
	sasl.kerberos.service.name = null
	sasl.kerberos.ticket.renew.jitter = 0.05
	sasl.kerberos.ticket.renew.window.factor = 0.8
	sasl.login.callback.handler.class = null
	sasl.login.class = null
	sasl.login.connect.timeout.ms = null
	sasl.login.read.timeout.ms = null
	sasl.login.refresh.buffer.seconds = 300
	sasl.login.refresh.min.period.seconds = 60
	sasl.login.refresh.window.factor = 0.8
	sasl.login.refresh.window.jitter = 0.05
	sasl.login.retry.backoff.max.ms = 10000
	sasl.login.retry.backoff.ms = 100
	sasl.mechanism = GSSAPI
	sasl.oauthbearer.assertion.algorithm = RS256
	sasl.oauthbearer.assertion.claim.aud = null
	sasl.oauthbearer.assertion.claim.exp.seconds = 300
	sasl.oauthbearer.assertion.claim.iss = null
	sasl.oauthbearer.assertion.claim.jti.include = false
	sasl.oauthbearer.assertion.claim.nbf.seconds = 60
	sasl.oauthbearer.assertion.claim.sub = null
	sasl.oauthbearer.assertion.file = null
	sasl.oauthbearer.assertion.private.key.file = null
	sasl.oauthbearer.assertion.private.key.passphrase = null
	sasl.oauthbearer.assertion.template.file = null
	sasl.oauthbearer.client.credentials.client.id = null
	sasl.oauthbearer.client.credentials.client.secret = null
	sasl.oauthbearer.clock.skew.seconds = 30
	sasl.oauthbearer.expected.audience = null
	sasl.oauthbearer.expected.issuer = null
	sasl.oauthbearer.header.urlencode = false
	sasl.oauthbearer.jwks.endpoint.refresh.ms = 3600000
	sasl.oauthbearer.jwks.endpoint.retry.backoff.max.ms = 10000
	sasl.oauthbearer.jwks.endpoint.retry.backoff.ms = 100
	sasl.oauthbearer.jwks.endpoint.url = null
	sasl.oauthbearer.jwt.retriever.class = class org.apache.kafka.common.security.oauthbearer.DefaultJwtRetriever
	sasl.oauthbearer.jwt.validator.class = class org.apache.kafka.common.security.oauthbearer.DefaultJwtValidator
	sasl.oauthbearer.scope = null
	sasl.oauthbearer.scope.claim.name = scope
	sasl.oauthbearer.sub.claim.name = sub
	sasl.oauthbearer.token.endpoint.url = null
	security.protocol = PLAINTEXT
	security.providers = null
	send.buffer.bytes = 131072
	session.timeout.ms = 45000
	share.acknowledgement.mode = implicit
	socket.connection.setup.timeout.max.ms = 30000
	socket.connection.setup.timeout.ms = 10000
	ssl.cipher.suites = null
	ssl.enabled.protocols = [TLSv1.2, TLSv1.3]
	ssl.endpoint.identification.algorithm = https
	ssl.engine.factory.class = null
	ssl.key.password = null
	ssl.keymanager.algorithm = SunX509
	ssl.keystore.certificate.chain = null
	ssl.keystore.key = null
	ssl.keystore.location = null
	ssl.keystore.password = null
	ssl.keystore.type = JKS
	ssl.protocol = TLSv1.3
	ssl.provider = null
	ssl.secure.random.implementation = null
	ssl.trustmanager.algorithm = PKIX
	ssl.truststore.certificates = null
	ssl.truststore.location = null
	ssl.truststore.password = null
	ssl.truststore.type = JKS
	value.deserializer = class org.apache.kafka.common.serialization.ByteArrayDeserializer

2026-06-15 17:19:59.470 [main] INFO  o.a.k.c.t.i.KafkaMetricsCollector trace=,span= - initializing Kafka metrics collector
2026-06-15 17:19:59.579 [main] INFO  o.a.kafka.common.utils.AppInfoParser trace=,span= - Kafka version: 4.1.2
2026-06-15 17:19:59.579 [main] INFO  o.a.kafka.common.utils.AppInfoParser trace=,span= - Kafka commitId: c82fd9b934b4c1e6
2026-06-15 17:19:59.579 [main] INFO  o.a.kafka.common.utils.AppInfoParser trace=,span= - Kafka startTimeMs: 1781558399578
2026-06-15 17:19:59.794 [main] INFO  org.apache.kafka.clients.Metadata trace=,span= - [Consumer clientId=notification-service, groupId=notification-service-group] Cluster ID: 5L6g3nShT-eMCtK--X86sw
2026-06-15 17:19:59.796 [main] INFO  o.a.k.c.c.i.ConsumerCoordinator trace=,span= - [Consumer clientId=notification-service, groupId=notification-service-group] Resetting generation and member id due to: consumer pro-actively leaving the group
2026-06-15 17:19:59.797 [main] INFO  o.a.k.c.c.i.ConsumerCoordinator trace=,span= - [Consumer clientId=notification-service, groupId=notification-service-group] Request joining group due to: consumer pro-actively leaving the group
2026-06-15 17:19:59.798 [main] INFO  o.a.kafka.common.metrics.Metrics trace=,span= - Metrics scheduler closed
2026-06-15 17:19:59.799 [main] INFO  o.a.kafka.common.metrics.Metrics trace=,span= - Closing reporter org.apache.kafka.common.metrics.JmxReporter
2026-06-15 17:19:59.799 [main] INFO  o.a.kafka.common.metrics.Metrics trace=,span= - Closing reporter org.apache.kafka.common.telemetry.internals.ClientTelemetryReporter
2026-06-15 17:19:59.799 [main] INFO  o.a.kafka.common.metrics.Metrics trace=,span= - Metrics reporters closed
2026-06-15 17:19:59.802 [main] INFO  o.a.kafka.common.utils.AppInfoParser trace=,span= - App info kafka.consumer for notification-service unregistered
2026-06-15 17:19:59.832 [main] INFO  o.a.k.common.config.AbstractConfig trace=,span= - ConsumerConfig values: 
	allow.auto.create.topics = true
	auto.commit.interval.ms = 100
	auto.offset.reset = earliest
	bootstrap.servers = [localhost:9092]
	check.crcs = true
	client.dns.lookup = use_all_dns_ips
	client.id = notification-service-0
	client.rack = 
	connections.max.idle.ms = 540000
	default.api.timeout.ms = 60000
	enable.auto.commit = false
	enable.metrics.push = true
	exclude.internal.topics = true
	fetch.max.bytes = 52428800
	fetch.max.wait.ms = 500
	fetch.min.bytes = 1
	group.id = notification-service-group
	group.instance.id = null
	group.protocol = classic
	group.remote.assignor = null
	heartbeat.interval.ms = 3000
	interceptor.classes = []
	internal.leave.group.on.close = true
	internal.throw.on.fetch.stable.offset.unsupported = false
	isolation.level = read_uncommitted
	key.deserializer = class org.apache.kafka.common.serialization.ByteArrayDeserializer
	max.partition.fetch.bytes = 1048576
	max.poll.interval.ms = 300000
	max.poll.records = 500
	metadata.max.age.ms = 300000
	metadata.recovery.rebootstrap.trigger.ms = 300000
	metadata.recovery.strategy = rebootstrap
	metric.reporters = [org.apache.kafka.common.metrics.JmxReporter]
	metrics.num.samples = 2
	metrics.recording.level = INFO
	metrics.sample.window.ms = 30000
	partition.assignment.strategy = [class org.apache.kafka.clients.consumer.RangeAssignor, class org.apache.kafka.clients.consumer.CooperativeStickyAssignor]
	receive.buffer.bytes = 65536
	reconnect.backoff.max.ms = 1000
	reconnect.backoff.ms = 50
	request.timeout.ms = 30000
	retry.backoff.max.ms = 1000
	retry.backoff.ms = 100
	sasl.client.callback.handler.class = null
	sasl.jaas.config = null
	sasl.kerberos.kinit.cmd = /usr/bin/kinit
	sasl.kerberos.min.time.before.relogin = 60000
	sasl.kerberos.service.name = null
	sasl.kerberos.ticket.renew.jitter = 0.05
	sasl.kerberos.ticket.renew.window.factor = 0.8
	sasl.login.callback.handler.class = null
	sasl.login.class = null
	sasl.login.connect.timeout.ms = null
	sasl.login.read.timeout.ms = null
	sasl.login.refresh.buffer.seconds = 300
	sasl.login.refresh.min.period.seconds = 60
	sasl.login.refresh.window.factor = 0.8
	sasl.login.refresh.window.jitter = 0.05
	sasl.login.retry.backoff.max.ms = 10000
	sasl.login.retry.backoff.ms = 100
	sasl.mechanism = GSSAPI
	sasl.oauthbearer.assertion.algorithm = RS256
	sasl.oauthbearer.assertion.claim.aud = null
	sasl.oauthbearer.assertion.claim.exp.seconds = 300
	sasl.oauthbearer.assertion.claim.iss = null
	sasl.oauthbearer.assertion.claim.jti.include = false
	sasl.oauthbearer.assertion.claim.nbf.seconds = 60
	sasl.oauthbearer.assertion.claim.sub = null
	sasl.oauthbearer.assertion.file = null
	sasl.oauthbearer.assertion.private.key.file = null
	sasl.oauthbearer.assertion.private.key.passphrase = null
	sasl.oauthbearer.assertion.template.file = null
	sasl.oauthbearer.client.credentials.client.id = null
	sasl.oauthbearer.client.credentials.client.secret = null
	sasl.oauthbearer.clock.skew.seconds = 30
	sasl.oauthbearer.expected.audience = null
	sasl.oauthbearer.expected.issuer = null
	sasl.oauthbearer.header.urlencode = false
	sasl.oauthbearer.jwks.endpoint.refresh.ms = 3600000
	sasl.oauthbearer.jwks.endpoint.retry.backoff.max.ms = 10000
	sasl.oauthbearer.jwks.endpoint.retry.backoff.ms = 100
	sasl.oauthbearer.jwks.endpoint.url = null
	sasl.oauthbearer.jwt.retriever.class = class org.apache.kafka.common.security.oauthbearer.DefaultJwtRetriever
	sasl.oauthbearer.jwt.validator.class = class org.apache.kafka.common.security.oauthbearer.DefaultJwtValidator
	sasl.oauthbearer.scope = null
	sasl.oauthbearer.scope.claim.name = scope
	sasl.oauthbearer.sub.claim.name = sub
	sasl.oauthbearer.token.endpoint.url = null
	security.protocol = PLAINTEXT
	security.providers = null
	send.buffer.bytes = 131072
	session.timeout.ms = 45000
	share.acknowledgement.mode = implicit
	socket.connection.setup.timeout.max.ms = 30000
	socket.connection.setup.timeout.ms = 10000
	ssl.cipher.suites = null
	ssl.enabled.protocols = [TLSv1.2, TLSv1.3]
	ssl.endpoint.identification.algorithm = https
	ssl.engine.factory.class = null
	ssl.key.password = null
	ssl.keymanager.algorithm = SunX509
	ssl.keystore.certificate.chain = null
	ssl.keystore.key = null
	ssl.keystore.location = null
	ssl.keystore.password = null
	ssl.keystore.type = JKS
	ssl.protocol = TLSv1.3
	ssl.provider = null
	ssl.secure.random.implementation = null
	ssl.trustmanager.algorithm = PKIX
	ssl.truststore.certificates = null
	ssl.truststore.location = null
	ssl.truststore.password = null
	ssl.truststore.type = JKS
	value.deserializer = class org.apache.kafka.common.serialization.ByteArrayDeserializer

2026-06-15 17:19:59.832 [main] INFO  o.a.k.c.t.i.KafkaMetricsCollector trace=,span= - initializing Kafka metrics collector
2026-06-15 17:19:59.835 [main] INFO  o.a.kafka.common.utils.AppInfoParser trace=,span= - Kafka version: 4.1.2
2026-06-15 17:19:59.835 [main] INFO  o.a.kafka.common.utils.AppInfoParser trace=,span= - Kafka commitId: c82fd9b934b4c1e6
2026-06-15 17:19:59.835 [main] INFO  o.a.kafka.common.utils.AppInfoParser trace=,span= - Kafka startTimeMs: 1781558399835
2026-06-15 17:19:59.836 [main] INFO  o.a.k.c.c.i.ClassicKafkaConsumer trace=,span= - [Consumer clientId=notification-service-0, groupId=notification-service-group] Subscribed to topic(s): order-events
2026-06-15 17:19:59.840 [main] INFO  o.s.i.k.i.KafkaMessageDrivenChannelAdapter trace=,span= - started org.springframework.integration.kafka.inbound.KafkaMessageDrivenChannelAdapter@56ed2baf
2026-06-15 17:19:59.841 [main] INFO  o.a.coyote.http11.Http11NioProtocol trace=,span= - Starting ProtocolHandler ["http-nio-8081"]
2026-06-15 17:19:59.847 [main] INFO  o.s.boot.tomcat.TomcatWebServer trace=,span= - Tomcat started on port 8081 (http) with context path '/'
2026-06-15 17:19:59.860 [main] INFO  c.l.n.NotificationServiceApplication trace=,span= - Started NotificationServiceApplication in 2.622 seconds (process running for 3.001)
2026-06-15 17:19:59.863 [KafkaConsumerDestination{consumerDestinationName='order-events', partitions=0, dlqName='null'}.container-0-C-1] INFO  org.apache.kafka.clients.Metadata trace=,span= - [Consumer clientId=notification-service-0, groupId=notification-service-group] Cluster ID: 5L6g3nShT-eMCtK--X86sw
2026-06-15 17:19:59.864 [KafkaConsumerDestination{consumerDestinationName='order-events', partitions=0, dlqName='null'}.container-0-C-1] INFO  o.a.k.c.c.i.ConsumerCoordinator trace=,span= - [Consumer clientId=notification-service-0, groupId=notification-service-group] Discovered group coordinator localhost:9092 (id: 2147483646 rack: null isFenced: false)
2026-06-15 17:19:59.865 [KafkaConsumerDestination{consumerDestinationName='order-events', partitions=0, dlqName='null'}.container-0-C-1] INFO  o.a.k.c.c.i.ConsumerCoordinator trace=,span= - [Consumer clientId=notification-service-0, groupId=notification-service-group] (Re-)joining group
2026-06-15 17:19:59.883 [KafkaConsumerDestination{consumerDestinationName='order-events', partitions=0, dlqName='null'}.container-0-C-1] INFO  o.a.k.c.c.i.ConsumerCoordinator trace=,span= - [Consumer clientId=notification-service-0, groupId=notification-service-group] Request joining group due to: need to re-join with the given member-id: notification-service-0-86200d2f-5e8e-446f-92af-14d158c53578
2026-06-15 17:19:59.883 [KafkaConsumerDestination{consumerDestinationName='order-events', partitions=0, dlqName='null'}.container-0-C-1] INFO  o.a.k.c.c.i.ConsumerCoordinator trace=,span= - [Consumer clientId=notification-service-0, groupId=notification-service-group] (Re-)joining group
2026-06-15 17:20:02.892 [KafkaConsumerDestination{consumerDestinationName='order-events', partitions=0, dlqName='null'}.container-0-C-1] INFO  o.a.k.c.c.i.ConsumerCoordinator trace=,span= - [Consumer clientId=notification-service-0, groupId=notification-service-group] Successfully joined group with generation Generation{generationId=11, memberId='notification-service-0-86200d2f-5e8e-446f-92af-14d158c53578', protocol='range'}
2026-06-15 17:20:02.899 [KafkaConsumerDestination{consumerDestinationName='order-events', partitions=0, dlqName='null'}.container-0-C-1] INFO  o.a.k.c.c.i.ConsumerCoordinator trace=,span= - [Consumer clientId=notification-service-0, groupId=notification-service-group] Finished assignment for group at generation 11: {notification-service-0-86200d2f-5e8e-446f-92af-14d158c53578=Assignment(partitions=[order-events-0])}
2026-06-15 17:20:02.925 [KafkaConsumerDestination{consumerDestinationName='order-events', partitions=0, dlqName='null'}.container-0-C-1] INFO  o.a.k.c.c.i.ConsumerCoordinator trace=,span= - [Consumer clientId=notification-service-0, groupId=notification-service-group] Successfully synced group in generation Generation{generationId=11, memberId='notification-service-0-86200d2f-5e8e-446f-92af-14d158c53578', protocol='range'}
2026-06-15 17:20:02.926 [KafkaConsumerDestination{consumerDestinationName='order-events', partitions=0, dlqName='null'}.container-0-C-1] INFO  o.a.k.c.c.i.ConsumerCoordinator trace=,span= - [Consumer clientId=notification-service-0, groupId=notification-service-group] Notifying assignor about the new Assignment(partitions=[order-events-0])
2026-06-15 17:20:02.929 [KafkaConsumerDestination{consumerDestinationName='order-events', partitions=0, dlqName='null'}.container-0-C-1] INFO  o.a.k.c.c.i.ConsumerRebalanceListenerInvoker trace=,span= - [Consumer clientId=notification-service-0, groupId=notification-service-group] Adding newly assigned partitions: [order-events-0]
2026-06-15 17:20:02.939 [KafkaConsumerDestination{consumerDestinationName='order-events', partitions=0, dlqName='null'}.container-0-C-1] INFO  o.a.k.c.c.internals.ConsumerUtils trace=,span= - Setting offset for partition order-events-0 to the committed offset FetchPosition{offset=5, offsetEpoch=Optional.empty, currentLeader=LeaderAndEpoch{leader=Optional[localhost:9092 (id: 1 rack: null isFenced: false)], epoch=2}}
2026-06-15 17:20:29.688 [KafkaConsumerDestination{consumerDestinationName='order-events', partitions=0, dlqName='null'}.container-0-C-1] INFO  c.l.n.m.OrderNotificationListener trace=,span= - Received order event: OrderEventMessage[tenantId=Dzianis-Tech1-Inc, orderId=bb6c408d-df44-4a31-9994-885dfb2c2f0c, status=CREATED]
2026-06-15 17:20:29.980 [KafkaConsumerDestination{consumerDestinationName='order-events', partitions=0, dlqName='null'}.container-0-C-1] DEBUG c.l.n.cache.OrderRedisCacheService trace=,span= - Order is not present in cache: tenantId=Dzianis-Tech1-Inc, orderId=bb6c408d-df44-4a31-9994-885dfb2c2f0c
2026-06-15 17:20:29.981 [KafkaConsumerDestination{consumerDestinationName='order-events', partitions=0, dlqName='null'}.container-0-C-1] DEBUG c.l.n.s.OrderNotificationService trace=,span= - Order not found in cache, using fallback to db stub | orderId=bb6c408d-df44-4a31-9994-885dfb2c2f0c
2026-06-15 17:20:29.981 [KafkaConsumerDestination{consumerDestinationName='order-events', partitions=0, dlqName='null'}.container-0-C-1] INFO  c.l.n.s.OrderNotificationService trace=,span= - Triggering order receipt notification | orderId=bb6c408d-df44-4a31-9994-885dfb2c2f0c status=CREATED
2026-06-15 17:20:29.981 [KafkaConsumerDestination{consumerDestinationName='order-events', partitions=0, dlqName='null'}.container-0-C-1] DEBUG c.l.n.s.OrderReceiptNotificationService trace=,span= - Order receipt notification | tenantId=Dzianis-Tech1-Inc orderId=bb6c408d-df44-4a31-9994-885dfb2c2f0c status=CREATED message='Order receipt: Your order 'bb6c408d-df44-4a31-9994-885dfb2c2f0c' has been created. Thank you for choosing us!'
2026-06-15 17:20:29.981 [KafkaConsumerDestination{consumerDestinationName='order-events', partitions=0, dlqName='null'}.container-0-C-1] INFO  c.l.n.s.c.EmailNotificationChannel trace=,span= - [EMAIL] Sending notification to customer email=some@loadup.com | tenantId=Dzianis-Tech1-Inc | orderId=bb6c408d-df44-4a31-9994-885dfb2c2f0c | message='Order receipt: Your order 'bb6c408d-df44-4a31-9994-885dfb2c2f0c' has been created. Thank you for choosing us!'
2026-06-15 17:20:29.981 [KafkaConsumerDestination{consumerDestinationName='order-events', partitions=0, dlqName='null'}.container-0-C-1] INFO  c.l.n.m.OrderNotificationListener trace=,span= - Order event acknowledged.
2026-06-15 17:26:50.732 [KafkaConsumerDestination{consumerDestinationName='order-events', partitions=0, dlqName='null'}.container-0-C-1] INFO  c.l.n.m.OrderNotificationListener trace=14f7fbe6195d42d3325f16b992c51390,span= - Received order event: OrderEventMessage[tenantId=Dzianis-Tech1-Inc, orderId=65c94fa4-e993-45bf-bf82-04b305abfecf, status=CREATED]
2026-06-15 17:26:50.744 [KafkaConsumerDestination{consumerDestinationName='order-events', partitions=0, dlqName='null'}.container-0-C-1] DEBUG c.l.n.cache.OrderRedisCacheService trace=14f7fbe6195d42d3325f16b992c51390,span= - Order is not present in cache: tenantId=Dzianis-Tech1-Inc, orderId=65c94fa4-e993-45bf-bf82-04b305abfecf
2026-06-15 17:26:50.744 [KafkaConsumerDestination{consumerDestinationName='order-events', partitions=0, dlqName='null'}.container-0-C-1] DEBUG c.l.n.s.OrderNotificationService trace=14f7fbe6195d42d3325f16b992c51390,span= - Order not found in cache, using fallback to db stub | orderId=65c94fa4-e993-45bf-bf82-04b305abfecf
2026-06-15 17:26:50.744 [KafkaConsumerDestination{consumerDestinationName='order-events', partitions=0, dlqName='null'}.container-0-C-1] INFO  c.l.n.s.OrderNotificationService trace=14f7fbe6195d42d3325f16b992c51390,span= - Triggering order receipt notification | orderId=65c94fa4-e993-45bf-bf82-04b305abfecf status=CREATED
2026-06-15 17:26:50.745 [KafkaConsumerDestination{consumerDestinationName='order-events', partitions=0, dlqName='null'}.container-0-C-1] DEBUG c.l.n.s.OrderReceiptNotificationService trace=14f7fbe6195d42d3325f16b992c51390,span= - Order receipt notification | tenantId=Dzianis-Tech1-Inc orderId=65c94fa4-e993-45bf-bf82-04b305abfecf status=CREATED message='Order receipt: Your order '65c94fa4-e993-45bf-bf82-04b305abfecf' has been created. Thank you for choosing us!'
2026-06-15 17:26:50.745 [KafkaConsumerDestination{consumerDestinationName='order-events', partitions=0, dlqName='null'}.container-0-C-1] INFO  c.l.n.s.c.EmailNotificationChannel trace=14f7fbe6195d42d3325f16b992c51390,span= - [EMAIL] Sending notification to customer email=some@loadup.com | tenantId=Dzianis-Tech1-Inc | orderId=65c94fa4-e993-45bf-bf82-04b305abfecf | message='Order receipt: Your order '65c94fa4-e993-45bf-bf82-04b305abfecf' has been created. Thank you for choosing us!'
2026-06-15 17:26:50.745 [KafkaConsumerDestination{consumerDestinationName='order-events', partitions=0, dlqName='null'}.container-0-C-1] INFO  c.l.n.m.OrderNotificationListener trace=14f7fbe6195d42d3325f16b992c51390,span= - Order event acknowledged.
2026-06-15 17:27:21.192 [SpringApplicationShutdownHook] INFO  o.s.boot.tomcat.GracefulShutdown trace=,span= - Commencing graceful shutdown. Waiting for active requests to complete
2026-06-15 17:27:21.199 [tomcat-shutdown] INFO  o.s.boot.tomcat.GracefulShutdown trace=,span= - Graceful shutdown complete
2026-06-15 17:27:21.202 [KafkaConsumerDestination{consumerDestinationName='order-events', partitions=0, dlqName='null'}.container-0-C-1] INFO  o.a.k.c.c.i.ConsumerRebalanceListenerInvoker trace=,span= - [Consumer clientId=notification-service-0, groupId=notification-service-group] Revoke previously assigned partitions [order-events-0]
2026-06-15 17:27:21.203 [KafkaConsumerDestination{consumerDestinationName='order-events', partitions=0, dlqName='null'}.container-0-C-1] INFO  o.a.k.c.c.i.ConsumerCoordinator trace=,span= - [Consumer clientId=notification-service-0, groupId=notification-service-group] Member notification-service-0-86200d2f-5e8e-446f-92af-14d158c53578 sending LeaveGroup request to coordinator localhost:9092 (id: 2147483646 rack: null isFenced: false) due to the consumer unsubscribed from all topics
2026-06-15 17:27:21.203 [KafkaConsumerDestination{consumerDestinationName='order-events', partitions=0, dlqName='null'}.container-0-C-1] INFO  o.a.k.c.c.i.ConsumerCoordinator trace=,span= - [Consumer clientId=notification-service-0, groupId=notification-service-group] Resetting generation and member id due to: consumer pro-actively leaving the group
2026-06-15 17:27:21.203 [KafkaConsumerDestination{consumerDestinationName='order-events', partitions=0, dlqName='null'}.container-0-C-1] INFO  o.a.k.c.c.i.ConsumerCoordinator trace=,span= - [Consumer clientId=notification-service-0, groupId=notification-service-group] Request joining group due to: consumer pro-actively leaving the group
2026-06-15 17:27:21.204 [KafkaConsumerDestination{consumerDestinationName='order-events', partitions=0, dlqName='null'}.container-0-C-1] INFO  o.a.k.c.c.i.ClassicKafkaConsumer trace=,span= - [Consumer clientId=notification-service-0, groupId=notification-service-group] Unsubscribed all topics or patterns and assigned partitions
2026-06-15 17:27:21.204 [KafkaConsumerDestination{consumerDestinationName='order-events', partitions=0, dlqName='null'}.container-0-C-1] INFO  o.a.k.c.c.i.ConsumerCoordinator trace=,span= - [Consumer clientId=notification-service-0, groupId=notification-service-group] Resetting generation and member id due to: consumer pro-actively leaving the group
2026-06-15 17:27:21.204 [KafkaConsumerDestination{consumerDestinationName='order-events', partitions=0, dlqName='null'}.container-0-C-1] INFO  o.a.k.c.c.i.ConsumerCoordinator trace=,span= - [Consumer clientId=notification-service-0, groupId=notification-service-group] Request joining group due to: consumer pro-actively leaving the group
2026-06-15 17:27:21.372 [KafkaConsumerDestination{consumerDestinationName='order-events', partitions=0, dlqName='null'}.container-0-C-1] INFO  o.a.kafka.common.metrics.Metrics trace=,span= - Metrics scheduler closed
2026-06-15 17:27:21.373 [KafkaConsumerDestination{consumerDestinationName='order-events', partitions=0, dlqName='null'}.container-0-C-1] INFO  o.a.kafka.common.metrics.Metrics trace=,span= - Closing reporter org.apache.kafka.common.metrics.JmxReporter
2026-06-15 17:27:21.373 [KafkaConsumerDestination{consumerDestinationName='order-events', partitions=0, dlqName='null'}.container-0-C-1] INFO  o.a.kafka.common.metrics.Metrics trace=,span= - Closing reporter org.apache.kafka.common.telemetry.internals.ClientTelemetryReporter
2026-06-15 17:27:21.373 [KafkaConsumerDestination{consumerDestinationName='order-events', partitions=0, dlqName='null'}.container-0-C-1] INFO  o.a.kafka.common.metrics.Metrics trace=,span= - Metrics reporters closed
2026-06-15 17:27:21.375 [KafkaConsumerDestination{consumerDestinationName='order-events', partitions=0, dlqName='null'}.container-0-C-1] INFO  o.a.kafka.common.utils.AppInfoParser trace=,span= - App info kafka.consumer for notification-service-0 unregistered
2026-06-15 17:27:21.378 [SpringApplicationShutdownHook] INFO  o.s.i.k.i.KafkaMessageDrivenChannelAdapter trace=,span= - stopped org.springframework.integration.kafka.inbound.KafkaMessageDrivenChannelAdapter@56ed2baf
2026-06-15 17:27:21.398 [SpringApplicationShutdownHook] INFO  o.s.i.endpoint.EventDrivenConsumer trace=,span= - Removing {logging-channel-adapter:_org.springframework.integration.errorLogger} as a subscriber to the 'errorChannel' channel
2026-06-15 17:27:21.399 [SpringApplicationShutdownHook] INFO  o.s.i.c.PublishSubscribeChannel trace=,span= - Channel 'notification-service.errorChannel' has 0 subscriber(s).
2026-06-15 17:27:21.399 [SpringApplicationShutdownHook] INFO  o.s.i.endpoint.EventDrivenConsumer trace=,span= - stopped bean '_org.springframework.integration.errorLogger'
2026-06-15 17:27:31.426 [main] INFO  c.l.n.NotificationServiceApplication trace=,span= - Starting NotificationServiceApplication v0.0.1-SNAPSHOT using Java 25.0.2 with PID 47278 (/Users/Dzianis_Padbiarezski/projects/loadup/order-service/notification-service/build/libs/notification-service-0.0.1-SNAPSHOT.jar started by Dzianis_Padbiarezski in /Users/Dzianis_Padbiarezski/projects/loadup/order-service/notification-service)
2026-06-15 17:27:31.428 [main] DEBUG c.l.n.NotificationServiceApplication trace=,span= - Running with Spring Boot v4.0.7, Spring v7.0.8
2026-06-15 17:27:31.429 [main] INFO  c.l.n.NotificationServiceApplication trace=,span= - No active profile set, falling back to 1 default profile: "default"
2026-06-15 17:27:31.610 [background-preinit] INFO  o.h.validator.internal.util.Version trace=,span= - HV000001: Hibernate Validator 9.0.1.Final
2026-06-15 17:27:31.911 [main] INFO  o.s.d.r.c.RepositoryConfigurationDelegate trace=,span= - Multiple Spring Data modules found, entering strict repository configuration mode
2026-06-15 17:27:31.913 [main] INFO  o.s.d.r.c.RepositoryConfigurationDelegate trace=,span= - Bootstrapping Spring Data Redis repositories in DEFAULT mode.
2026-06-15 17:27:31.931 [main] INFO  o.s.d.r.c.RepositoryConfigurationDelegate trace=,span= - Finished Spring Data repository scanning in 9 ms. Found 0 Redis repository interfaces.
2026-06-15 17:27:32.044 [main] INFO  o.s.i.c.DefaultConfiguringBeanFactoryPostProcessor trace=,span= - No bean named 'errorChannel' has been explicitly defined. Therefore, a default PublishSubscribeChannel will be created.
2026-06-15 17:27:32.047 [main] INFO  o.s.i.c.DefaultConfiguringBeanFactoryPostProcessor trace=,span= - No bean named 'integrationHeaderChannelRegistry' has been explicitly defined. Therefore, a default DefaultHeaderChannelRegistry will be created.
2026-06-15 17:27:32.374 [main] INFO  o.s.boot.tomcat.TomcatWebServer trace=,span= - Tomcat initialized with port 8081 (http)
2026-06-15 17:27:32.382 [main] INFO  o.a.coyote.http11.Http11NioProtocol trace=,span= - Initializing ProtocolHandler ["http-nio-8081"]
2026-06-15 17:27:32.383 [main] INFO  o.a.catalina.core.StandardService trace=,span= - Starting service [Tomcat]
2026-06-15 17:27:32.383 [main] INFO  o.a.catalina.core.StandardEngine trace=,span= - Starting Servlet engine: [Apache Tomcat/11.0.22]
2026-06-15 17:27:32.397 [main] INFO  o.s.b.w.c.s.WebApplicationContextInitializer trace=,span= - Root WebApplicationContext: initialization completed in 928 ms
2026-06-15 17:27:32.492 [main] WARN  i.n.r.d.DnsServerAddressStreamProviders trace=,span= - Can not find io.netty.resolver.dns.macos.MacOSDnsServerAddressStreamProvider in the classpath, fallback to system defaults. This may result in incorrect DNS resolutions on MacOS. Check whether you have a dependency on 'io.netty:netty-resolver-dns-native-macos'
2026-06-15 17:27:33.121 [main] INFO  o.s.i.endpoint.EventDrivenConsumer trace=,span= - Adding {logging-channel-adapter:_org.springframework.integration.errorLogger} as a subscriber to the 'errorChannel' channel
2026-06-15 17:27:33.121 [main] INFO  o.s.i.c.PublishSubscribeChannel trace=,span= - Channel 'notification-service.errorChannel' has 1 subscriber(s).
2026-06-15 17:27:33.122 [main] INFO  o.s.i.endpoint.EventDrivenConsumer trace=,span= - started bean '_org.springframework.integration.errorLogger'
2026-06-15 17:27:33.227 [main] INFO  o.a.k.common.config.AbstractConfig trace=,span= - ConsumerConfig values: 
	allow.auto.create.topics = true
	auto.commit.interval.ms = 100
	auto.offset.reset = earliest
	bootstrap.servers = [localhost:9092]
	check.crcs = true
	client.dns.lookup = use_all_dns_ips
	client.id = notification-service
	client.rack = 
	connections.max.idle.ms = 540000
	default.api.timeout.ms = 60000
	enable.auto.commit = false
	enable.metrics.push = true
	exclude.internal.topics = true
	fetch.max.bytes = 52428800
	fetch.max.wait.ms = 500
	fetch.min.bytes = 1
	group.id = notification-service-group
	group.instance.id = null
	group.protocol = classic
	group.remote.assignor = null
	heartbeat.interval.ms = 3000
	interceptor.classes = []
	internal.leave.group.on.close = true
	internal.throw.on.fetch.stable.offset.unsupported = false
	isolation.level = read_uncommitted
	key.deserializer = class org.apache.kafka.common.serialization.ByteArrayDeserializer
	max.partition.fetch.bytes = 1048576
	max.poll.interval.ms = 300000
	max.poll.records = 500
	metadata.max.age.ms = 300000
	metadata.recovery.rebootstrap.trigger.ms = 300000
	metadata.recovery.strategy = rebootstrap
	metric.reporters = [org.apache.kafka.common.metrics.JmxReporter]
	metrics.num.samples = 2
	metrics.recording.level = INFO
	metrics.sample.window.ms = 30000
	partition.assignment.strategy = [class org.apache.kafka.clients.consumer.RangeAssignor, class org.apache.kafka.clients.consumer.CooperativeStickyAssignor]
	receive.buffer.bytes = 65536
	reconnect.backoff.max.ms = 1000
	reconnect.backoff.ms = 50
	request.timeout.ms = 30000
	retry.backoff.max.ms = 1000
	retry.backoff.ms = 100
	sasl.client.callback.handler.class = null
	sasl.jaas.config = null
	sasl.kerberos.kinit.cmd = /usr/bin/kinit
	sasl.kerberos.min.time.before.relogin = 60000
	sasl.kerberos.service.name = null
	sasl.kerberos.ticket.renew.jitter = 0.05
	sasl.kerberos.ticket.renew.window.factor = 0.8
	sasl.login.callback.handler.class = null
	sasl.login.class = null
	sasl.login.connect.timeout.ms = null
	sasl.login.read.timeout.ms = null
	sasl.login.refresh.buffer.seconds = 300
	sasl.login.refresh.min.period.seconds = 60
	sasl.login.refresh.window.factor = 0.8
	sasl.login.refresh.window.jitter = 0.05
	sasl.login.retry.backoff.max.ms = 10000
	sasl.login.retry.backoff.ms = 100
	sasl.mechanism = GSSAPI
	sasl.oauthbearer.assertion.algorithm = RS256
	sasl.oauthbearer.assertion.claim.aud = null
	sasl.oauthbearer.assertion.claim.exp.seconds = 300
	sasl.oauthbearer.assertion.claim.iss = null
	sasl.oauthbearer.assertion.claim.jti.include = false
	sasl.oauthbearer.assertion.claim.nbf.seconds = 60
	sasl.oauthbearer.assertion.claim.sub = null
	sasl.oauthbearer.assertion.file = null
	sasl.oauthbearer.assertion.private.key.file = null
	sasl.oauthbearer.assertion.private.key.passphrase = null
	sasl.oauthbearer.assertion.template.file = null
	sasl.oauthbearer.client.credentials.client.id = null
	sasl.oauthbearer.client.credentials.client.secret = null
	sasl.oauthbearer.clock.skew.seconds = 30
	sasl.oauthbearer.expected.audience = null
	sasl.oauthbearer.expected.issuer = null
	sasl.oauthbearer.header.urlencode = false
	sasl.oauthbearer.jwks.endpoint.refresh.ms = 3600000
	sasl.oauthbearer.jwks.endpoint.retry.backoff.max.ms = 10000
	sasl.oauthbearer.jwks.endpoint.retry.backoff.ms = 100
	sasl.oauthbearer.jwks.endpoint.url = null
	sasl.oauthbearer.jwt.retriever.class = class org.apache.kafka.common.security.oauthbearer.DefaultJwtRetriever
	sasl.oauthbearer.jwt.validator.class = class org.apache.kafka.common.security.oauthbearer.DefaultJwtValidator
	sasl.oauthbearer.scope = null
	sasl.oauthbearer.scope.claim.name = scope
	sasl.oauthbearer.sub.claim.name = sub
	sasl.oauthbearer.token.endpoint.url = null
	security.protocol = PLAINTEXT
	security.providers = null
	send.buffer.bytes = 131072
	session.timeout.ms = 45000
	share.acknowledgement.mode = implicit
	socket.connection.setup.timeout.max.ms = 30000
	socket.connection.setup.timeout.ms = 10000
	ssl.cipher.suites = null
	ssl.enabled.protocols = [TLSv1.2, TLSv1.3]
	ssl.endpoint.identification.algorithm = https
	ssl.engine.factory.class = null
	ssl.key.password = null
	ssl.keymanager.algorithm = SunX509
	ssl.keystore.certificate.chain = null
	ssl.keystore.key = null
	ssl.keystore.location = null
	ssl.keystore.password = null
	ssl.keystore.type = JKS
	ssl.protocol = TLSv1.3
	ssl.provider = null
	ssl.secure.random.implementation = null
	ssl.trustmanager.algorithm = PKIX
	ssl.truststore.certificates = null
	ssl.truststore.location = null
	ssl.truststore.password = null
	ssl.truststore.type = JKS
	value.deserializer = class org.apache.kafka.common.serialization.ByteArrayDeserializer

2026-06-15 17:27:33.252 [main] INFO  o.a.k.c.t.i.KafkaMetricsCollector trace=,span= - initializing Kafka metrics collector
2026-06-15 17:27:33.359 [main] INFO  o.a.kafka.common.utils.AppInfoParser trace=,span= - Kafka version: 4.1.2
2026-06-15 17:27:33.359 [main] INFO  o.a.kafka.common.utils.AppInfoParser trace=,span= - Kafka commitId: c82fd9b934b4c1e6
2026-06-15 17:27:33.359 [main] INFO  o.a.kafka.common.utils.AppInfoParser trace=,span= - Kafka startTimeMs: 1781558853358
2026-06-15 17:27:33.567 [main] INFO  org.apache.kafka.clients.Metadata trace=,span= - [Consumer clientId=notification-service, groupId=notification-service-group] Cluster ID: 5L6g3nShT-eMCtK--X86sw
2026-06-15 17:27:33.569 [main] INFO  o.a.k.c.c.i.ConsumerCoordinator trace=,span= - [Consumer clientId=notification-service, groupId=notification-service-group] Resetting generation and member id due to: consumer pro-actively leaving the group
2026-06-15 17:27:33.570 [main] INFO  o.a.k.c.c.i.ConsumerCoordinator trace=,span= - [Consumer clientId=notification-service, groupId=notification-service-group] Request joining group due to: consumer pro-actively leaving the group
2026-06-15 17:27:33.572 [main] INFO  o.a.kafka.common.metrics.Metrics trace=,span= - Metrics scheduler closed
2026-06-15 17:27:33.572 [main] INFO  o.a.kafka.common.metrics.Metrics trace=,span= - Closing reporter org.apache.kafka.common.metrics.JmxReporter
2026-06-15 17:27:33.572 [main] INFO  o.a.kafka.common.metrics.Metrics trace=,span= - Closing reporter org.apache.kafka.common.telemetry.internals.ClientTelemetryReporter
2026-06-15 17:27:33.572 [main] INFO  o.a.kafka.common.metrics.Metrics trace=,span= - Metrics reporters closed
2026-06-15 17:27:33.575 [main] INFO  o.a.kafka.common.utils.AppInfoParser trace=,span= - App info kafka.consumer for notification-service unregistered
2026-06-15 17:27:33.605 [main] INFO  o.a.k.common.config.AbstractConfig trace=,span= - ConsumerConfig values: 
	allow.auto.create.topics = true
	auto.commit.interval.ms = 100
	auto.offset.reset = earliest
	bootstrap.servers = [localhost:9092]
	check.crcs = true
	client.dns.lookup = use_all_dns_ips
	client.id = notification-service-0
	client.rack = 
	connections.max.idle.ms = 540000
	default.api.timeout.ms = 60000
	enable.auto.commit = false
	enable.metrics.push = true
	exclude.internal.topics = true
	fetch.max.bytes = 52428800
	fetch.max.wait.ms = 500
	fetch.min.bytes = 1
	group.id = notification-service-group
	group.instance.id = null
	group.protocol = classic
	group.remote.assignor = null
	heartbeat.interval.ms = 3000
	interceptor.classes = []
	internal.leave.group.on.close = true
	internal.throw.on.fetch.stable.offset.unsupported = false
	isolation.level = read_uncommitted
	key.deserializer = class org.apache.kafka.common.serialization.ByteArrayDeserializer
	max.partition.fetch.bytes = 1048576
	max.poll.interval.ms = 300000
	max.poll.records = 500
	metadata.max.age.ms = 300000
	metadata.recovery.rebootstrap.trigger.ms = 300000
	metadata.recovery.strategy = rebootstrap
	metric.reporters = [org.apache.kafka.common.metrics.JmxReporter]
	metrics.num.samples = 2
	metrics.recording.level = INFO
	metrics.sample.window.ms = 30000
	partition.assignment.strategy = [class org.apache.kafka.clients.consumer.RangeAssignor, class org.apache.kafka.clients.consumer.CooperativeStickyAssignor]
	receive.buffer.bytes = 65536
	reconnect.backoff.max.ms = 1000
	reconnect.backoff.ms = 50
	request.timeout.ms = 30000
	retry.backoff.max.ms = 1000
	retry.backoff.ms = 100
	sasl.client.callback.handler.class = null
	sasl.jaas.config = null
	sasl.kerberos.kinit.cmd = /usr/bin/kinit
	sasl.kerberos.min.time.before.relogin = 60000
	sasl.kerberos.service.name = null
	sasl.kerberos.ticket.renew.jitter = 0.05
	sasl.kerberos.ticket.renew.window.factor = 0.8
	sasl.login.callback.handler.class = null
	sasl.login.class = null
	sasl.login.connect.timeout.ms = null
	sasl.login.read.timeout.ms = null
	sasl.login.refresh.buffer.seconds = 300
	sasl.login.refresh.min.period.seconds = 60
	sasl.login.refresh.window.factor = 0.8
	sasl.login.refresh.window.jitter = 0.05
	sasl.login.retry.backoff.max.ms = 10000
	sasl.login.retry.backoff.ms = 100
	sasl.mechanism = GSSAPI
	sasl.oauthbearer.assertion.algorithm = RS256
	sasl.oauthbearer.assertion.claim.aud = null
	sasl.oauthbearer.assertion.claim.exp.seconds = 300
	sasl.oauthbearer.assertion.claim.iss = null
	sasl.oauthbearer.assertion.claim.jti.include = false
	sasl.oauthbearer.assertion.claim.nbf.seconds = 60
	sasl.oauthbearer.assertion.claim.sub = null
	sasl.oauthbearer.assertion.file = null
	sasl.oauthbearer.assertion.private.key.file = null
	sasl.oauthbearer.assertion.private.key.passphrase = null
	sasl.oauthbearer.assertion.template.file = null
	sasl.oauthbearer.client.credentials.client.id = null
	sasl.oauthbearer.client.credentials.client.secret = null
	sasl.oauthbearer.clock.skew.seconds = 30
	sasl.oauthbearer.expected.audience = null
	sasl.oauthbearer.expected.issuer = null
	sasl.oauthbearer.header.urlencode = false
	sasl.oauthbearer.jwks.endpoint.refresh.ms = 3600000
	sasl.oauthbearer.jwks.endpoint.retry.backoff.max.ms = 10000
	sasl.oauthbearer.jwks.endpoint.retry.backoff.ms = 100
	sasl.oauthbearer.jwks.endpoint.url = null
	sasl.oauthbearer.jwt.retriever.class = class org.apache.kafka.common.security.oauthbearer.DefaultJwtRetriever
	sasl.oauthbearer.jwt.validator.class = class org.apache.kafka.common.security.oauthbearer.DefaultJwtValidator
	sasl.oauthbearer.scope = null
	sasl.oauthbearer.scope.claim.name = scope
	sasl.oauthbearer.sub.claim.name = sub
	sasl.oauthbearer.token.endpoint.url = null
	security.protocol = PLAINTEXT
	security.providers = null
	send.buffer.bytes = 131072
	session.timeout.ms = 45000
	share.acknowledgement.mode = implicit
	socket.connection.setup.timeout.max.ms = 30000
	socket.connection.setup.timeout.ms = 10000
	ssl.cipher.suites = null
	ssl.enabled.protocols = [TLSv1.2, TLSv1.3]
	ssl.endpoint.identification.algorithm = https
	ssl.engine.factory.class = null
	ssl.key.password = null
	ssl.keymanager.algorithm = SunX509
	ssl.keystore.certificate.chain = null
	ssl.keystore.key = null
	ssl.keystore.location = null
	ssl.keystore.password = null
	ssl.keystore.type = JKS
	ssl.protocol = TLSv1.3
	ssl.provider = null
	ssl.secure.random.implementation = null
	ssl.trustmanager.algorithm = PKIX
	ssl.truststore.certificates = null
	ssl.truststore.location = null
	ssl.truststore.password = null
	ssl.truststore.type = JKS
	value.deserializer = class org.apache.kafka.common.serialization.ByteArrayDeserializer

2026-06-15 17:27:33.606 [main] INFO  o.a.k.c.t.i.KafkaMetricsCollector trace=,span= - initializing Kafka metrics collector
2026-06-15 17:27:33.609 [main] INFO  o.a.kafka.common.utils.AppInfoParser trace=,span= - Kafka version: 4.1.2
2026-06-15 17:27:33.609 [main] INFO  o.a.kafka.common.utils.AppInfoParser trace=,span= - Kafka commitId: c82fd9b934b4c1e6
2026-06-15 17:27:33.609 [main] INFO  o.a.kafka.common.utils.AppInfoParser trace=,span= - Kafka startTimeMs: 1781558853609
2026-06-15 17:27:33.610 [main] INFO  o.a.k.c.c.i.ClassicKafkaConsumer trace=,span= - [Consumer clientId=notification-service-0, groupId=notification-service-group] Subscribed to topic(s): order-events
2026-06-15 17:27:33.614 [main] INFO  o.s.i.k.i.KafkaMessageDrivenChannelAdapter trace=,span= - started org.springframework.integration.kafka.inbound.KafkaMessageDrivenChannelAdapter@45482f82
2026-06-15 17:27:33.615 [main] INFO  o.a.coyote.http11.Http11NioProtocol trace=,span= - Starting ProtocolHandler ["http-nio-8081"]
2026-06-15 17:27:33.621 [main] INFO  o.s.boot.tomcat.TomcatWebServer trace=,span= - Tomcat started on port 8081 (http) with context path '/'
2026-06-15 17:27:33.630 [KafkaConsumerDestination{consumerDestinationName='order-events', partitions=0, dlqName='null'}.container-0-C-1] INFO  org.apache.kafka.clients.Metadata trace=,span= - [Consumer clientId=notification-service-0, groupId=notification-service-group] Cluster ID: 5L6g3nShT-eMCtK--X86sw
2026-06-15 17:27:33.631 [KafkaConsumerDestination{consumerDestinationName='order-events', partitions=0, dlqName='null'}.container-0-C-1] INFO  o.a.k.c.c.i.ConsumerCoordinator trace=,span= - [Consumer clientId=notification-service-0, groupId=notification-service-group] Discovered group coordinator localhost:9092 (id: 2147483646 rack: null isFenced: false)
2026-06-15 17:27:33.632 [KafkaConsumerDestination{consumerDestinationName='order-events', partitions=0, dlqName='null'}.container-0-C-1] INFO  o.a.k.c.c.i.ConsumerCoordinator trace=,span= - [Consumer clientId=notification-service-0, groupId=notification-service-group] (Re-)joining group
2026-06-15 17:27:33.634 [main] INFO  c.l.n.NotificationServiceApplication trace=,span= - Started NotificationServiceApplication in 2.614 seconds (process running for 2.983)
2026-06-15 17:27:33.647 [KafkaConsumerDestination{consumerDestinationName='order-events', partitions=0, dlqName='null'}.container-0-C-1] INFO  o.a.k.c.c.i.ConsumerCoordinator trace=,span= - [Consumer clientId=notification-service-0, groupId=notification-service-group] Request joining group due to: need to re-join with the given member-id: notification-service-0-ba6ead08-4b1c-4efe-be4a-e59b2a7f95dd
2026-06-15 17:27:33.647 [KafkaConsumerDestination{consumerDestinationName='order-events', partitions=0, dlqName='null'}.container-0-C-1] INFO  o.a.k.c.c.i.ConsumerCoordinator trace=,span= - [Consumer clientId=notification-service-0, groupId=notification-service-group] (Re-)joining group
2026-06-15 17:27:36.669 [KafkaConsumerDestination{consumerDestinationName='order-events', partitions=0, dlqName='null'}.container-0-C-1] INFO  o.a.k.c.c.i.ConsumerCoordinator trace=,span= - [Consumer clientId=notification-service-0, groupId=notification-service-group] Successfully joined group with generation Generation{generationId=13, memberId='notification-service-0-ba6ead08-4b1c-4efe-be4a-e59b2a7f95dd', protocol='range'}
2026-06-15 17:27:36.687 [KafkaConsumerDestination{consumerDestinationName='order-events', partitions=0, dlqName='null'}.container-0-C-1] INFO  o.a.k.c.c.i.ConsumerCoordinator trace=,span= - [Consumer clientId=notification-service-0, groupId=notification-service-group] Finished assignment for group at generation 13: {notification-service-0-ba6ead08-4b1c-4efe-be4a-e59b2a7f95dd=Assignment(partitions=[order-events-0])}
2026-06-15 17:27:36.702 [KafkaConsumerDestination{consumerDestinationName='order-events', partitions=0, dlqName='null'}.container-0-C-1] INFO  o.a.k.c.c.i.ConsumerCoordinator trace=,span= - [Consumer clientId=notification-service-0, groupId=notification-service-group] Successfully synced group in generation Generation{generationId=13, memberId='notification-service-0-ba6ead08-4b1c-4efe-be4a-e59b2a7f95dd', protocol='range'}
2026-06-15 17:27:36.702 [KafkaConsumerDestination{consumerDestinationName='order-events', partitions=0, dlqName='null'}.container-0-C-1] INFO  o.a.k.c.c.i.ConsumerCoordinator trace=,span= - [Consumer clientId=notification-service-0, groupId=notification-service-group] Notifying assignor about the new Assignment(partitions=[order-events-0])
2026-06-15 17:27:36.704 [KafkaConsumerDestination{consumerDestinationName='order-events', partitions=0, dlqName='null'}.container-0-C-1] INFO  o.a.k.c.c.i.ConsumerRebalanceListenerInvoker trace=,span= - [Consumer clientId=notification-service-0, groupId=notification-service-group] Adding newly assigned partitions: [order-events-0]
2026-06-15 17:27:36.714 [KafkaConsumerDestination{consumerDestinationName='order-events', partitions=0, dlqName='null'}.container-0-C-1] INFO  o.a.k.c.c.internals.ConsumerUtils trace=,span= - Setting offset for partition order-events-0 to the committed offset FetchPosition{offset=7, offsetEpoch=Optional.empty, currentLeader=LeaderAndEpoch{leader=Optional[localhost:9092 (id: 1 rack: null isFenced: false)], epoch=2}}
2026-06-15 17:27:36.983 [KafkaConsumerDestination{consumerDestinationName='order-events', partitions=0, dlqName='null'}.container-0-C-1] INFO  c.l.n.m.OrderNotificationListener trace=e4f8a83e6372a693f6b2f1edcc48e5c5,span= - Received order event: OrderEventMessage[tenantId=Dzianis-Tech1-Inc, orderId=de578dbb-a7ef-442e-a93c-4d63ba10d144, status=CREATED]
2026-06-15 17:27:37.206 [KafkaConsumerDestination{consumerDestinationName='order-events', partitions=0, dlqName='null'}.container-0-C-1] DEBUG c.l.n.cache.OrderRedisCacheService trace=e4f8a83e6372a693f6b2f1edcc48e5c5,span= - Order is not present in cache: tenantId=Dzianis-Tech1-Inc, orderId=de578dbb-a7ef-442e-a93c-4d63ba10d144
2026-06-15 17:27:37.207 [KafkaConsumerDestination{consumerDestinationName='order-events', partitions=0, dlqName='null'}.container-0-C-1] DEBUG c.l.n.s.OrderNotificationService trace=e4f8a83e6372a693f6b2f1edcc48e5c5,span= - Order not found in cache, using fallback to db stub | orderId=de578dbb-a7ef-442e-a93c-4d63ba10d144
2026-06-15 17:27:37.207 [KafkaConsumerDestination{consumerDestinationName='order-events', partitions=0, dlqName='null'}.container-0-C-1] INFO  c.l.n.s.OrderNotificationService trace=e4f8a83e6372a693f6b2f1edcc48e5c5,span= - Triggering order receipt notification | orderId=de578dbb-a7ef-442e-a93c-4d63ba10d144 status=CREATED
2026-06-15 17:27:37.207 [KafkaConsumerDestination{consumerDestinationName='order-events', partitions=0, dlqName='null'}.container-0-C-1] DEBUG c.l.n.s.OrderReceiptNotificationService trace=e4f8a83e6372a693f6b2f1edcc48e5c5,span= - Order receipt notification | tenantId=Dzianis-Tech1-Inc orderId=de578dbb-a7ef-442e-a93c-4d63ba10d144 status=CREATED message='Order receipt: Your order 'de578dbb-a7ef-442e-a93c-4d63ba10d144' has been created. Thank you for choosing us!'
2026-06-15 17:27:37.207 [KafkaConsumerDestination{consumerDestinationName='order-events', partitions=0, dlqName='null'}.container-0-C-1] INFO  c.l.n.s.c.EmailNotificationChannel trace=e4f8a83e6372a693f6b2f1edcc48e5c5,span= - [EMAIL] Sending notification to customer email=some@loadup.com | tenantId=Dzianis-Tech1-Inc | orderId=de578dbb-a7ef-442e-a93c-4d63ba10d144 | message='Order receipt: Your order 'de578dbb-a7ef-442e-a93c-4d63ba10d144' has been created. Thank you for choosing us!'
2026-06-15 17:27:37.208 [KafkaConsumerDestination{consumerDestinationName='order-events', partitions=0, dlqName='null'}.container-0-C-1] INFO  c.l.n.m.OrderNotificationListener trace=e4f8a83e6372a693f6b2f1edcc48e5c5,span= - Order event acknowledged.
2026-06-15 17:30:21.322 [SpringApplicationShutdownHook] INFO  o.s.boot.tomcat.GracefulShutdown trace=,span= - Commencing graceful shutdown. Waiting for active requests to complete
2026-06-15 17:30:21.332 [tomcat-shutdown] INFO  o.s.boot.tomcat.GracefulShutdown trace=,span= - Graceful shutdown complete
2026-06-15 17:30:21.336 [KafkaConsumerDestination{consumerDestinationName='order-events', partitions=0, dlqName='null'}.container-0-C-1] INFO  o.a.k.c.c.i.ConsumerRebalanceListenerInvoker trace=,span= - [Consumer clientId=notification-service-0, groupId=notification-service-group] Revoke previously assigned partitions [order-events-0]
2026-06-15 17:30:21.337 [KafkaConsumerDestination{consumerDestinationName='order-events', partitions=0, dlqName='null'}.container-0-C-1] INFO  o.a.k.c.c.i.ConsumerCoordinator trace=,span= - [Consumer clientId=notification-service-0, groupId=notification-service-group] Member notification-service-0-ba6ead08-4b1c-4efe-be4a-e59b2a7f95dd sending LeaveGroup request to coordinator localhost:9092 (id: 2147483646 rack: null isFenced: false) due to the consumer unsubscribed from all topics
2026-06-15 17:30:21.337 [KafkaConsumerDestination{consumerDestinationName='order-events', partitions=0, dlqName='null'}.container-0-C-1] INFO  o.a.k.c.c.i.ConsumerCoordinator trace=,span= - [Consumer clientId=notification-service-0, groupId=notification-service-group] Resetting generation and member id due to: consumer pro-actively leaving the group
2026-06-15 17:30:21.337 [KafkaConsumerDestination{consumerDestinationName='order-events', partitions=0, dlqName='null'}.container-0-C-1] INFO  o.a.k.c.c.i.ConsumerCoordinator trace=,span= - [Consumer clientId=notification-service-0, groupId=notification-service-group] Request joining group due to: consumer pro-actively leaving the group
2026-06-15 17:30:21.337 [KafkaConsumerDestination{consumerDestinationName='order-events', partitions=0, dlqName='null'}.container-0-C-1] INFO  o.a.k.c.c.i.ClassicKafkaConsumer trace=,span= - [Consumer clientId=notification-service-0, groupId=notification-service-group] Unsubscribed all topics or patterns and assigned partitions
2026-06-15 17:30:21.338 [KafkaConsumerDestination{consumerDestinationName='order-events', partitions=0, dlqName='null'}.container-0-C-1] INFO  o.a.k.c.c.i.ConsumerCoordinator trace=,span= - [Consumer clientId=notification-service-0, groupId=notification-service-group] Resetting generation and member id due to: consumer pro-actively leaving the group
2026-06-15 17:30:21.338 [KafkaConsumerDestination{consumerDestinationName='order-events', partitions=0, dlqName='null'}.container-0-C-1] INFO  o.a.k.c.c.i.ConsumerCoordinator trace=,span= - [Consumer clientId=notification-service-0, groupId=notification-service-group] Request joining group due to: consumer pro-actively leaving the group
2026-06-15 17:30:21.631 [KafkaConsumerDestination{consumerDestinationName='order-events', partitions=0, dlqName='null'}.container-0-C-1] INFO  o.a.kafka.common.metrics.Metrics trace=,span= - Metrics scheduler closed
2026-06-15 17:30:21.632 [KafkaConsumerDestination{consumerDestinationName='order-events', partitions=0, dlqName='null'}.container-0-C-1] INFO  o.a.kafka.common.metrics.Metrics trace=,span= - Closing reporter org.apache.kafka.common.metrics.JmxReporter
2026-06-15 17:30:21.632 [KafkaConsumerDestination{consumerDestinationName='order-events', partitions=0, dlqName='null'}.container-0-C-1] INFO  o.a.kafka.common.metrics.Metrics trace=,span= - Closing reporter org.apache.kafka.common.telemetry.internals.ClientTelemetryReporter
2026-06-15 17:30:21.632 [KafkaConsumerDestination{consumerDestinationName='order-events', partitions=0, dlqName='null'}.container-0-C-1] INFO  o.a.kafka.common.metrics.Metrics trace=,span= - Metrics reporters closed
2026-06-15 17:30:21.636 [KafkaConsumerDestination{consumerDestinationName='order-events', partitions=0, dlqName='null'}.container-0-C-1] INFO  o.a.kafka.common.utils.AppInfoParser trace=,span= - App info kafka.consumer for notification-service-0 unregistered
2026-06-15 17:30:21.639 [SpringApplicationShutdownHook] INFO  o.s.i.k.i.KafkaMessageDrivenChannelAdapter trace=,span= - stopped org.springframework.integration.kafka.inbound.KafkaMessageDrivenChannelAdapter@45482f82
2026-06-15 17:30:21.662 [SpringApplicationShutdownHook] INFO  o.s.i.endpoint.EventDrivenConsumer trace=,span= - Removing {logging-channel-adapter:_org.springframework.integration.errorLogger} as a subscriber to the 'errorChannel' channel
2026-06-15 17:30:21.662 [SpringApplicationShutdownHook] INFO  o.s.i.c.PublishSubscribeChannel trace=,span= - Channel 'notification-service.errorChannel' has 0 subscriber(s).
2026-06-15 17:30:21.662 [SpringApplicationShutdownHook] INFO  o.s.i.endpoint.EventDrivenConsumer trace=,span= - stopped bean '_org.springframework.integration.errorLogger'
2026-06-15 17:32:46.834 [main] INFO  c.l.n.NotificationServiceApplication trace=,span= - Starting NotificationServiceApplication v0.0.1-SNAPSHOT using Java 25.0.2 with PID 49198 (/Users/Dzianis_Padbiarezski/projects/loadup/order-service/notification-service/build/libs/notification-service-0.0.1-SNAPSHOT.jar started by Dzianis_Padbiarezski in /Users/Dzianis_Padbiarezski/projects/loadup/order-service/notification-service)
2026-06-15 17:32:46.836 [main] DEBUG c.l.n.NotificationServiceApplication trace=,span= - Running with Spring Boot v4.0.7, Spring v7.0.8
2026-06-15 17:32:46.837 [main] INFO  c.l.n.NotificationServiceApplication trace=,span= - No active profile set, falling back to 1 default profile: "default"
2026-06-15 17:32:47.042 [background-preinit] INFO  o.h.validator.internal.util.Version trace=,span= - HV000001: Hibernate Validator 9.0.1.Final
2026-06-15 17:32:47.330 [main] INFO  o.s.d.r.c.RepositoryConfigurationDelegate trace=,span= - Multiple Spring Data modules found, entering strict repository configuration mode
2026-06-15 17:32:47.332 [main] INFO  o.s.d.r.c.RepositoryConfigurationDelegate trace=,span= - Bootstrapping Spring Data Redis repositories in DEFAULT mode.
2026-06-15 17:32:47.355 [main] INFO  o.s.d.r.c.RepositoryConfigurationDelegate trace=,span= - Finished Spring Data repository scanning in 9 ms. Found 0 Redis repository interfaces.
2026-06-15 17:32:47.490 [main] INFO  o.s.i.c.DefaultConfiguringBeanFactoryPostProcessor trace=,span= - No bean named 'errorChannel' has been explicitly defined. Therefore, a default PublishSubscribeChannel will be created.
2026-06-15 17:32:47.498 [main] INFO  o.s.i.c.DefaultConfiguringBeanFactoryPostProcessor trace=,span= - No bean named 'integrationHeaderChannelRegistry' has been explicitly defined. Therefore, a default DefaultHeaderChannelRegistry will be created.
2026-06-15 17:32:47.925 [main] INFO  o.s.boot.tomcat.TomcatWebServer trace=,span= - Tomcat initialized with port 8081 (http)
2026-06-15 17:32:47.935 [main] INFO  o.a.coyote.http11.Http11NioProtocol trace=,span= - Initializing ProtocolHandler ["http-nio-8081"]
2026-06-15 17:32:47.936 [main] INFO  o.a.catalina.core.StandardService trace=,span= - Starting service [Tomcat]
2026-06-15 17:32:47.936 [main] INFO  o.a.catalina.core.StandardEngine trace=,span= - Starting Servlet engine: [Apache Tomcat/11.0.22]
2026-06-15 17:32:47.954 [main] INFO  o.s.b.w.c.s.WebApplicationContextInitializer trace=,span= - Root WebApplicationContext: initialization completed in 1074 ms
2026-06-15 17:32:48.065 [main] WARN  i.n.r.d.DnsServerAddressStreamProviders trace=,span= - Can not find io.netty.resolver.dns.macos.MacOSDnsServerAddressStreamProvider in the classpath, fallback to system defaults. This may result in incorrect DNS resolutions on MacOS. Check whether you have a dependency on 'io.netty:netty-resolver-dns-native-macos'
2026-06-15 17:32:48.828 [main] INFO  o.s.i.endpoint.EventDrivenConsumer trace=,span= - Adding {logging-channel-adapter:_org.springframework.integration.errorLogger} as a subscriber to the 'errorChannel' channel
2026-06-15 17:32:48.828 [main] INFO  o.s.i.c.PublishSubscribeChannel trace=,span= - Channel 'notification-service.errorChannel' has 1 subscriber(s).
2026-06-15 17:32:48.828 [main] INFO  o.s.i.endpoint.EventDrivenConsumer trace=,span= - started bean '_org.springframework.integration.errorLogger'
2026-06-15 17:32:48.950 [main] INFO  o.a.k.common.config.AbstractConfig trace=,span= - ConsumerConfig values: 
	allow.auto.create.topics = true
	auto.commit.interval.ms = 100
	auto.offset.reset = earliest
	bootstrap.servers = [localhost:9092]
	check.crcs = true
	client.dns.lookup = use_all_dns_ips
	client.id = notification-service
	client.rack = 
	connections.max.idle.ms = 540000
	default.api.timeout.ms = 60000
	enable.auto.commit = false
	enable.metrics.push = true
	exclude.internal.topics = true
	fetch.max.bytes = 52428800
	fetch.max.wait.ms = 500
	fetch.min.bytes = 1
	group.id = notification-service-group
	group.instance.id = null
	group.protocol = classic
	group.remote.assignor = null
	heartbeat.interval.ms = 3000
	interceptor.classes = []
	internal.leave.group.on.close = true
	internal.throw.on.fetch.stable.offset.unsupported = false
	isolation.level = read_uncommitted
	key.deserializer = class org.apache.kafka.common.serialization.ByteArrayDeserializer
	max.partition.fetch.bytes = 1048576
	max.poll.interval.ms = 300000
	max.poll.records = 500
	metadata.max.age.ms = 300000
	metadata.recovery.rebootstrap.trigger.ms = 300000
	metadata.recovery.strategy = rebootstrap
	metric.reporters = [org.apache.kafka.common.metrics.JmxReporter]
	metrics.num.samples = 2
	metrics.recording.level = INFO
	metrics.sample.window.ms = 30000
	partition.assignment.strategy = [class org.apache.kafka.clients.consumer.RangeAssignor, class org.apache.kafka.clients.consumer.CooperativeStickyAssignor]
	receive.buffer.bytes = 65536
	reconnect.backoff.max.ms = 1000
	reconnect.backoff.ms = 50
	request.timeout.ms = 30000
	retry.backoff.max.ms = 1000
	retry.backoff.ms = 100
	sasl.client.callback.handler.class = null
	sasl.jaas.config = null
	sasl.kerberos.kinit.cmd = /usr/bin/kinit
	sasl.kerberos.min.time.before.relogin = 60000
	sasl.kerberos.service.name = null
	sasl.kerberos.ticket.renew.jitter = 0.05
	sasl.kerberos.ticket.renew.window.factor = 0.8
	sasl.login.callback.handler.class = null
	sasl.login.class = null
	sasl.login.connect.timeout.ms = null
	sasl.login.read.timeout.ms = null
	sasl.login.refresh.buffer.seconds = 300
	sasl.login.refresh.min.period.seconds = 60
	sasl.login.refresh.window.factor = 0.8
	sasl.login.refresh.window.jitter = 0.05
	sasl.login.retry.backoff.max.ms = 10000
	sasl.login.retry.backoff.ms = 100
	sasl.mechanism = GSSAPI
	sasl.oauthbearer.assertion.algorithm = RS256
	sasl.oauthbearer.assertion.claim.aud = null
	sasl.oauthbearer.assertion.claim.exp.seconds = 300
	sasl.oauthbearer.assertion.claim.iss = null
	sasl.oauthbearer.assertion.claim.jti.include = false
	sasl.oauthbearer.assertion.claim.nbf.seconds = 60
	sasl.oauthbearer.assertion.claim.sub = null
	sasl.oauthbearer.assertion.file = null
	sasl.oauthbearer.assertion.private.key.file = null
	sasl.oauthbearer.assertion.private.key.passphrase = null
	sasl.oauthbearer.assertion.template.file = null
	sasl.oauthbearer.client.credentials.client.id = null
	sasl.oauthbearer.client.credentials.client.secret = null
	sasl.oauthbearer.clock.skew.seconds = 30
	sasl.oauthbearer.expected.audience = null
	sasl.oauthbearer.expected.issuer = null
	sasl.oauthbearer.header.urlencode = false
	sasl.oauthbearer.jwks.endpoint.refresh.ms = 3600000
	sasl.oauthbearer.jwks.endpoint.retry.backoff.max.ms = 10000
	sasl.oauthbearer.jwks.endpoint.retry.backoff.ms = 100
	sasl.oauthbearer.jwks.endpoint.url = null
	sasl.oauthbearer.jwt.retriever.class = class org.apache.kafka.common.security.oauthbearer.DefaultJwtRetriever
	sasl.oauthbearer.jwt.validator.class = class org.apache.kafka.common.security.oauthbearer.DefaultJwtValidator
	sasl.oauthbearer.scope = null
	sasl.oauthbearer.scope.claim.name = scope
	sasl.oauthbearer.sub.claim.name = sub
	sasl.oauthbearer.token.endpoint.url = null
	security.protocol = PLAINTEXT
	security.providers = null
	send.buffer.bytes = 131072
	session.timeout.ms = 45000
	share.acknowledgement.mode = implicit
	socket.connection.setup.timeout.max.ms = 30000
	socket.connection.setup.timeout.ms = 10000
	ssl.cipher.suites = null
	ssl.enabled.protocols = [TLSv1.2, TLSv1.3]
	ssl.endpoint.identification.algorithm = https
	ssl.engine.factory.class = null
	ssl.key.password = null
	ssl.keymanager.algorithm = SunX509
	ssl.keystore.certificate.chain = null
	ssl.keystore.key = null
	ssl.keystore.location = null
	ssl.keystore.password = null
	ssl.keystore.type = JKS
	ssl.protocol = TLSv1.3
	ssl.provider = null
	ssl.secure.random.implementation = null
	ssl.trustmanager.algorithm = PKIX
	ssl.truststore.certificates = null
	ssl.truststore.location = null
	ssl.truststore.password = null
	ssl.truststore.type = JKS
	value.deserializer = class org.apache.kafka.common.serialization.ByteArrayDeserializer

2026-06-15 17:32:48.983 [main] INFO  o.a.k.c.t.i.KafkaMetricsCollector trace=,span= - initializing Kafka metrics collector
2026-06-15 17:32:49.120 [main] INFO  o.a.kafka.common.utils.AppInfoParser trace=,span= - Kafka version: 4.1.2
2026-06-15 17:32:49.120 [main] INFO  o.a.kafka.common.utils.AppInfoParser trace=,span= - Kafka commitId: c82fd9b934b4c1e6
2026-06-15 17:32:49.120 [main] INFO  o.a.kafka.common.utils.AppInfoParser trace=,span= - Kafka startTimeMs: 1781559169118
2026-06-15 17:32:49.376 [main] INFO  org.apache.kafka.clients.Metadata trace=,span= - [Consumer clientId=notification-service, groupId=notification-service-group] Cluster ID: 5L6g3nShT-eMCtK--X86sw
2026-06-15 17:32:49.378 [main] INFO  o.a.k.c.c.i.ConsumerCoordinator trace=,span= - [Consumer clientId=notification-service, groupId=notification-service-group] Resetting generation and member id due to: consumer pro-actively leaving the group
2026-06-15 17:32:49.378 [main] INFO  o.a.k.c.c.i.ConsumerCoordinator trace=,span= - [Consumer clientId=notification-service, groupId=notification-service-group] Request joining group due to: consumer pro-actively leaving the group
2026-06-15 17:32:49.380 [main] INFO  o.a.kafka.common.metrics.Metrics trace=,span= - Metrics scheduler closed
2026-06-15 17:32:49.380 [main] INFO  o.a.kafka.common.metrics.Metrics trace=,span= - Closing reporter org.apache.kafka.common.metrics.JmxReporter
2026-06-15 17:32:49.380 [main] INFO  o.a.kafka.common.metrics.Metrics trace=,span= - Closing reporter org.apache.kafka.common.telemetry.internals.ClientTelemetryReporter
2026-06-15 17:32:49.380 [main] INFO  o.a.kafka.common.metrics.Metrics trace=,span= - Metrics reporters closed
2026-06-15 17:32:49.384 [main] INFO  o.a.kafka.common.utils.AppInfoParser trace=,span= - App info kafka.consumer for notification-service unregistered
2026-06-15 17:32:49.422 [main] INFO  o.a.k.common.config.AbstractConfig trace=,span= - ConsumerConfig values: 
	allow.auto.create.topics = true
	auto.commit.interval.ms = 100
	auto.offset.reset = earliest
	bootstrap.servers = [localhost:9092]
	check.crcs = true
	client.dns.lookup = use_all_dns_ips
	client.id = notification-service-0
	client.rack = 
	connections.max.idle.ms = 540000
	default.api.timeout.ms = 60000
	enable.auto.commit = false
	enable.metrics.push = true
	exclude.internal.topics = true
	fetch.max.bytes = 52428800
	fetch.max.wait.ms = 500
	fetch.min.bytes = 1
	group.id = notification-service-group
	group.instance.id = null
	group.protocol = classic
	group.remote.assignor = null
	heartbeat.interval.ms = 3000
	interceptor.classes = []
	internal.leave.group.on.close = true
	internal.throw.on.fetch.stable.offset.unsupported = false
	isolation.level = read_uncommitted
	key.deserializer = class org.apache.kafka.common.serialization.ByteArrayDeserializer
	max.partition.fetch.bytes = 1048576
	max.poll.interval.ms = 300000
	max.poll.records = 500
	metadata.max.age.ms = 300000
	metadata.recovery.rebootstrap.trigger.ms = 300000
	metadata.recovery.strategy = rebootstrap
	metric.reporters = [org.apache.kafka.common.metrics.JmxReporter]
	metrics.num.samples = 2
	metrics.recording.level = INFO
	metrics.sample.window.ms = 30000
	partition.assignment.strategy = [class org.apache.kafka.clients.consumer.RangeAssignor, class org.apache.kafka.clients.consumer.CooperativeStickyAssignor]
	receive.buffer.bytes = 65536
	reconnect.backoff.max.ms = 1000
	reconnect.backoff.ms = 50
	request.timeout.ms = 30000
	retry.backoff.max.ms = 1000
	retry.backoff.ms = 100
	sasl.client.callback.handler.class = null
	sasl.jaas.config = null
	sasl.kerberos.kinit.cmd = /usr/bin/kinit
	sasl.kerberos.min.time.before.relogin = 60000
	sasl.kerberos.service.name = null
	sasl.kerberos.ticket.renew.jitter = 0.05
	sasl.kerberos.ticket.renew.window.factor = 0.8
	sasl.login.callback.handler.class = null
	sasl.login.class = null
	sasl.login.connect.timeout.ms = null
	sasl.login.read.timeout.ms = null
	sasl.login.refresh.buffer.seconds = 300
	sasl.login.refresh.min.period.seconds = 60
	sasl.login.refresh.window.factor = 0.8
	sasl.login.refresh.window.jitter = 0.05
	sasl.login.retry.backoff.max.ms = 10000
	sasl.login.retry.backoff.ms = 100
	sasl.mechanism = GSSAPI
	sasl.oauthbearer.assertion.algorithm = RS256
	sasl.oauthbearer.assertion.claim.aud = null
	sasl.oauthbearer.assertion.claim.exp.seconds = 300
	sasl.oauthbearer.assertion.claim.iss = null
	sasl.oauthbearer.assertion.claim.jti.include = false
	sasl.oauthbearer.assertion.claim.nbf.seconds = 60
	sasl.oauthbearer.assertion.claim.sub = null
	sasl.oauthbearer.assertion.file = null
	sasl.oauthbearer.assertion.private.key.file = null
	sasl.oauthbearer.assertion.private.key.passphrase = null
	sasl.oauthbearer.assertion.template.file = null
	sasl.oauthbearer.client.credentials.client.id = null
	sasl.oauthbearer.client.credentials.client.secret = null
	sasl.oauthbearer.clock.skew.seconds = 30
	sasl.oauthbearer.expected.audience = null
	sasl.oauthbearer.expected.issuer = null
	sasl.oauthbearer.header.urlencode = false
	sasl.oauthbearer.jwks.endpoint.refresh.ms = 3600000
	sasl.oauthbearer.jwks.endpoint.retry.backoff.max.ms = 10000
	sasl.oauthbearer.jwks.endpoint.retry.backoff.ms = 100
	sasl.oauthbearer.jwks.endpoint.url = null
	sasl.oauthbearer.jwt.retriever.class = class org.apache.kafka.common.security.oauthbearer.DefaultJwtRetriever
	sasl.oauthbearer.jwt.validator.class = class org.apache.kafka.common.security.oauthbearer.DefaultJwtValidator
	sasl.oauthbearer.scope = null
	sasl.oauthbearer.scope.claim.name = scope
	sasl.oauthbearer.sub.claim.name = sub
	sasl.oauthbearer.token.endpoint.url = null
	security.protocol = PLAINTEXT
	security.providers = null
	send.buffer.bytes = 131072
	session.timeout.ms = 45000
	share.acknowledgement.mode = implicit
	socket.connection.setup.timeout.max.ms = 30000
	socket.connection.setup.timeout.ms = 10000
	ssl.cipher.suites = null
	ssl.enabled.protocols = [TLSv1.2, TLSv1.3]
	ssl.endpoint.identification.algorithm = https
	ssl.engine.factory.class = null
	ssl.key.password = null
	ssl.keymanager.algorithm = SunX509
	ssl.keystore.certificate.chain = null
	ssl.keystore.key = null
	ssl.keystore.location = null
	ssl.keystore.password = null
	ssl.keystore.type = JKS
	ssl.protocol = TLSv1.3
	ssl.provider = null
	ssl.secure.random.implementation = null
	ssl.trustmanager.algorithm = PKIX
	ssl.truststore.certificates = null
	ssl.truststore.location = null
	ssl.truststore.password = null
	ssl.truststore.type = JKS
	value.deserializer = class org.apache.kafka.common.serialization.ByteArrayDeserializer

2026-06-15 17:32:49.423 [main] INFO  o.a.k.c.t.i.KafkaMetricsCollector trace=,span= - initializing Kafka metrics collector
2026-06-15 17:32:49.427 [main] INFO  o.a.kafka.common.utils.AppInfoParser trace=,span= - Kafka version: 4.1.2
2026-06-15 17:32:49.428 [main] INFO  o.a.kafka.common.utils.AppInfoParser trace=,span= - Kafka commitId: c82fd9b934b4c1e6
2026-06-15 17:32:49.428 [main] INFO  o.a.kafka.common.utils.AppInfoParser trace=,span= - Kafka startTimeMs: 1781559169427
2026-06-15 17:32:49.428 [main] INFO  o.a.k.c.c.i.ClassicKafkaConsumer trace=,span= - [Consumer clientId=notification-service-0, groupId=notification-service-group] Subscribed to topic(s): order-events
2026-06-15 17:32:49.433 [main] INFO  o.s.i.k.i.KafkaMessageDrivenChannelAdapter trace=,span= - started org.springframework.integration.kafka.inbound.KafkaMessageDrivenChannelAdapter@24d097c8
2026-06-15 17:32:49.434 [main] INFO  o.a.coyote.http11.Http11NioProtocol trace=,span= - Starting ProtocolHandler ["http-nio-8081"]
2026-06-15 17:32:49.442 [main] INFO  o.s.boot.tomcat.TomcatWebServer trace=,span= - Tomcat started on port 8081 (http) with context path '/'
2026-06-15 17:32:49.443 [KafkaConsumerDestination{consumerDestinationName='order-events', partitions=0, dlqName='null'}.container-0-C-1] INFO  org.apache.kafka.clients.Metadata trace=,span= - [Consumer clientId=notification-service-0, groupId=notification-service-group] Cluster ID: 5L6g3nShT-eMCtK--X86sw
2026-06-15 17:32:49.455 [KafkaConsumerDestination{consumerDestinationName='order-events', partitions=0, dlqName='null'}.container-0-C-1] INFO  o.a.k.c.c.i.ConsumerCoordinator trace=,span= - [Consumer clientId=notification-service-0, groupId=notification-service-group] Discovered group coordinator localhost:9092 (id: 2147483646 rack: null isFenced: false)
2026-06-15 17:32:49.456 [KafkaConsumerDestination{consumerDestinationName='order-events', partitions=0, dlqName='null'}.container-0-C-1] INFO  o.a.k.c.c.i.ConsumerCoordinator trace=,span= - [Consumer clientId=notification-service-0, groupId=notification-service-group] (Re-)joining group
2026-06-15 17:32:49.459 [main] INFO  c.l.n.NotificationServiceApplication trace=,span= - Started NotificationServiceApplication in 3.079 seconds (process running for 3.486)
2026-06-15 17:32:49.472 [KafkaConsumerDestination{consumerDestinationName='order-events', partitions=0, dlqName='null'}.container-0-C-1] INFO  o.a.k.c.c.i.ConsumerCoordinator trace=,span= - [Consumer clientId=notification-service-0, groupId=notification-service-group] Request joining group due to: need to re-join with the given member-id: notification-service-0-46b02ce8-1224-4d13-b0d3-d00564bda43e
2026-06-15 17:32:49.472 [KafkaConsumerDestination{consumerDestinationName='order-events', partitions=0, dlqName='null'}.container-0-C-1] INFO  o.a.k.c.c.i.ConsumerCoordinator trace=,span= - [Consumer clientId=notification-service-0, groupId=notification-service-group] (Re-)joining group
2026-06-15 17:32:52.483 [KafkaConsumerDestination{consumerDestinationName='order-events', partitions=0, dlqName='null'}.container-0-C-1] INFO  o.a.k.c.c.i.ConsumerCoordinator trace=,span= - [Consumer clientId=notification-service-0, groupId=notification-service-group] Successfully joined group with generation Generation{generationId=15, memberId='notification-service-0-46b02ce8-1224-4d13-b0d3-d00564bda43e', protocol='range'}
2026-06-15 17:32:52.487 [KafkaConsumerDestination{consumerDestinationName='order-events', partitions=0, dlqName='null'}.container-0-C-1] INFO  o.a.k.c.c.i.ConsumerCoordinator trace=,span= - [Consumer clientId=notification-service-0, groupId=notification-service-group] Finished assignment for group at generation 15: {notification-service-0-46b02ce8-1224-4d13-b0d3-d00564bda43e=Assignment(partitions=[order-events-0])}
2026-06-15 17:32:52.516 [KafkaConsumerDestination{consumerDestinationName='order-events', partitions=0, dlqName='null'}.container-0-C-1] INFO  o.a.k.c.c.i.ConsumerCoordinator trace=,span= - [Consumer clientId=notification-service-0, groupId=notification-service-group] Successfully synced group in generation Generation{generationId=15, memberId='notification-service-0-46b02ce8-1224-4d13-b0d3-d00564bda43e', protocol='range'}
2026-06-15 17:32:52.518 [KafkaConsumerDestination{consumerDestinationName='order-events', partitions=0, dlqName='null'}.container-0-C-1] INFO  o.a.k.c.c.i.ConsumerCoordinator trace=,span= - [Consumer clientId=notification-service-0, groupId=notification-service-group] Notifying assignor about the new Assignment(partitions=[order-events-0])
2026-06-15 17:32:52.521 [KafkaConsumerDestination{consumerDestinationName='order-events', partitions=0, dlqName='null'}.container-0-C-1] INFO  o.a.k.c.c.i.ConsumerRebalanceListenerInvoker trace=,span= - [Consumer clientId=notification-service-0, groupId=notification-service-group] Adding newly assigned partitions: [order-events-0]
2026-06-15 17:32:52.531 [KafkaConsumerDestination{consumerDestinationName='order-events', partitions=0, dlqName='null'}.container-0-C-1] INFO  o.a.k.c.c.internals.ConsumerUtils trace=,span= - Setting offset for partition order-events-0 to the committed offset FetchPosition{offset=8, offsetEpoch=Optional.empty, currentLeader=LeaderAndEpoch{leader=Optional[localhost:9092 (id: 1 rack: null isFenced: false)], epoch=4}}
2026-06-15 17:33:09.086 [KafkaConsumerDestination{consumerDestinationName='order-events', partitions=0, dlqName='null'}.container-0-C-1] INFO  c.l.n.m.OrderNotificationListener trace=e00525f8479221262cced1458039e551,span= - Received order event: OrderEventMessage[tenantId=Dzianis-Tech1-Inc, orderId=59b4709c-58b3-481b-b34f-6b17a597b019, status=CREATED]
2026-06-15 17:33:09.304 [KafkaConsumerDestination{consumerDestinationName='order-events', partitions=0, dlqName='null'}.container-0-C-1] DEBUG c.l.n.cache.OrderRedisCacheService trace=e00525f8479221262cced1458039e551,span= - Order is not present in cache: tenantId=Dzianis-Tech1-Inc, orderId=59b4709c-58b3-481b-b34f-6b17a597b019
2026-06-15 17:33:09.304 [KafkaConsumerDestination{consumerDestinationName='order-events', partitions=0, dlqName='null'}.container-0-C-1] DEBUG c.l.n.s.OrderNotificationService trace=e00525f8479221262cced1458039e551,span= - Order not found in cache, using fallback to db stub | orderId=59b4709c-58b3-481b-b34f-6b17a597b019
2026-06-15 17:33:09.304 [KafkaConsumerDestination{consumerDestinationName='order-events', partitions=0, dlqName='null'}.container-0-C-1] INFO  c.l.n.s.OrderNotificationService trace=e00525f8479221262cced1458039e551,span= - Triggering order receipt notification | orderId=59b4709c-58b3-481b-b34f-6b17a597b019 status=CREATED
2026-06-15 17:33:09.304 [KafkaConsumerDestination{consumerDestinationName='order-events', partitions=0, dlqName='null'}.container-0-C-1] DEBUG c.l.n.s.OrderReceiptNotificationService trace=e00525f8479221262cced1458039e551,span= - Order receipt notification | tenantId=Dzianis-Tech1-Inc orderId=59b4709c-58b3-481b-b34f-6b17a597b019 status=CREATED message='Order receipt: Your order '59b4709c-58b3-481b-b34f-6b17a597b019' has been created. Thank you for choosing us!'
2026-06-15 17:33:09.304 [KafkaConsumerDestination{consumerDestinationName='order-events', partitions=0, dlqName='null'}.container-0-C-1] INFO  c.l.n.s.c.EmailNotificationChannel trace=e00525f8479221262cced1458039e551,span= - [EMAIL] Sending notification to customer email=some@loadup.com | tenantId=Dzianis-Tech1-Inc | orderId=59b4709c-58b3-481b-b34f-6b17a597b019 | message='Order receipt: Your order '59b4709c-58b3-481b-b34f-6b17a597b019' has been created. Thank you for choosing us!'
2026-06-15 17:33:09.305 [KafkaConsumerDestination{consumerDestinationName='order-events', partitions=0, dlqName='null'}.container-0-C-1] INFO  c.l.n.m.OrderNotificationListener trace=e00525f8479221262cced1458039e551,span= - Order event acknowledged.
2026-06-15 17:40:42.235 [KafkaConsumerDestination{consumerDestinationName='order-events', partitions=0, dlqName='null'}.container-0-C-1] INFO  c.l.n.m.OrderNotificationListener trace=e4608c11be24ce12f94b73f836dc9250,span= - Received order event: OrderEventMessage[tenantId=Dzianis-Tech1-Inc, orderId=59b4709c-58b3-481b-b34f-6b17a597b019, status=CANCELLED]
2026-06-15 17:40:42.245 [KafkaConsumerDestination{consumerDestinationName='order-events', partitions=0, dlqName='null'}.container-0-C-1] DEBUG c.l.n.cache.OrderRedisCacheService trace=e4608c11be24ce12f94b73f836dc9250,span= - Order is not present in cache: tenantId=Dzianis-Tech1-Inc, orderId=59b4709c-58b3-481b-b34f-6b17a597b019
2026-06-15 17:40:42.246 [KafkaConsumerDestination{consumerDestinationName='order-events', partitions=0, dlqName='null'}.container-0-C-1] DEBUG c.l.n.s.OrderNotificationService trace=e4608c11be24ce12f94b73f836dc9250,span= - Order not found in cache, using fallback to db stub | orderId=59b4709c-58b3-481b-b34f-6b17a597b019
2026-06-15 17:40:42.246 [KafkaConsumerDestination{consumerDestinationName='order-events', partitions=0, dlqName='null'}.container-0-C-1] INFO  c.l.n.s.OrderNotificationService trace=e4608c11be24ce12f94b73f836dc9250,span= - Triggering completion acknowledgement notification | orderId=59b4709c-58b3-481b-b34f-6b17a597b019 status=CANCELLED
2026-06-15 17:40:42.248 [KafkaConsumerDestination{consumerDestinationName='order-events', partitions=0, dlqName='null'}.container-0-C-1] DEBUG c.l.n.s.CompletionAcknowledgementNotificationService trace=e4608c11be24ce12f94b73f836dc9250,span= - Completion acknowledgement notification | tenantId=Dzianis-Tech1-Inc orderId=59b4709c-58b3-481b-b34f-6b17a597b019 status=CANCELLED message='Completion acknowledgement: Your order '59b4709c-58b3-481b-b34f-6b17a597b019' has reached a final state: CANCELLED.'
2026-06-15 17:40:42.249 [KafkaConsumerDestination{consumerDestinationName='order-events', partitions=0, dlqName='null'}.container-0-C-1] INFO  c.l.n.s.c.EmailNotificationChannel trace=e4608c11be24ce12f94b73f836dc9250,span= - [EMAIL] Sending notification to customer email=some@loadup.com | tenantId=Dzianis-Tech1-Inc | orderId=59b4709c-58b3-481b-b34f-6b17a597b019 | message='Completion acknowledgement: Your order '59b4709c-58b3-481b-b34f-6b17a597b019' has reached a final state: CANCELLED.'
2026-06-15 17:40:42.250 [KafkaConsumerDestination{consumerDestinationName='order-events', partitions=0, dlqName='null'}.container-0-C-1] INFO  c.l.n.m.OrderNotificationListener trace=e4608c11be24ce12f94b73f836dc9250,span= - Order event acknowledged.
2026-06-15 17:42:13.460 [kafka-coordinator-heartbeat-thread | notification-service-group] INFO  o.a.k.c.c.i.ConsumerCoordinator trace=,span= - [Consumer clientId=notification-service-0, groupId=notification-service-group] Group coordinator localhost:9092 (id: 2147483646 rack: null isFenced: false) is unavailable or invalid due to cause: session timed out without receiving a heartbeat response. isDisconnected: false. Rediscovery will be attempted.
2026-06-15 17:42:13.532 [kafka-coordinator-heartbeat-thread | notification-service-group] INFO  o.a.k.c.c.i.ConsumerCoordinator trace=,span= - [Consumer clientId=notification-service-0, groupId=notification-service-group] Requesting disconnect from last known coordinator localhost:9092 (id: 2147483646 rack: null isFenced: false)
2026-06-15 17:42:13.533 [kafka-coordinator-heartbeat-thread | notification-service-group] INFO  o.apache.kafka.clients.NetworkClient trace=,span= - [Consumer clientId=notification-service-0, groupId=notification-service-group] Client requested disconnect from node 2147483646
2026-06-15 17:42:13.554 [KafkaConsumerDestination{consumerDestinationName='order-events', partitions=0, dlqName='null'}.container-0-C-1] INFO  o.a.k.c.c.i.ConsumerCoordinator trace=,span= - [Consumer clientId=notification-service-0, groupId=notification-service-group] Discovered group coordinator localhost:9092 (id: 2147483646 rack: null isFenced: false)
2026-06-15 17:42:13.555 [KafkaConsumerDestination{consumerDestinationName='order-events', partitions=0, dlqName='null'}.container-0-C-1] INFO  o.a.k.c.c.i.ConsumerCoordinator trace=,span= - [Consumer clientId=notification-service-0, groupId=notification-service-group] Group coordinator localhost:9092 (id: 2147483646 rack: null isFenced: false) is unavailable or invalid due to cause: coordinator unavailable. isDisconnected: false. Rediscovery will be attempted.
2026-06-15 17:42:13.555 [KafkaConsumerDestination{consumerDestinationName='order-events', partitions=0, dlqName='null'}.container-0-C-1] INFO  o.a.k.c.c.i.ConsumerCoordinator trace=,span= - [Consumer clientId=notification-service-0, groupId=notification-service-group] Requesting disconnect from last known coordinator localhost:9092 (id: 2147483646 rack: null isFenced: false)
2026-06-15 17:42:13.661 [KafkaConsumerDestination{consumerDestinationName='order-events', partitions=0, dlqName='null'}.container-0-C-1] INFO  o.a.k.c.c.i.ConsumerCoordinator trace=,span= - [Consumer clientId=notification-service-0, groupId=notification-service-group] Discovered group coordinator localhost:9092 (id: 2147483646 rack: null isFenced: false)
2026-06-15 17:58:12.582 [kafka-coordinator-heartbeat-thread | notification-service-group] INFO  o.a.k.c.c.i.ConsumerCoordinator trace=,span= - [Consumer clientId=notification-service-0, groupId=notification-service-group] Group coordinator localhost:9092 (id: 2147483646 rack: null isFenced: false) is unavailable or invalid due to cause: session timed out without receiving a heartbeat response. isDisconnected: false. Rediscovery will be attempted.
2026-06-15 17:58:12.677 [kafka-coordinator-heartbeat-thread | notification-service-group] INFO  o.a.k.c.c.i.ConsumerCoordinator trace=,span= - [Consumer clientId=notification-service-0, groupId=notification-service-group] Requesting disconnect from last known coordinator localhost:9092 (id: 2147483646 rack: null isFenced: false)
2026-06-15 17:58:12.677 [kafka-coordinator-heartbeat-thread | notification-service-group] INFO  o.apache.kafka.clients.NetworkClient trace=,span= - [Consumer clientId=notification-service-0, groupId=notification-service-group] Client requested disconnect from node 2147483646
2026-06-15 17:58:12.717 [KafkaConsumerDestination{consumerDestinationName='order-events', partitions=0, dlqName='null'}.container-0-C-1] INFO  o.a.k.c.c.i.ConsumerCoordinator trace=,span= - [Consumer clientId=notification-service-0, groupId=notification-service-group] Discovered group coordinator localhost:9092 (id: 2147483646 rack: null isFenced: false)
2026-06-15 17:58:12.717 [KafkaConsumerDestination{consumerDestinationName='order-events', partitions=0, dlqName='null'}.container-0-C-1] INFO  o.a.k.c.c.i.ConsumerCoordinator trace=,span= - [Consumer clientId=notification-service-0, groupId=notification-service-group] Group coordinator localhost:9092 (id: 2147483646 rack: null isFenced: false) is unavailable or invalid due to cause: coordinator unavailable. isDisconnected: false. Rediscovery will be attempted.
2026-06-15 17:58:12.717 [KafkaConsumerDestination{consumerDestinationName='order-events', partitions=0, dlqName='null'}.container-0-C-1] INFO  o.a.k.c.c.i.ConsumerCoordinator trace=,span= - [Consumer clientId=notification-service-0, groupId=notification-service-group] Requesting disconnect from last known coordinator localhost:9092 (id: 2147483646 rack: null isFenced: false)
2026-06-15 17:58:12.833 [KafkaConsumerDestination{consumerDestinationName='order-events', partitions=0, dlqName='null'}.container-0-C-1] INFO  o.a.k.c.c.i.ConsumerCoordinator trace=,span= - [Consumer clientId=notification-service-0, groupId=notification-service-group] Discovered group coordinator localhost:9092 (id: 2147483646 rack: null isFenced: false)
2026-06-15 18:16:10.629 [KafkaConsumerDestination{consumerDestinationName='order-events', partitions=0, dlqName='null'}.container-0-C-1] INFO  o.apache.kafka.clients.NetworkClient trace=,span= - [Consumer clientId=notification-service-0, groupId=notification-service-group] Disconnecting from node 1 due to request timeout.
2026-06-15 18:16:10.688 [KafkaConsumerDestination{consumerDestinationName='order-events', partitions=0, dlqName='null'}.container-0-C-1] INFO  o.apache.kafka.clients.NetworkClient trace=,span= - [Consumer clientId=notification-service-0, groupId=notification-service-group] Cancelled in-flight FETCH request with correlation id 1322 due to node 1 being disconnected (elapsed time since creation: 1045159ms, elapsed time since send: 1045159ms, throttle time: 0ms, request timeout: 30000ms)
2026-06-15 18:16:10.720 [kafka-coordinator-heartbeat-thread | notification-service-group] INFO  o.a.k.c.c.i.ConsumerCoordinator trace=,span= - [Consumer clientId=notification-service-0, groupId=notification-service-group] Group coordinator localhost:9092 (id: 2147483646 rack: null isFenced: false) is unavailable or invalid due to cause: session timed out without receiving a heartbeat response. isDisconnected: false. Rediscovery will be attempted.
2026-06-15 18:16:10.721 [kafka-coordinator-heartbeat-thread | notification-service-group] INFO  o.a.k.c.c.i.ConsumerCoordinator trace=,span= - [Consumer clientId=notification-service-0, groupId=notification-service-group] Requesting disconnect from last known coordinator localhost:9092 (id: 2147483646 rack: null isFenced: false)
2026-06-15 18:16:10.723 [kafka-coordinator-heartbeat-thread | notification-service-group] INFO  o.apache.kafka.clients.NetworkClient trace=,span= - [Consumer clientId=notification-service-0, groupId=notification-service-group] Client requested disconnect from node 2147483646
2026-06-15 18:16:10.722 [KafkaConsumerDestination{consumerDestinationName='order-events', partitions=0, dlqName='null'}.container-0-C-1] INFO  o.a.k.clients.FetchSessionHandler trace=,span= - [Consumer clientId=notification-service-0, groupId=notification-service-group] Error sending fetch request (sessionId=160056226, epoch=1109) to node 1:
org.apache.kafka.common.errors.DisconnectException
2026-06-15 18:16:10.820 [KafkaConsumerDestination{consumerDestinationName='order-events', partitions=0, dlqName='null'}.container-0-C-1] INFO  o.a.k.c.c.i.ConsumerCoordinator trace=,span= - [Consumer clientId=notification-service-0, groupId=notification-service-group] Discovered group coordinator localhost:9092 (id: 2147483646 rack: null isFenced: false)
2026-06-15 18:31:26.604 [KafkaConsumerDestination{consumerDestinationName='order-events', partitions=0, dlqName='null'}.container-0-C-1] INFO  o.apache.kafka.clients.NetworkClient trace=,span= - [Consumer clientId=notification-service-0, groupId=notification-service-group] Disconnecting from node 1 due to request timeout.
2026-06-15 18:31:26.697 [KafkaConsumerDestination{consumerDestinationName='order-events', partitions=0, dlqName='null'}.container-0-C-1] INFO  o.apache.kafka.clients.NetworkClient trace=,span= - [Consumer clientId=notification-service-0, groupId=notification-service-group] Cancelled in-flight FETCH request with correlation id 1338 due to node 1 being disconnected (elapsed time since creation: 911218ms, elapsed time since send: 911218ms, throttle time: 0ms, request timeout: 30000ms)
2026-06-15 18:31:26.698 [KafkaConsumerDestination{consumerDestinationName='order-events', partitions=0, dlqName='null'}.container-0-C-1] INFO  o.a.k.clients.FetchSessionHandler trace=,span= - [Consumer clientId=notification-service-0, groupId=notification-service-group] Error sending fetch request (sessionId=485808147, epoch=9) to node 1:
org.apache.kafka.common.errors.DisconnectException
2026-06-15 18:31:26.698 [kafka-coordinator-heartbeat-thread | notification-service-group] INFO  o.a.k.c.c.i.ConsumerCoordinator trace=,span= - [Consumer clientId=notification-service-0, groupId=notification-service-group] Group coordinator localhost:9092 (id: 2147483646 rack: null isFenced: false) is unavailable or invalid due to cause: session timed out without receiving a heartbeat response. isDisconnected: false. Rediscovery will be attempted.
2026-06-15 18:31:26.750 [kafka-coordinator-heartbeat-thread | notification-service-group] INFO  o.a.k.c.c.i.ConsumerCoordinator trace=,span= - [Consumer clientId=notification-service-0, groupId=notification-service-group] Requesting disconnect from last known coordinator localhost:9092 (id: 2147483646 rack: null isFenced: false)
2026-06-15 18:31:26.750 [kafka-coordinator-heartbeat-thread | notification-service-group] INFO  o.apache.kafka.clients.NetworkClient trace=,span= - [Consumer clientId=notification-service-0, groupId=notification-service-group] Client requested disconnect from node 2147483646
2026-06-15 18:31:26.787 [KafkaConsumerDestination{consumerDestinationName='order-events', partitions=0, dlqName='null'}.container-0-C-1] INFO  o.a.k.c.c.i.ConsumerCoordinator trace=,span= - [Consumer clientId=notification-service-0, groupId=notification-service-group] Discovered group coordinator localhost:9092 (id: 2147483646 rack: null isFenced: false)
2026-06-15 18:31:26.788 [KafkaConsumerDestination{consumerDestinationName='order-events', partitions=0, dlqName='null'}.container-0-C-1] INFO  o.a.k.c.c.i.ConsumerCoordinator trace=,span= - [Consumer clientId=notification-service-0, groupId=notification-service-group] Group coordinator localhost:9092 (id: 2147483646 rack: null isFenced: false) is unavailable or invalid due to cause: coordinator unavailable. isDisconnected: false. Rediscovery will be attempted.
2026-06-15 18:31:26.789 [KafkaConsumerDestination{consumerDestinationName='order-events', partitions=0, dlqName='null'}.container-0-C-1] INFO  o.a.k.c.c.i.ConsumerCoordinator trace=,span= - [Consumer clientId=notification-service-0, groupId=notification-service-group] Requesting disconnect from last known coordinator localhost:9092 (id: 2147483646 rack: null isFenced: false)
2026-06-15 18:31:26.891 [KafkaConsumerDestination{consumerDestinationName='order-events', partitions=0, dlqName='null'}.container-0-C-1] INFO  o.a.k.c.c.i.ConsumerCoordinator trace=,span= - [Consumer clientId=notification-service-0, groupId=notification-service-group] Discovered group coordinator localhost:9092 (id: 2147483646 rack: null isFenced: false)
2026-06-15 18:46:30.699 [kafka-coordinator-heartbeat-thread | notification-service-group] INFO  o.a.k.c.c.i.ConsumerCoordinator trace=,span= - [Consumer clientId=notification-service-0, groupId=notification-service-group] Group coordinator localhost:9092 (id: 2147483646 rack: null isFenced: false) is unavailable or invalid due to cause: session timed out without receiving a heartbeat response. isDisconnected: false. Rediscovery will be attempted.
2026-06-15 18:46:30.700 [kafka-coordinator-heartbeat-thread | notification-service-group] INFO  o.a.k.c.c.i.ConsumerCoordinator trace=,span= - [Consumer clientId=notification-service-0, groupId=notification-service-group] Requesting disconnect from last known coordinator localhost:9092 (id: 2147483646 rack: null isFenced: false)
2026-06-15 18:46:30.700 [kafka-coordinator-heartbeat-thread | notification-service-group] INFO  o.apache.kafka.clients.NetworkClient trace=,span= - [Consumer clientId=notification-service-0, groupId=notification-service-group] Client requested disconnect from node 2147483646
2026-06-15 18:46:30.724 [KafkaConsumerDestination{consumerDestinationName='order-events', partitions=0, dlqName='null'}.container-0-C-1] INFO  o.a.k.c.c.i.ConsumerCoordinator trace=,span= - [Consumer clientId=notification-service-0, groupId=notification-service-group] Discovered group coordinator localhost:9092 (id: 2147483646 rack: null isFenced: false)
2026-06-15 18:46:30.725 [KafkaConsumerDestination{consumerDestinationName='order-events', partitions=0, dlqName='null'}.container-0-C-1] INFO  o.a.k.c.c.i.ConsumerCoordinator trace=,span= - [Consumer clientId=notification-service-0, groupId=notification-service-group] Group coordinator localhost:9092 (id: 2147483646 rack: null isFenced: false) is unavailable or invalid due to cause: coordinator unavailable. isDisconnected: false. Rediscovery will be attempted.
2026-06-15 18:46:30.726 [KafkaConsumerDestination{consumerDestinationName='order-events', partitions=0, dlqName='null'}.container-0-C-1] INFO  o.a.k.c.c.i.ConsumerCoordinator trace=,span= - [Consumer clientId=notification-service-0, groupId=notification-service-group] Requesting disconnect from last known coordinator localhost:9092 (id: 2147483646 rack: null isFenced: false)
2026-06-15 18:46:30.956 [KafkaConsumerDestination{consumerDestinationName='order-events', partitions=0, dlqName='null'}.container-0-C-1] INFO  o.a.k.c.c.i.ConsumerCoordinator trace=,span= - [Consumer clientId=notification-service-0, groupId=notification-service-group] Discovered group coordinator localhost:9092 (id: 2147483646 rack: null isFenced: false)
2026-06-15 19:02:27.774 [kafka-coordinator-heartbeat-thread | notification-service-group] INFO  o.a.k.c.c.i.ConsumerCoordinator trace=,span= - [Consumer clientId=notification-service-0, groupId=notification-service-group] Group coordinator localhost:9092 (id: 2147483646 rack: null isFenced: false) is unavailable or invalid due to cause: session timed out without receiving a heartbeat response. isDisconnected: false. Rediscovery will be attempted.
2026-06-15 19:02:27.775 [kafka-coordinator-heartbeat-thread | notification-service-group] INFO  o.a.k.c.c.i.ConsumerCoordinator trace=,span= - [Consumer clientId=notification-service-0, groupId=notification-service-group] Requesting disconnect from last known coordinator localhost:9092 (id: 2147483646 rack: null isFenced: false)
2026-06-15 19:02:27.775 [kafka-coordinator-heartbeat-thread | notification-service-group] INFO  o.apache.kafka.clients.NetworkClient trace=,span= - [Consumer clientId=notification-service-0, groupId=notification-service-group] Client requested disconnect from node 2147483646
2026-06-15 19:02:27.811 [KafkaConsumerDestination{consumerDestinationName='order-events', partitions=0, dlqName='null'}.container-0-C-1] INFO  o.a.k.c.c.i.ConsumerCoordinator trace=,span= - [Consumer clientId=notification-service-0, groupId=notification-service-group] Discovered group coordinator localhost:9092 (id: 2147483646 rack: null isFenced: false)
2026-06-15 19:02:27.812 [KafkaConsumerDestination{consumerDestinationName='order-events', partitions=0, dlqName='null'}.container-0-C-1] INFO  o.a.k.c.c.i.ConsumerCoordinator trace=,span= - [Consumer clientId=notification-service-0, groupId=notification-service-group] Group coordinator localhost:9092 (id: 2147483646 rack: null isFenced: false) is unavailable or invalid due to cause: coordinator unavailable. isDisconnected: false. Rediscovery will be attempted.
2026-06-15 19:02:27.812 [KafkaConsumerDestination{consumerDestinationName='order-events', partitions=0, dlqName='null'}.container-0-C-1] INFO  o.a.k.c.c.i.ConsumerCoordinator trace=,span= - [Consumer clientId=notification-service-0, groupId=notification-service-group] Requesting disconnect from last known coordinator localhost:9092 (id: 2147483646 rack: null isFenced: false)
2026-06-15 19:02:27.959 [KafkaConsumerDestination{consumerDestinationName='order-events', partitions=0, dlqName='null'}.container-0-C-1] INFO  o.a.k.c.c.i.ConsumerCoordinator trace=,span= - [Consumer clientId=notification-service-0, groupId=notification-service-group] Discovered group coordinator localhost:9092 (id: 2147483646 rack: null isFenced: false)
2026-06-15 19:10:30.830 [kafka-coordinator-heartbeat-thread | notification-service-group] INFO  o.a.k.c.c.i.ConsumerCoordinator trace=,span= - [Consumer clientId=notification-service-0, groupId=notification-service-group] Group coordinator localhost:9092 (id: 2147483646 rack: null isFenced: false) is unavailable or invalid due to cause: session timed out without receiving a heartbeat response. isDisconnected: false. Rediscovery will be attempted.
2026-06-15 19:10:30.831 [kafka-coordinator-heartbeat-thread | notification-service-group] INFO  o.a.k.c.c.i.ConsumerCoordinator trace=,span= - [Consumer clientId=notification-service-0, groupId=notification-service-group] Requesting disconnect from last known coordinator localhost:9092 (id: 2147483646 rack: null isFenced: false)
2026-06-15 19:10:30.860 [kafka-coordinator-heartbeat-thread | notification-service-group] INFO  o.apache.kafka.clients.NetworkClient trace=,span= - [Consumer clientId=notification-service-0, groupId=notification-service-group] Client requested disconnect from node 2147483646
2026-06-15 19:10:30.863 [KafkaConsumerDestination{consumerDestinationName='order-events', partitions=0, dlqName='null'}.container-0-C-1] INFO  o.a.k.c.c.i.ConsumerCoordinator trace=,span= - [Consumer clientId=notification-service-0, groupId=notification-service-group] Discovered group coordinator localhost:9092 (id: 2147483646 rack: null isFenced: false)
2026-06-15 19:10:30.863 [KafkaConsumerDestination{consumerDestinationName='order-events', partitions=0, dlqName='null'}.container-0-C-1] INFO  o.a.k.c.c.i.ConsumerCoordinator trace=,span= - [Consumer clientId=notification-service-0, groupId=notification-service-group] Group coordinator localhost:9092 (id: 2147483646 rack: null isFenced: false) is unavailable or invalid due to cause: coordinator unavailable. isDisconnected: false. Rediscovery will be attempted.
2026-06-15 19:10:30.863 [KafkaConsumerDestination{consumerDestinationName='order-events', partitions=0, dlqName='null'}.container-0-C-1] INFO  o.a.k.c.c.i.ConsumerCoordinator trace=,span= - [Consumer clientId=notification-service-0, groupId=notification-service-group] Requesting disconnect from last known coordinator localhost:9092 (id: 2147483646 rack: null isFenced: false)
2026-06-15 19:10:30.962 [KafkaConsumerDestination{consumerDestinationName='order-events', partitions=0, dlqName='null'}.container-0-C-1] INFO  o.a.k.c.c.i.ConsumerCoordinator trace=,span= - [Consumer clientId=notification-service-0, groupId=notification-service-group] Discovered group coordinator localhost:9092 (id: 2147483646 rack: null isFenced: false)
2026-06-15 19:27:12.714 [kafka-coordinator-heartbeat-thread | notification-service-group] INFO  o.a.k.c.c.i.ConsumerCoordinator trace=,span= - [Consumer clientId=notification-service-0, groupId=notification-service-group] Group coordinator localhost:9092 (id: 2147483646 rack: null isFenced: false) is unavailable or invalid due to cause: session timed out without receiving a heartbeat response. isDisconnected: false. Rediscovery will be attempted.
2026-06-15 19:27:12.716 [kafka-coordinator-heartbeat-thread | notification-service-group] INFO  o.a.k.c.c.i.ConsumerCoordinator trace=,span= - [Consumer clientId=notification-service-0, groupId=notification-service-group] Requesting disconnect from last known coordinator localhost:9092 (id: 2147483646 rack: null isFenced: false)
2026-06-15 19:27:12.716 [kafka-coordinator-heartbeat-thread | notification-service-group] INFO  o.apache.kafka.clients.NetworkClient trace=,span= - [Consumer clientId=notification-service-0, groupId=notification-service-group] Client requested disconnect from node 2147483646
2026-06-15 19:27:12.774 [KafkaConsumerDestination{consumerDestinationName='order-events', partitions=0, dlqName='null'}.container-0-C-1] INFO  o.a.k.c.c.i.ConsumerCoordinator trace=,span= - [Consumer clientId=notification-service-0, groupId=notification-service-group] Discovered group coordinator localhost:9092 (id: 2147483646 rack: null isFenced: false)
2026-06-15 19:27:12.774 [KafkaConsumerDestination{consumerDestinationName='order-events', partitions=0, dlqName='null'}.container-0-C-1] INFO  o.a.k.c.c.i.ConsumerCoordinator trace=,span= - [Consumer clientId=notification-service-0, groupId=notification-service-group] Group coordinator localhost:9092 (id: 2147483646 rack: null isFenced: false) is unavailable or invalid due to cause: coordinator unavailable. isDisconnected: false. Rediscovery will be attempted.
2026-06-15 19:27:12.776 [KafkaConsumerDestination{consumerDestinationName='order-events', partitions=0, dlqName='null'}.container-0-C-1] INFO  o.a.k.c.c.i.ConsumerCoordinator trace=,span= - [Consumer clientId=notification-service-0, groupId=notification-service-group] Requesting disconnect from last known coordinator localhost:9092 (id: 2147483646 rack: null isFenced: false)
2026-06-15 19:27:12.952 [KafkaConsumerDestination{consumerDestinationName='order-events', partitions=0, dlqName='null'}.container-0-C-1] INFO  o.a.k.c.c.i.ConsumerCoordinator trace=,span= - [Consumer clientId=notification-service-0, groupId=notification-service-group] Discovered group coordinator localhost:9092 (id: 2147483646 rack: null isFenced: false)
2026-06-15 19:32:54.559 [kafka-coordinator-heartbeat-thread | notification-service-group] INFO  o.a.k.c.c.i.ConsumerCoordinator trace=,span= - [Consumer clientId=notification-service-0, groupId=notification-service-group] Group coordinator localhost:9092 (id: 2147483646 rack: null isFenced: false) is unavailable or invalid due to cause: session timed out without receiving a heartbeat response. isDisconnected: false. Rediscovery will be attempted.
2026-06-15 19:32:54.573 [kafka-coordinator-heartbeat-thread | notification-service-group] INFO  o.a.k.c.c.i.ConsumerCoordinator trace=,span= - [Consumer clientId=notification-service-0, groupId=notification-service-group] Requesting disconnect from last known coordinator localhost:9092 (id: 2147483646 rack: null isFenced: false)
2026-06-15 19:32:54.574 [kafka-coordinator-heartbeat-thread | notification-service-group] INFO  o.apache.kafka.clients.NetworkClient trace=,span= - [Consumer clientId=notification-service-0, groupId=notification-service-group] Client requested disconnect from node 2147483646
2026-06-15 19:32:54.977 [KafkaConsumerDestination{consumerDestinationName='order-events', partitions=0, dlqName='null'}.container-0-C-1] INFO  o.a.k.c.c.i.ConsumerCoordinator trace=,span= - [Consumer clientId=notification-service-0, groupId=notification-service-group] Discovered group coordinator localhost:9092 (id: 2147483646 rack: null isFenced: false)
2026-06-15 19:32:54.978 [KafkaConsumerDestination{consumerDestinationName='order-events', partitions=0, dlqName='null'}.container-0-C-1] INFO  o.a.k.c.c.i.ConsumerCoordinator trace=,span= - [Consumer clientId=notification-service-0, groupId=notification-service-group] Discovered group coordinator localhost:9092 (id: 2147483646 rack: null isFenced: false)
2026-06-15 20:02:33.533 [kafka-coordinator-heartbeat-thread | notification-service-group] INFO  o.a.k.c.c.i.ConsumerCoordinator trace=,span= - [Consumer clientId=notification-service-0, groupId=notification-service-group] Group coordinator localhost:9092 (id: 2147483646 rack: null isFenced: false) is unavailable or invalid due to cause: session timed out without receiving a heartbeat response. isDisconnected: false. Rediscovery will be attempted.
2026-06-15 20:02:33.620 [kafka-coordinator-heartbeat-thread | notification-service-group] INFO  o.a.k.c.c.i.ConsumerCoordinator trace=,span= - [Consumer clientId=notification-service-0, groupId=notification-service-group] Requesting disconnect from last known coordinator localhost:9092 (id: 2147483646 rack: null isFenced: false)
2026-06-15 20:02:33.621 [kafka-coordinator-heartbeat-thread | notification-service-group] INFO  o.apache.kafka.clients.NetworkClient trace=,span= - [Consumer clientId=notification-service-0, groupId=notification-service-group] Client requested disconnect from node 2147483646
2026-06-15 20:02:33.634 [KafkaConsumerDestination{consumerDestinationName='order-events', partitions=0, dlqName='null'}.container-0-C-1] INFO  o.a.k.c.c.i.ConsumerCoordinator trace=,span= - [Consumer clientId=notification-service-0, groupId=notification-service-group] Discovered group coordinator localhost:9092 (id: 2147483646 rack: null isFenced: false)
2026-06-15 20:02:33.635 [KafkaConsumerDestination{consumerDestinationName='order-events', partitions=0, dlqName='null'}.container-0-C-1] INFO  o.a.k.c.c.i.ConsumerCoordinator trace=,span= - [Consumer clientId=notification-service-0, groupId=notification-service-group] Discovered group coordinator localhost:9092 (id: 2147483646 rack: null isFenced: false)
2026-06-15 20:02:33.652 [KafkaConsumerDestination{consumerDestinationName='order-events', partitions=0, dlqName='null'}.container-0-C-1] INFO  o.a.k.c.c.i.ConsumerCoordinator trace=,span= - [Consumer clientId=notification-service-0, groupId=notification-service-group] Group coordinator localhost:9092 (id: 2147483646 rack: null isFenced: false) is unavailable or invalid due to cause: coordinator unavailable. isDisconnected: false. Rediscovery will be attempted.
2026-06-15 20:02:33.652 [KafkaConsumerDestination{consumerDestinationName='order-events', partitions=0, dlqName='null'}.container-0-C-1] INFO  o.a.k.c.c.i.ConsumerCoordinator trace=,span= - [Consumer clientId=notification-service-0, groupId=notification-service-group] Requesting disconnect from last known coordinator localhost:9092 (id: 2147483646 rack: null isFenced: false)
2026-06-15 20:02:33.767 [KafkaConsumerDestination{consumerDestinationName='order-events', partitions=0, dlqName='null'}.container-0-C-1] INFO  o.a.k.c.c.i.ConsumerCoordinator trace=,span= - [Consumer clientId=notification-service-0, groupId=notification-service-group] Discovered group coordinator localhost:9092 (id: 2147483646 rack: null isFenced: false)
2026-06-15 20:04:22.109 [kafka-coordinator-heartbeat-thread | notification-service-group] INFO  o.a.k.c.c.i.ConsumerCoordinator trace=,span= - [Consumer clientId=notification-service-0, groupId=notification-service-group] Group coordinator localhost:9092 (id: 2147483646 rack: null isFenced: false) is unavailable or invalid due to cause: session timed out without receiving a heartbeat response. isDisconnected: false. Rediscovery will be attempted.
2026-06-15 20:04:22.276 [kafka-coordinator-heartbeat-thread | notification-service-group] INFO  o.a.k.c.c.i.ConsumerCoordinator trace=,span= - [Consumer clientId=notification-service-0, groupId=notification-service-group] Requesting disconnect from last known coordinator localhost:9092 (id: 2147483646 rack: null isFenced: false)
2026-06-15 20:04:22.304 [kafka-coordinator-heartbeat-thread | notification-service-group] INFO  o.apache.kafka.clients.NetworkClient trace=,span= - [Consumer clientId=notification-service-0, groupId=notification-service-group] Client requested disconnect from node 2147483646
2026-06-15 20:04:23.517 [KafkaConsumerDestination{consumerDestinationName='order-events', partitions=0, dlqName='null'}.container-0-C-1] INFO  o.a.k.c.c.i.ConsumerCoordinator trace=,span= - [Consumer clientId=notification-service-0, groupId=notification-service-group] Discovered group coordinator localhost:9092 (id: 2147483646 rack: null isFenced: false)
2026-06-15 20:26:40.333 [SpringApplicationShutdownHook] INFO  o.s.boot.tomcat.GracefulShutdown trace=,span= - Commencing graceful shutdown. Waiting for active requests to complete
2026-06-15 20:26:42.357 [tomcat-shutdown] INFO  o.s.boot.tomcat.GracefulShutdown trace=,span= - Graceful shutdown complete
2026-06-15 20:26:42.364 [KafkaConsumerDestination{consumerDestinationName='order-events', partitions=0, dlqName='null'}.container-0-C-1] INFO  o.a.k.c.c.i.ConsumerRebalanceListenerInvoker trace=,span= - [Consumer clientId=notification-service-0, groupId=notification-service-group] Revoke previously assigned partitions [order-events-0]
2026-06-15 20:26:42.364 [KafkaConsumerDestination{consumerDestinationName='order-events', partitions=0, dlqName='null'}.container-0-C-1] INFO  o.a.k.c.c.i.ConsumerCoordinator trace=,span= - [Consumer clientId=notification-service-0, groupId=notification-service-group] Member notification-service-0-46b02ce8-1224-4d13-b0d3-d00564bda43e sending LeaveGroup request to coordinator localhost:9092 (id: 2147483646 rack: null isFenced: false) due to the consumer unsubscribed from all topics
2026-06-15 20:26:42.365 [KafkaConsumerDestination{consumerDestinationName='order-events', partitions=0, dlqName='null'}.container-0-C-1] INFO  o.a.k.c.c.i.ConsumerCoordinator trace=,span= - [Consumer clientId=notification-service-0, groupId=notification-service-group] Resetting generation and member id due to: consumer pro-actively leaving the group
2026-06-15 20:26:42.365 [KafkaConsumerDestination{consumerDestinationName='order-events', partitions=0, dlqName='null'}.container-0-C-1] INFO  o.a.k.c.c.i.ConsumerCoordinator trace=,span= - [Consumer clientId=notification-service-0, groupId=notification-service-group] Request joining group due to: consumer pro-actively leaving the group
2026-06-15 20:26:42.365 [KafkaConsumerDestination{consumerDestinationName='order-events', partitions=0, dlqName='null'}.container-0-C-1] INFO  o.a.k.c.c.i.ClassicKafkaConsumer trace=,span= - [Consumer clientId=notification-service-0, groupId=notification-service-group] Unsubscribed all topics or patterns and assigned partitions
2026-06-15 20:26:42.366 [KafkaConsumerDestination{consumerDestinationName='order-events', partitions=0, dlqName='null'}.container-0-C-1] INFO  o.a.k.c.c.i.ConsumerCoordinator trace=,span= - [Consumer clientId=notification-service-0, groupId=notification-service-group] Resetting generation and member id due to: consumer pro-actively leaving the group
2026-06-15 20:26:42.366 [KafkaConsumerDestination{consumerDestinationName='order-events', partitions=0, dlqName='null'}.container-0-C-1] INFO  o.a.k.c.c.i.ConsumerCoordinator trace=,span= - [Consumer clientId=notification-service-0, groupId=notification-service-group] Request joining group due to: consumer pro-actively leaving the group
2026-06-15 20:26:42.477 [KafkaConsumerDestination{consumerDestinationName='order-events', partitions=0, dlqName='null'}.container-0-C-1] INFO  o.a.kafka.common.metrics.Metrics trace=,span= - Metrics scheduler closed
2026-06-15 20:26:42.477 [KafkaConsumerDestination{consumerDestinationName='order-events', partitions=0, dlqName='null'}.container-0-C-1] INFO  o.a.kafka.common.metrics.Metrics trace=,span= - Closing reporter org.apache.kafka.common.metrics.JmxReporter
2026-06-15 20:26:42.477 [KafkaConsumerDestination{consumerDestinationName='order-events', partitions=0, dlqName='null'}.container-0-C-1] INFO  o.a.kafka.common.metrics.Metrics trace=,span= - Closing reporter org.apache.kafka.common.telemetry.internals.ClientTelemetryReporter
2026-06-15 20:26:42.477 [KafkaConsumerDestination{consumerDestinationName='order-events', partitions=0, dlqName='null'}.container-0-C-1] INFO  o.a.kafka.common.metrics.Metrics trace=,span= - Metrics reporters closed
2026-06-15 20:26:42.480 [KafkaConsumerDestination{consumerDestinationName='order-events', partitions=0, dlqName='null'}.container-0-C-1] INFO  o.a.kafka.common.utils.AppInfoParser trace=,span= - App info kafka.consumer for notification-service-0 unregistered
2026-06-15 20:26:42.482 [SpringApplicationShutdownHook] INFO  o.s.i.k.i.KafkaMessageDrivenChannelAdapter trace=,span= - stopped org.springframework.integration.kafka.inbound.KafkaMessageDrivenChannelAdapter@24d097c8
2026-06-15 20:26:42.501 [SpringApplicationShutdownHook] INFO  o.s.i.endpoint.EventDrivenConsumer trace=,span= - Removing {logging-channel-adapter:_org.springframework.integration.errorLogger} as a subscriber to the 'errorChannel' channel
2026-06-15 20:26:42.501 [SpringApplicationShutdownHook] INFO  o.s.i.c.PublishSubscribeChannel trace=,span= - Channel 'notification-service.errorChannel' has 0 subscriber(s).
2026-06-15 20:26:42.501 [SpringApplicationShutdownHook] INFO  o.s.i.endpoint.EventDrivenConsumer trace=,span= - stopped bean '_org.springframework.integration.errorLogger'
2026-06-15 20:40:23.797 [main] INFO  c.l.n.NotificationServiceApplication trace=,span= - Starting NotificationServiceApplication v0.0.1-SNAPSHOT using Java 25.0.2 with PID 76817 (/Users/Dzianis_Padbiarezski/projects/loadup/order-service/notification-service/build/libs/notification-service-0.0.1-SNAPSHOT.jar started by Dzianis_Padbiarezski in /Users/Dzianis_Padbiarezski/projects/loadup/order-service/notification-service)
2026-06-15 20:40:23.800 [main] DEBUG c.l.n.NotificationServiceApplication trace=,span= - Running with Spring Boot v4.0.7, Spring v7.0.8
2026-06-15 20:40:23.801 [main] INFO  c.l.n.NotificationServiceApplication trace=,span= - No active profile set, falling back to 1 default profile: "default"
2026-06-15 20:40:23.975 [background-preinit] INFO  o.h.validator.internal.util.Version trace=,span= - HV000001: Hibernate Validator 9.0.1.Final
2026-06-15 20:40:24.240 [main] INFO  o.s.d.r.c.RepositoryConfigurationDelegate trace=,span= - Multiple Spring Data modules found, entering strict repository configuration mode
2026-06-15 20:40:24.241 [main] INFO  o.s.d.r.c.RepositoryConfigurationDelegate trace=,span= - Bootstrapping Spring Data Redis repositories in DEFAULT mode.
2026-06-15 20:40:24.260 [main] INFO  o.s.d.r.c.RepositoryConfigurationDelegate trace=,span= - Finished Spring Data repository scanning in 8 ms. Found 0 Redis repository interfaces.
2026-06-15 20:40:24.383 [main] INFO  o.s.i.c.DefaultConfiguringBeanFactoryPostProcessor trace=,span= - No bean named 'errorChannel' has been explicitly defined. Therefore, a default PublishSubscribeChannel will be created.
2026-06-15 20:40:24.391 [main] INFO  o.s.i.c.DefaultConfiguringBeanFactoryPostProcessor trace=,span= - No bean named 'integrationHeaderChannelRegistry' has been explicitly defined. Therefore, a default DefaultHeaderChannelRegistry will be created.
2026-06-15 20:40:24.758 [main] INFO  o.s.boot.tomcat.TomcatWebServer trace=,span= - Tomcat initialized with port 8081 (http)
2026-06-15 20:40:24.767 [main] INFO  o.a.coyote.http11.Http11NioProtocol trace=,span= - Initializing ProtocolHandler ["http-nio-8081"]
2026-06-15 20:40:24.768 [main] INFO  o.a.catalina.core.StandardService trace=,span= - Starting service [Tomcat]
2026-06-15 20:40:24.769 [main] INFO  o.a.catalina.core.StandardEngine trace=,span= - Starting Servlet engine: [Apache Tomcat/11.0.22]
2026-06-15 20:40:24.786 [main] INFO  o.s.b.w.c.s.WebApplicationContextInitializer trace=,span= - Root WebApplicationContext: initialization completed in 957 ms
2026-06-15 20:40:24.890 [main] WARN  i.n.r.d.DnsServerAddressStreamProviders trace=,span= - Can not find io.netty.resolver.dns.macos.MacOSDnsServerAddressStreamProvider in the classpath, fallback to system defaults. This may result in incorrect DNS resolutions on MacOS. Check whether you have a dependency on 'io.netty:netty-resolver-dns-native-macos'
2026-06-15 20:40:25.553 [main] INFO  o.s.i.endpoint.EventDrivenConsumer trace=,span= - Adding {logging-channel-adapter:_org.springframework.integration.errorLogger} as a subscriber to the 'errorChannel' channel
2026-06-15 20:40:25.553 [main] INFO  o.s.i.c.PublishSubscribeChannel trace=,span= - Channel 'notification-service.errorChannel' has 1 subscriber(s).
2026-06-15 20:40:25.553 [main] INFO  o.s.i.endpoint.EventDrivenConsumer trace=,span= - started bean '_org.springframework.integration.errorLogger'
2026-06-15 20:40:25.655 [main] INFO  o.a.k.common.config.AbstractConfig trace=,span= - ConsumerConfig values: 
	allow.auto.create.topics = true
	auto.commit.interval.ms = 100
	auto.offset.reset = earliest
	bootstrap.servers = [localhost:9092]
	check.crcs = true
	client.dns.lookup = use_all_dns_ips
	client.id = notification-service
	client.rack = 
	connections.max.idle.ms = 540000
	default.api.timeout.ms = 60000
	enable.auto.commit = false
	enable.metrics.push = true
	exclude.internal.topics = true
	fetch.max.bytes = 52428800
	fetch.max.wait.ms = 500
	fetch.min.bytes = 1
	group.id = notification-service-group
	group.instance.id = null
	group.protocol = classic
	group.remote.assignor = null
	heartbeat.interval.ms = 3000
	interceptor.classes = []
	internal.leave.group.on.close = true
	internal.throw.on.fetch.stable.offset.unsupported = false
	isolation.level = read_uncommitted
	key.deserializer = class org.apache.kafka.common.serialization.ByteArrayDeserializer
	max.partition.fetch.bytes = 1048576
	max.poll.interval.ms = 300000
	max.poll.records = 500
	metadata.max.age.ms = 300000
	metadata.recovery.rebootstrap.trigger.ms = 300000
	metadata.recovery.strategy = rebootstrap
	metric.reporters = [org.apache.kafka.common.metrics.JmxReporter]
	metrics.num.samples = 2
	metrics.recording.level = INFO
	metrics.sample.window.ms = 30000
	partition.assignment.strategy = [class org.apache.kafka.clients.consumer.RangeAssignor, class org.apache.kafka.clients.consumer.CooperativeStickyAssignor]
	receive.buffer.bytes = 65536
	reconnect.backoff.max.ms = 1000
	reconnect.backoff.ms = 50
	request.timeout.ms = 30000
	retry.backoff.max.ms = 1000
	retry.backoff.ms = 100
	sasl.client.callback.handler.class = null
	sasl.jaas.config = null
	sasl.kerberos.kinit.cmd = /usr/bin/kinit
	sasl.kerberos.min.time.before.relogin = 60000
	sasl.kerberos.service.name = null
	sasl.kerberos.ticket.renew.jitter = 0.05
	sasl.kerberos.ticket.renew.window.factor = 0.8
	sasl.login.callback.handler.class = null
	sasl.login.class = null
	sasl.login.connect.timeout.ms = null
	sasl.login.read.timeout.ms = null
	sasl.login.refresh.buffer.seconds = 300
	sasl.login.refresh.min.period.seconds = 60
	sasl.login.refresh.window.factor = 0.8
	sasl.login.refresh.window.jitter = 0.05
	sasl.login.retry.backoff.max.ms = 10000
	sasl.login.retry.backoff.ms = 100
	sasl.mechanism = GSSAPI
	sasl.oauthbearer.assertion.algorithm = RS256
	sasl.oauthbearer.assertion.claim.aud = null
	sasl.oauthbearer.assertion.claim.exp.seconds = 300
	sasl.oauthbearer.assertion.claim.iss = null
	sasl.oauthbearer.assertion.claim.jti.include = false
	sasl.oauthbearer.assertion.claim.nbf.seconds = 60
	sasl.oauthbearer.assertion.claim.sub = null
	sasl.oauthbearer.assertion.file = null
	sasl.oauthbearer.assertion.private.key.file = null
	sasl.oauthbearer.assertion.private.key.passphrase = null
	sasl.oauthbearer.assertion.template.file = null
	sasl.oauthbearer.client.credentials.client.id = null
	sasl.oauthbearer.client.credentials.client.secret = null
	sasl.oauthbearer.clock.skew.seconds = 30
	sasl.oauthbearer.expected.audience = null
	sasl.oauthbearer.expected.issuer = null
	sasl.oauthbearer.header.urlencode = false
	sasl.oauthbearer.jwks.endpoint.refresh.ms = 3600000
	sasl.oauthbearer.jwks.endpoint.retry.backoff.max.ms = 10000
	sasl.oauthbearer.jwks.endpoint.retry.backoff.ms = 100
	sasl.oauthbearer.jwks.endpoint.url = null
	sasl.oauthbearer.jwt.retriever.class = class org.apache.kafka.common.security.oauthbearer.DefaultJwtRetriever
	sasl.oauthbearer.jwt.validator.class = class org.apache.kafka.common.security.oauthbearer.DefaultJwtValidator
	sasl.oauthbearer.scope = null
	sasl.oauthbearer.scope.claim.name = scope
	sasl.oauthbearer.sub.claim.name = sub
	sasl.oauthbearer.token.endpoint.url = null
	security.protocol = PLAINTEXT
	security.providers = null
	send.buffer.bytes = 131072
	session.timeout.ms = 45000
	share.acknowledgement.mode = implicit
	socket.connection.setup.timeout.max.ms = 30000
	socket.connection.setup.timeout.ms = 10000
	ssl.cipher.suites = null
	ssl.enabled.protocols = [TLSv1.2, TLSv1.3]
	ssl.endpoint.identification.algorithm = https
	ssl.engine.factory.class = null
	ssl.key.password = null
	ssl.keymanager.algorithm = SunX509
	ssl.keystore.certificate.chain = null
	ssl.keystore.key = null
	ssl.keystore.location = null
	ssl.keystore.password = null
	ssl.keystore.type = JKS
	ssl.protocol = TLSv1.3
	ssl.provider = null
	ssl.secure.random.implementation = null
	ssl.trustmanager.algorithm = PKIX
	ssl.truststore.certificates = null
	ssl.truststore.location = null
	ssl.truststore.password = null
	ssl.truststore.type = JKS
	value.deserializer = class org.apache.kafka.common.serialization.ByteArrayDeserializer

2026-06-15 20:40:25.684 [main] INFO  o.a.k.c.t.i.KafkaMetricsCollector trace=,span= - initializing Kafka metrics collector
2026-06-15 20:40:25.811 [main] INFO  o.a.kafka.common.utils.AppInfoParser trace=,span= - Kafka version: 4.1.2
2026-06-15 20:40:25.812 [main] INFO  o.a.kafka.common.utils.AppInfoParser trace=,span= - Kafka commitId: c82fd9b934b4c1e6
2026-06-15 20:40:25.812 [main] INFO  o.a.kafka.common.utils.AppInfoParser trace=,span= - Kafka startTimeMs: 1781570425811
2026-06-15 20:40:26.030 [main] INFO  org.apache.kafka.clients.Metadata trace=,span= - [Consumer clientId=notification-service, groupId=notification-service-group] Cluster ID: 5L6g3nShT-eMCtK--X86sw
2026-06-15 20:40:26.032 [main] INFO  o.a.k.c.c.i.ConsumerCoordinator trace=,span= - [Consumer clientId=notification-service, groupId=notification-service-group] Resetting generation and member id due to: consumer pro-actively leaving the group
2026-06-15 20:40:26.032 [main] INFO  o.a.k.c.c.i.ConsumerCoordinator trace=,span= - [Consumer clientId=notification-service, groupId=notification-service-group] Request joining group due to: consumer pro-actively leaving the group
2026-06-15 20:40:26.034 [main] INFO  o.a.kafka.common.metrics.Metrics trace=,span= - Metrics scheduler closed
2026-06-15 20:40:26.034 [main] INFO  o.a.kafka.common.metrics.Metrics trace=,span= - Closing reporter org.apache.kafka.common.metrics.JmxReporter
2026-06-15 20:40:26.034 [main] INFO  o.a.kafka.common.metrics.Metrics trace=,span= - Closing reporter org.apache.kafka.common.telemetry.internals.ClientTelemetryReporter
2026-06-15 20:40:26.034 [main] INFO  o.a.kafka.common.metrics.Metrics trace=,span= - Metrics reporters closed
2026-06-15 20:40:26.037 [main] INFO  o.a.kafka.common.utils.AppInfoParser trace=,span= - App info kafka.consumer for notification-service unregistered
2026-06-15 20:40:26.067 [main] INFO  o.a.k.common.config.AbstractConfig trace=,span= - ConsumerConfig values: 
	allow.auto.create.topics = true
	auto.commit.interval.ms = 100
	auto.offset.reset = earliest
	bootstrap.servers = [localhost:9092]
	check.crcs = true
	client.dns.lookup = use_all_dns_ips
	client.id = notification-service-0
	client.rack = 
	connections.max.idle.ms = 540000
	default.api.timeout.ms = 60000
	enable.auto.commit = false
	enable.metrics.push = true
	exclude.internal.topics = true
	fetch.max.bytes = 52428800
	fetch.max.wait.ms = 500
	fetch.min.bytes = 1
	group.id = notification-service-group
	group.instance.id = null
	group.protocol = classic
	group.remote.assignor = null
	heartbeat.interval.ms = 3000
	interceptor.classes = []
	internal.leave.group.on.close = true
	internal.throw.on.fetch.stable.offset.unsupported = false
	isolation.level = read_uncommitted
	key.deserializer = class org.apache.kafka.common.serialization.ByteArrayDeserializer
	max.partition.fetch.bytes = 1048576
	max.poll.interval.ms = 300000
	max.poll.records = 500
	metadata.max.age.ms = 300000
	metadata.recovery.rebootstrap.trigger.ms = 300000
	metadata.recovery.strategy = rebootstrap
	metric.reporters = [org.apache.kafka.common.metrics.JmxReporter]
	metrics.num.samples = 2
	metrics.recording.level = INFO
	metrics.sample.window.ms = 30000
	partition.assignment.strategy = [class org.apache.kafka.clients.consumer.RangeAssignor, class org.apache.kafka.clients.consumer.CooperativeStickyAssignor]
	receive.buffer.bytes = 65536
	reconnect.backoff.max.ms = 1000
	reconnect.backoff.ms = 50
	request.timeout.ms = 30000
	retry.backoff.max.ms = 1000
	retry.backoff.ms = 100
	sasl.client.callback.handler.class = null
	sasl.jaas.config = null
	sasl.kerberos.kinit.cmd = /usr/bin/kinit
	sasl.kerberos.min.time.before.relogin = 60000
	sasl.kerberos.service.name = null
	sasl.kerberos.ticket.renew.jitter = 0.05
	sasl.kerberos.ticket.renew.window.factor = 0.8
	sasl.login.callback.handler.class = null
	sasl.login.class = null
	sasl.login.connect.timeout.ms = null
	sasl.login.read.timeout.ms = null
	sasl.login.refresh.buffer.seconds = 300
	sasl.login.refresh.min.period.seconds = 60
	sasl.login.refresh.window.factor = 0.8
	sasl.login.refresh.window.jitter = 0.05
	sasl.login.retry.backoff.max.ms = 10000
	sasl.login.retry.backoff.ms = 100
	sasl.mechanism = GSSAPI
	sasl.oauthbearer.assertion.algorithm = RS256
	sasl.oauthbearer.assertion.claim.aud = null
	sasl.oauthbearer.assertion.claim.exp.seconds = 300
	sasl.oauthbearer.assertion.claim.iss = null
	sasl.oauthbearer.assertion.claim.jti.include = false
	sasl.oauthbearer.assertion.claim.nbf.seconds = 60
	sasl.oauthbearer.assertion.claim.sub = null
	sasl.oauthbearer.assertion.file = null
	sasl.oauthbearer.assertion.private.key.file = null
	sasl.oauthbearer.assertion.private.key.passphrase = null
	sasl.oauthbearer.assertion.template.file = null
	sasl.oauthbearer.client.credentials.client.id = null
	sasl.oauthbearer.client.credentials.client.secret = null
	sasl.oauthbearer.clock.skew.seconds = 30
	sasl.oauthbearer.expected.audience = null
	sasl.oauthbearer.expected.issuer = null
	sasl.oauthbearer.header.urlencode = false
	sasl.oauthbearer.jwks.endpoint.refresh.ms = 3600000
	sasl.oauthbearer.jwks.endpoint.retry.backoff.max.ms = 10000
	sasl.oauthbearer.jwks.endpoint.retry.backoff.ms = 100
	sasl.oauthbearer.jwks.endpoint.url = null
	sasl.oauthbearer.jwt.retriever.class = class org.apache.kafka.common.security.oauthbearer.DefaultJwtRetriever
	sasl.oauthbearer.jwt.validator.class = class org.apache.kafka.common.security.oauthbearer.DefaultJwtValidator
	sasl.oauthbearer.scope = null
	sasl.oauthbearer.scope.claim.name = scope
	sasl.oauthbearer.sub.claim.name = sub
	sasl.oauthbearer.token.endpoint.url = null
	security.protocol = PLAINTEXT
	security.providers = null
	send.buffer.bytes = 131072
	session.timeout.ms = 45000
	share.acknowledgement.mode = implicit
	socket.connection.setup.timeout.max.ms = 30000
	socket.connection.setup.timeout.ms = 10000
	ssl.cipher.suites = null
	ssl.enabled.protocols = [TLSv1.2, TLSv1.3]
	ssl.endpoint.identification.algorithm = https
	ssl.engine.factory.class = null
	ssl.key.password = null
	ssl.keymanager.algorithm = SunX509
	ssl.keystore.certificate.chain = null
	ssl.keystore.key = null
	ssl.keystore.location = null
	ssl.keystore.password = null
	ssl.keystore.type = JKS
	ssl.protocol = TLSv1.3
	ssl.provider = null
	ssl.secure.random.implementation = null
	ssl.trustmanager.algorithm = PKIX
	ssl.truststore.certificates = null
	ssl.truststore.location = null
	ssl.truststore.password = null
	ssl.truststore.type = JKS
	value.deserializer = class org.apache.kafka.common.serialization.ByteArrayDeserializer

2026-06-15 20:40:26.067 [main] INFO  o.a.k.c.t.i.KafkaMetricsCollector trace=,span= - initializing Kafka metrics collector
2026-06-15 20:40:26.071 [main] INFO  o.a.kafka.common.utils.AppInfoParser trace=,span= - Kafka version: 4.1.2
2026-06-15 20:40:26.071 [main] INFO  o.a.kafka.common.utils.AppInfoParser trace=,span= - Kafka commitId: c82fd9b934b4c1e6
2026-06-15 20:40:26.071 [main] INFO  o.a.kafka.common.utils.AppInfoParser trace=,span= - Kafka startTimeMs: 1781570426071
2026-06-15 20:40:26.072 [main] INFO  o.a.k.c.c.i.ClassicKafkaConsumer trace=,span= - [Consumer clientId=notification-service-0, groupId=notification-service-group] Subscribed to topic(s): order-events
2026-06-15 20:40:26.076 [main] INFO  o.s.i.k.i.KafkaMessageDrivenChannelAdapter trace=,span= - started org.springframework.integration.kafka.inbound.KafkaMessageDrivenChannelAdapter@1ac71b87
2026-06-15 20:40:26.077 [main] INFO  o.a.coyote.http11.Http11NioProtocol trace=,span= - Starting ProtocolHandler ["http-nio-8081"]
2026-06-15 20:40:26.082 [KafkaConsumerDestination{consumerDestinationName='order-events', partitions=0, dlqName='null'}.container-0-C-1] INFO  org.apache.kafka.clients.Metadata trace=,span= - [Consumer clientId=notification-service-0, groupId=notification-service-group] Cluster ID: 5L6g3nShT-eMCtK--X86sw
2026-06-15 20:40:26.084 [KafkaConsumerDestination{consumerDestinationName='order-events', partitions=0, dlqName='null'}.container-0-C-1] INFO  o.a.k.c.c.i.ConsumerCoordinator trace=,span= - [Consumer clientId=notification-service-0, groupId=notification-service-group] Discovered group coordinator localhost:9092 (id: 2147483646 rack: null isFenced: false)
2026-06-15 20:40:26.084 [main] INFO  o.s.boot.tomcat.TomcatWebServer trace=,span= - Tomcat started on port 8081 (http) with context path '/'
2026-06-15 20:40:26.085 [KafkaConsumerDestination{consumerDestinationName='order-events', partitions=0, dlqName='null'}.container-0-C-1] INFO  o.a.k.c.c.i.ConsumerCoordinator trace=,span= - [Consumer clientId=notification-service-0, groupId=notification-service-group] (Re-)joining group
2026-06-15 20:40:26.095 [KafkaConsumerDestination{consumerDestinationName='order-events', partitions=0, dlqName='null'}.container-0-C-1] INFO  o.a.k.c.c.i.ConsumerCoordinator trace=,span= - [Consumer clientId=notification-service-0, groupId=notification-service-group] Request joining group due to: need to re-join with the given member-id: notification-service-0-0c5d20e3-6208-408d-a99d-1d9641388c72
2026-06-15 20:40:26.095 [KafkaConsumerDestination{consumerDestinationName='order-events', partitions=0, dlqName='null'}.container-0-C-1] INFO  o.a.k.c.c.i.ConsumerCoordinator trace=,span= - [Consumer clientId=notification-service-0, groupId=notification-service-group] (Re-)joining group
2026-06-15 20:40:26.098 [main] INFO  c.l.n.NotificationServiceApplication trace=,span= - Started NotificationServiceApplication in 2.722 seconds (process running for 3.1)
2026-06-15 20:40:29.101 [KafkaConsumerDestination{consumerDestinationName='order-events', partitions=0, dlqName='null'}.container-0-C-1] INFO  o.a.k.c.c.i.ConsumerCoordinator trace=,span= - [Consumer clientId=notification-service-0, groupId=notification-service-group] Successfully joined group with generation Generation{generationId=17, memberId='notification-service-0-0c5d20e3-6208-408d-a99d-1d9641388c72', protocol='range'}
2026-06-15 20:40:29.107 [KafkaConsumerDestination{consumerDestinationName='order-events', partitions=0, dlqName='null'}.container-0-C-1] INFO  o.a.k.c.c.i.ConsumerCoordinator trace=,span= - [Consumer clientId=notification-service-0, groupId=notification-service-group] Finished assignment for group at generation 17: {notification-service-0-0c5d20e3-6208-408d-a99d-1d9641388c72=Assignment(partitions=[order-events-0])}
2026-06-15 20:40:29.125 [KafkaConsumerDestination{consumerDestinationName='order-events', partitions=0, dlqName='null'}.container-0-C-1] INFO  o.a.k.c.c.i.ConsumerCoordinator trace=,span= - [Consumer clientId=notification-service-0, groupId=notification-service-group] Successfully synced group in generation Generation{generationId=17, memberId='notification-service-0-0c5d20e3-6208-408d-a99d-1d9641388c72', protocol='range'}
2026-06-15 20:40:29.125 [KafkaConsumerDestination{consumerDestinationName='order-events', partitions=0, dlqName='null'}.container-0-C-1] INFO  o.a.k.c.c.i.ConsumerCoordinator trace=,span= - [Consumer clientId=notification-service-0, groupId=notification-service-group] Notifying assignor about the new Assignment(partitions=[order-events-0])
2026-06-15 20:40:29.127 [KafkaConsumerDestination{consumerDestinationName='order-events', partitions=0, dlqName='null'}.container-0-C-1] INFO  o.a.k.c.c.i.ConsumerRebalanceListenerInvoker trace=,span= - [Consumer clientId=notification-service-0, groupId=notification-service-group] Adding newly assigned partitions: [order-events-0]
2026-06-15 20:40:29.134 [KafkaConsumerDestination{consumerDestinationName='order-events', partitions=0, dlqName='null'}.container-0-C-1] INFO  o.a.k.c.c.internals.ConsumerUtils trace=,span= - Setting offset for partition order-events-0 to the committed offset FetchPosition{offset=10, offsetEpoch=Optional.empty, currentLeader=LeaderAndEpoch{leader=Optional[localhost:9092 (id: 1 rack: null isFenced: false)], epoch=4}}
2026-06-15 20:43:53.281 [KafkaConsumerDestination{consumerDestinationName='order-events', partitions=0, dlqName='null'}.container-0-C-1] INFO  o.apache.kafka.clients.NetworkClient trace=,span= - [Consumer clientId=notification-service-0, groupId=notification-service-group] Node 2147483646 disconnected.
2026-06-15 20:43:53.309 [KafkaConsumerDestination{consumerDestinationName='order-events', partitions=0, dlqName='null'}.container-0-C-1] INFO  o.a.k.c.c.i.ConsumerCoordinator trace=,span= - [Consumer clientId=notification-service-0, groupId=notification-service-group] Group coordinator localhost:9092 (id: 2147483646 rack: null isFenced: false) is unavailable or invalid due to cause: coordinator unavailable. isDisconnected: true. Rediscovery will be attempted.
2026-06-15 20:43:53.312 [KafkaConsumerDestination{consumerDestinationName='order-events', partitions=0, dlqName='null'}.container-0-C-1] INFO  o.apache.kafka.clients.NetworkClient trace=,span= - [Consumer clientId=notification-service-0, groupId=notification-service-group] Node 1 disconnected.
2026-06-15 20:43:53.313 [KafkaConsumerDestination{consumerDestinationName='order-events', partitions=0, dlqName='null'}.container-0-C-1] INFO  o.apache.kafka.clients.NetworkClient trace=,span= - [Consumer clientId=notification-service-0, groupId=notification-service-group] Cancelled in-flight FETCH request with correlation id 491 due to node 1 being disconnected (elapsed time since creation: 41ms, elapsed time since send: 41ms, throttle time: 0ms, request timeout: 30000ms)
2026-06-15 20:43:53.316 [KafkaConsumerDestination{consumerDestinationName='order-events', partitions=0, dlqName='null'}.container-0-C-1] INFO  o.apache.kafka.clients.NetworkClient trace=,span= - [Consumer clientId=notification-service-0, groupId=notification-service-group] Cancelled in-flight FIND_COORDINATOR request with correlation id 492 due to node 1 being disconnected (elapsed time since creation: 3ms, elapsed time since send: 4ms, throttle time: 0ms, request timeout: 30000ms)
2026-06-15 20:43:53.316 [KafkaConsumerDestination{consumerDestinationName='order-events', partitions=0, dlqName='null'}.container-0-C-1] INFO  o.apache.kafka.clients.NetworkClient trace=,span= - [Consumer clientId=notification-service-0, groupId=notification-service-group] Node -1 disconnected.
2026-06-15 20:43:53.316 [KafkaConsumerDestination{consumerDestinationName='order-events', partitions=0, dlqName='null'}.container-0-C-1] INFO  o.a.k.clients.FetchSessionHandler trace=,span= - [Consumer clientId=notification-service-0, groupId=notification-service-group] Error sending fetch request (sessionId=829400176, epoch=412) to node 1:
org.apache.kafka.common.errors.DisconnectException
2026-06-15 20:43:53.417 [KafkaConsumerDestination{consumerDestinationName='order-events', partitions=0, dlqName='null'}.container-0-C-1] INFO  o.apache.kafka.clients.NetworkClient trace=,span= - [Consumer clientId=notification-service-0, groupId=notification-service-group] Node 1 disconnected.
2026-06-15 20:43:53.418 [KafkaConsumerDestination{consumerDestinationName='order-events', partitions=0, dlqName='null'}.container-0-C-1] INFO  o.apache.kafka.clients.NetworkClient trace=,span= - [Consumer clientId=notification-service-0, groupId=notification-service-group] Cancelled in-flight API_VERSIONS request with correlation id 493 due to node 1 being disconnected (elapsed time since creation: 1ms, elapsed time since send: 1ms, throttle time: 0ms, request timeout: 30000ms)
2026-06-15 20:43:53.538 [KafkaConsumerDestination{consumerDestinationName='order-events', partitions=0, dlqName='null'}.container-0-C-1] INFO  o.apache.kafka.clients.NetworkClient trace=,span= - [Consumer clientId=notification-service-0, groupId=notification-service-group] Node 1 disconnected.
2026-06-15 20:43:53.538 [KafkaConsumerDestination{consumerDestinationName='order-events', partitions=0, dlqName='null'}.container-0-C-1] INFO  o.apache.kafka.clients.NetworkClient trace=,span= - [Consumer clientId=notification-service-0, groupId=notification-service-group] Cancelled in-flight API_VERSIONS request with correlation id 494 due to node 1 being disconnected (elapsed time since creation: 1ms, elapsed time since send: 1ms, throttle time: 0ms, request timeout: 30000ms)
2026-06-15 20:43:53.748 [KafkaConsumerDestination{consumerDestinationName='order-events', partitions=0, dlqName='null'}.container-0-C-1] INFO  o.apache.kafka.clients.NetworkClient trace=,span= - [Consumer clientId=notification-service-0, groupId=notification-service-group] Node 1 disconnected.
2026-06-15 20:43:53.749 [KafkaConsumerDestination{consumerDestinationName='order-events', partitions=0, dlqName='null'}.container-0-C-1] INFO  o.apache.kafka.clients.NetworkClient trace=,span= - [Consumer clientId=notification-service-0, groupId=notification-service-group] Cancelled in-flight API_VERSIONS request with correlation id 495 due to node 1 being disconnected (elapsed time since creation: 2ms, elapsed time since send: 2ms, throttle time: 0ms, request timeout: 30000ms)
2026-06-15 20:43:54.174 [KafkaConsumerDestination{consumerDestinationName='order-events', partitions=0, dlqName='null'}.container-0-C-1] INFO  o.apache.kafka.clients.NetworkClient trace=,span= - [Consumer clientId=notification-service-0, groupId=notification-service-group] Node 1 disconnected.
2026-06-15 20:43:54.174 [KafkaConsumerDestination{consumerDestinationName='order-events', partitions=0, dlqName='null'}.container-0-C-1] INFO  o.apache.kafka.clients.NetworkClient trace=,span= - [Consumer clientId=notification-service-0, groupId=notification-service-group] Cancelled in-flight API_VERSIONS request with correlation id 496 due to node 1 being disconnected (elapsed time since creation: 13ms, elapsed time since send: 13ms, throttle time: 0ms, request timeout: 30000ms)
2026-06-15 20:43:54.918 [KafkaConsumerDestination{consumerDestinationName='order-events', partitions=0, dlqName='null'}.container-0-C-1] INFO  org.apache.kafka.clients.Metadata trace=,span= - [Consumer clientId=notification-service-0, groupId=notification-service-group] Rebootstrapping with [localhost/127.0.0.1:9092]
2026-06-15 20:43:54.921 [KafkaConsumerDestination{consumerDestinationName='order-events', partitions=0, dlqName='null'}.container-0-C-1] INFO  o.apache.kafka.clients.NetworkClient trace=,span= - [Consumer clientId=notification-service-0, groupId=notification-service-group] Node -1 disconnected.
2026-06-15 20:43:54.922 [KafkaConsumerDestination{consumerDestinationName='order-events', partitions=0, dlqName='null'}.container-0-C-1] WARN  o.apache.kafka.clients.NetworkClient trace=,span= - [Consumer clientId=notification-service-0, groupId=notification-service-group] Connection to node -1 (localhost/127.0.0.1:9092) could not be established. Node may not be available.
2026-06-15 20:43:54.922 [KafkaConsumerDestination{consumerDestinationName='order-events', partitions=0, dlqName='null'}.container-0-C-1] WARN  o.apache.kafka.clients.NetworkClient trace=,span= - [Consumer clientId=notification-service-0, groupId=notification-service-group] Bootstrap broker localhost:9092 (id: -1 rack: null isFenced: false) disconnected
2026-06-15 20:43:55.105 [KafkaConsumerDestination{consumerDestinationName='order-events', partitions=0, dlqName='null'}.container-0-C-1] INFO  o.apache.kafka.clients.NetworkClient trace=,span= - [Consumer clientId=notification-service-0, groupId=notification-service-group] Node -1 disconnected.
2026-06-15 20:43:55.105 [KafkaConsumerDestination{consumerDestinationName='order-events', partitions=0, dlqName='null'}.container-0-C-1] WARN  o.apache.kafka.clients.NetworkClient trace=,span= - [Consumer clientId=notification-service-0, groupId=notification-service-group] Connection to node -1 (localhost/127.0.0.1:9092) could not be established. Node may not be available.
2026-06-15 20:43:55.106 [KafkaConsumerDestination{consumerDestinationName='order-events', partitions=0, dlqName='null'}.container-0-C-1] WARN  o.apache.kafka.clients.NetworkClient trace=,span= - [Consumer clientId=notification-service-0, groupId=notification-service-group] Bootstrap broker localhost:9092 (id: -1 rack: null isFenced: false) disconnected
2026-06-15 20:43:56.017 [KafkaConsumerDestination{consumerDestinationName='order-events', partitions=0, dlqName='null'}.container-0-C-1] INFO  o.apache.kafka.clients.NetworkClient trace=,span= - [Consumer clientId=notification-service-0, groupId=notification-service-group] Node -1 disconnected.
2026-06-15 20:43:56.017 [KafkaConsumerDestination{consumerDestinationName='order-events', partitions=0, dlqName='null'}.container-0-C-1] WARN  o.apache.kafka.clients.NetworkClient trace=,span= - [Consumer clientId=notification-service-0, groupId=notification-service-group] Connection to node -1 (localhost/127.0.0.1:9092) could not be established. Node may not be available.
2026-06-15 20:43:56.018 [KafkaConsumerDestination{consumerDestinationName='order-events', partitions=0, dlqName='null'}.container-0-C-1] WARN  o.apache.kafka.clients.NetworkClient trace=,span= - [Consumer clientId=notification-service-0, groupId=notification-service-group] Bootstrap broker localhost:9092 (id: -1 rack: null isFenced: false) disconnected
2026-06-15 20:43:56.020 [KafkaConsumerDestination{consumerDestinationName='order-events', partitions=0, dlqName='null'}.container-0-C-1] INFO  org.apache.kafka.clients.Metadata trace=,span= - [Consumer clientId=notification-service-0, groupId=notification-service-group] Rebootstrapping with [localhost/127.0.0.1:9092]
2026-06-15 20:43:56.171 [KafkaConsumerDestination{consumerDestinationName='order-events', partitions=0, dlqName='null'}.container-0-C-1] INFO  org.apache.kafka.clients.Metadata trace=,span= - [Consumer clientId=notification-service-0, groupId=notification-service-group] Rebootstrapping with [localhost/127.0.0.1:9092]
2026-06-15 20:43:56.172 [kafka-coordinator-heartbeat-thread | notification-service-group] INFO  org.apache.kafka.clients.Metadata trace=,span= - [Consumer clientId=notification-service-0, groupId=notification-service-group] Rebootstrapping with [localhost/127.0.0.1:9092]
2026-06-15 20:43:56.174 [KafkaConsumerDestination{consumerDestinationName='order-events', partitions=0, dlqName='null'}.container-0-C-1] INFO  org.apache.kafka.clients.Metadata trace=,span= - [Consumer clientId=notification-service-0, groupId=notification-service-group] Rebootstrapping with [localhost/127.0.0.1:9092]
2026-06-15 20:43:56.183 [KafkaConsumerDestination{consumerDestinationName='order-events', partitions=0, dlqName='null'}.container-0-C-1] INFO  o.apache.kafka.clients.NetworkClient trace=,span= - [Consumer clientId=notification-service-0, groupId=notification-service-group] Node 1 disconnected.
2026-06-15 20:43:56.183 [KafkaConsumerDestination{consumerDestinationName='order-events', partitions=0, dlqName='null'}.container-0-C-1] WARN  o.apache.kafka.clients.NetworkClient trace=,span= - [Consumer clientId=notification-service-0, groupId=notification-service-group] Connection to node 1 (localhost/127.0.0.1:9092) could not be established. Node may not be available.
2026-06-15 20:43:56.184 [KafkaConsumerDestination{consumerDestinationName='order-events', partitions=0, dlqName='null'}.container-0-C-1] INFO  o.a.k.clients.FetchSessionHandler trace=,span= - [Consumer clientId=notification-service-0, groupId=notification-service-group] Error sending fetch request (sessionId=829400176, epoch=INITIAL) to node 1:
org.apache.kafka.common.errors.DisconnectException
2026-06-15 20:43:57.185 [KafkaConsumerDestination{consumerDestinationName='order-events', partitions=0, dlqName='null'}.container-0-C-1] INFO  o.apache.kafka.clients.NetworkClient trace=,span= - [Consumer clientId=notification-service-0, groupId=notification-service-group] Node -1 disconnected.
2026-06-15 20:43:57.186 [KafkaConsumerDestination{consumerDestinationName='order-events', partitions=0, dlqName='null'}.container-0-C-1] WARN  o.apache.kafka.clients.NetworkClient trace=,span= - [Consumer clientId=notification-service-0, groupId=notification-service-group] Connection to node -1 (localhost/127.0.0.1:9092) could not be established. Node may not be available.
2026-06-15 20:43:57.187 [KafkaConsumerDestination{consumerDestinationName='order-events', partitions=0, dlqName='null'}.container-0-C-1] WARN  o.apache.kafka.clients.NetworkClient trace=,span= - [Consumer clientId=notification-service-0, groupId=notification-service-group] Bootstrap broker localhost:9092 (id: -1 rack: null isFenced: false) disconnected
2026-06-15 20:43:58.188 [KafkaConsumerDestination{consumerDestinationName='order-events', partitions=0, dlqName='null'}.container-0-C-1] INFO  o.apache.kafka.clients.NetworkClient trace=,span= - [Consumer clientId=notification-service-0, groupId=notification-service-group] Node -1 disconnected.
2026-06-15 20:43:58.189 [KafkaConsumerDestination{consumerDestinationName='order-events', partitions=0, dlqName='null'}.container-0-C-1] WARN  o.apache.kafka.clients.NetworkClient trace=,span= - [Consumer clientId=notification-service-0, groupId=notification-service-group] Connection to node -1 (localhost/127.0.0.1:9092) could not be established. Node may not be available.
2026-06-15 20:43:58.189 [KafkaConsumerDestination{consumerDestinationName='order-events', partitions=0, dlqName='null'}.container-0-C-1] WARN  o.apache.kafka.clients.NetworkClient trace=,span= - [Consumer clientId=notification-service-0, groupId=notification-service-group] Bootstrap broker localhost:9092 (id: -1 rack: null isFenced: false) disconnected
2026-06-15 20:43:59.190 [KafkaConsumerDestination{consumerDestinationName='order-events', partitions=0, dlqName='null'}.container-0-C-1] INFO  o.apache.kafka.clients.NetworkClient trace=,span= - [Consumer clientId=notification-service-0, groupId=notification-service-group] Node -1 disconnected.
2026-06-15 20:43:59.193 [KafkaConsumerDestination{consumerDestinationName='order-events', partitions=0, dlqName='null'}.container-0-C-1] WARN  o.apache.kafka.clients.NetworkClient trace=,span= - [Consumer clientId=notification-service-0, groupId=notification-service-group] Connection to node -1 (localhost/127.0.0.1:9092) could not be established. Node may not be available.
2026-06-15 20:43:59.193 [KafkaConsumerDestination{consumerDestinationName='order-events', partitions=0, dlqName='null'}.container-0-C-1] WARN  o.apache.kafka.clients.NetworkClient trace=,span= - [Consumer clientId=notification-service-0, groupId=notification-service-group] Bootstrap broker localhost:9092 (id: -1 rack: null isFenced: false) disconnected
2026-06-15 20:44:00.202 [KafkaConsumerDestination{consumerDestinationName='order-events', partitions=0, dlqName='null'}.container-0-C-1] INFO  o.apache.kafka.clients.NetworkClient trace=,span= - [Consumer clientId=notification-service-0, groupId=notification-service-group] Node -1 disconnected.
2026-06-15 20:44:00.203 [KafkaConsumerDestination{consumerDestinationName='order-events', partitions=0, dlqName='null'}.container-0-C-1] WARN  o.apache.kafka.clients.NetworkClient trace=,span= - [Consumer clientId=notification-service-0, groupId=notification-service-group] Connection to node -1 (localhost/127.0.0.1:9092) could not be established. Node may not be available.
2026-06-15 20:44:00.203 [KafkaConsumerDestination{consumerDestinationName='order-events', partitions=0, dlqName='null'}.container-0-C-1] WARN  o.apache.kafka.clients.NetworkClient trace=,span= - [Consumer clientId=notification-service-0, groupId=notification-service-group] Bootstrap broker localhost:9092 (id: -1 rack: null isFenced: false) disconnected
2026-06-15 20:44:01.188 [kafka-coordinator-heartbeat-thread | notification-service-group] INFO  o.apache.kafka.clients.NetworkClient trace=,span= - [Consumer clientId=notification-service-0, groupId=notification-service-group] Node -1 disconnected.
2026-06-15 20:44:01.188 [kafka-coordinator-heartbeat-thread | notification-service-group] WARN  o.apache.kafka.clients.NetworkClient trace=,span= - [Consumer clientId=notification-service-0, groupId=notification-service-group] Connection to node -1 (localhost/127.0.0.1:9092) could not be established. Node may not be available.
2026-06-15 20:44:01.188 [kafka-coordinator-heartbeat-thread | notification-service-group] WARN  o.apache.kafka.clients.NetworkClient trace=,span= - [Consumer clientId=notification-service-0, groupId=notification-service-group] Bootstrap broker localhost:9092 (id: -1 rack: null isFenced: false) disconnected
2026-06-15 20:44:01.189 [KafkaConsumerDestination{consumerDestinationName='order-events', partitions=0, dlqName='null'}.container-0-C-1] INFO  org.apache.kafka.clients.Metadata trace=,span= - [Consumer clientId=notification-service-0, groupId=notification-service-group] Rebootstrapping with [localhost/127.0.0.1:9092]
2026-06-15 20:44:01.190 [KafkaConsumerDestination{consumerDestinationName='order-events', partitions=0, dlqName='null'}.container-0-C-1] INFO  o.apache.kafka.clients.NetworkClient trace=,span= - [Consumer clientId=notification-service-0, groupId=notification-service-group] Node 1 disconnected.
2026-06-15 20:44:01.190 [KafkaConsumerDestination{consumerDestinationName='order-events', partitions=0, dlqName='null'}.container-0-C-1] WARN  o.apache.kafka.clients.NetworkClient trace=,span= - [Consumer clientId=notification-service-0, groupId=notification-service-group] Connection to node 1 (localhost/127.0.0.1:9092) could not be established. Node may not be available.
2026-06-15 20:44:01.190 [KafkaConsumerDestination{consumerDestinationName='order-events', partitions=0, dlqName='null'}.container-0-C-1] INFO  o.a.k.clients.FetchSessionHandler trace=,span= - [Consumer clientId=notification-service-0, groupId=notification-service-group] Error sending fetch request (sessionId=829400176, epoch=INITIAL) to node 1:
org.apache.kafka.common.errors.DisconnectException
2026-06-15 20:44:02.195 [KafkaConsumerDestination{consumerDestinationName='order-events', partitions=0, dlqName='null'}.container-0-C-1] INFO  o.apache.kafka.clients.NetworkClient trace=,span= - [Consumer clientId=notification-service-0, groupId=notification-service-group] Node -1 disconnected.
2026-06-15 20:44:02.196 [KafkaConsumerDestination{consumerDestinationName='order-events', partitions=0, dlqName='null'}.container-0-C-1] WARN  o.apache.kafka.clients.NetworkClient trace=,span= - [Consumer clientId=notification-service-0, groupId=notification-service-group] Connection to node -1 (localhost/127.0.0.1:9092) could not be established. Node may not be available.
2026-06-15 20:44:02.196 [KafkaConsumerDestination{consumerDestinationName='order-events', partitions=0, dlqName='null'}.container-0-C-1] WARN  o.apache.kafka.clients.NetworkClient trace=,span= - [Consumer clientId=notification-service-0, groupId=notification-service-group] Bootstrap broker localhost:9092 (id: -1 rack: null isFenced: false) disconnected
2026-06-15 20:44:03.114 [KafkaConsumerDestination{consumerDestinationName='order-events', partitions=0, dlqName='null'}.container-0-C-1] INFO  org.apache.kafka.clients.Metadata trace=,span= - [Consumer clientId=notification-service-0, groupId=notification-service-group] Rebootstrapping with [localhost/127.0.0.1:9092]
2026-06-15 20:44:03.402 [KafkaConsumerDestination{consumerDestinationName='order-events', partitions=0, dlqName='null'}.container-0-C-1] INFO  o.apache.kafka.clients.NetworkClient trace=,span= - [Consumer clientId=notification-service-0, groupId=notification-service-group] Node -1 disconnected.
2026-06-15 20:44:03.402 [KafkaConsumerDestination{consumerDestinationName='order-events', partitions=0, dlqName='null'}.container-0-C-1] WARN  o.apache.kafka.clients.NetworkClient trace=,span= - [Consumer clientId=notification-service-0, groupId=notification-service-group] Connection to node -1 (localhost/127.0.0.1:9092) could not be established. Node may not be available.
2026-06-15 20:44:03.402 [KafkaConsumerDestination{consumerDestinationName='order-events', partitions=0, dlqName='null'}.container-0-C-1] WARN  o.apache.kafka.clients.NetworkClient trace=,span= - [Consumer clientId=notification-service-0, groupId=notification-service-group] Bootstrap broker localhost:9092 (id: -1 rack: null isFenced: false) disconnected
2026-06-15 20:44:04.406 [KafkaConsumerDestination{consumerDestinationName='order-events', partitions=0, dlqName='null'}.container-0-C-1] INFO  o.apache.kafka.clients.NetworkClient trace=,span= - [Consumer clientId=notification-service-0, groupId=notification-service-group] Node -1 disconnected.
2026-06-15 20:44:04.407 [KafkaConsumerDestination{consumerDestinationName='order-events', partitions=0, dlqName='null'}.container-0-C-1] WARN  o.apache.kafka.clients.NetworkClient trace=,span= - [Consumer clientId=notification-service-0, groupId=notification-service-group] Connection to node -1 (localhost/127.0.0.1:9092) could not be established. Node may not be available.
2026-06-15 20:44:04.407 [KafkaConsumerDestination{consumerDestinationName='order-events', partitions=0, dlqName='null'}.container-0-C-1] WARN  o.apache.kafka.clients.NetworkClient trace=,span= - [Consumer clientId=notification-service-0, groupId=notification-service-group] Bootstrap broker localhost:9092 (id: -1 rack: null isFenced: false) disconnected
2026-06-15 20:44:05.411 [KafkaConsumerDestination{consumerDestinationName='order-events', partitions=0, dlqName='null'}.container-0-C-1] INFO  o.apache.kafka.clients.NetworkClient trace=,span= - [Consumer clientId=notification-service-0, groupId=notification-service-group] Node -1 disconnected.
2026-06-15 20:44:05.411 [KafkaConsumerDestination{consumerDestinationName='order-events', partitions=0, dlqName='null'}.container-0-C-1] WARN  o.apache.kafka.clients.NetworkClient trace=,span= - [Consumer clientId=notification-service-0, groupId=notification-service-group] Connection to node -1 (localhost/127.0.0.1:9092) could not be established. Node may not be available.
2026-06-15 20:44:05.414 [KafkaConsumerDestination{consumerDestinationName='order-events', partitions=0, dlqName='null'}.container-0-C-1] WARN  o.apache.kafka.clients.NetworkClient trace=,span= - [Consumer clientId=notification-service-0, groupId=notification-service-group] Bootstrap broker localhost:9092 (id: -1 rack: null isFenced: false) disconnected
2026-06-15 20:44:06.193 [KafkaConsumerDestination{consumerDestinationName='order-events', partitions=0, dlqName='null'}.container-0-C-1] INFO  o.apache.kafka.clients.NetworkClient trace=,span= - [Consumer clientId=notification-service-0, groupId=notification-service-group] Node 1 disconnected.
2026-06-15 20:44:06.194 [KafkaConsumerDestination{consumerDestinationName='order-events', partitions=0, dlqName='null'}.container-0-C-1] WARN  o.apache.kafka.clients.NetworkClient trace=,span= - [Consumer clientId=notification-service-0, groupId=notification-service-group] Connection to node 1 (localhost/127.0.0.1:9092) could not be established. Node may not be available.
2026-06-15 20:44:06.194 [KafkaConsumerDestination{consumerDestinationName='order-events', partitions=0, dlqName='null'}.container-0-C-1] INFO  o.a.k.clients.FetchSessionHandler trace=,span= - [Consumer clientId=notification-service-0, groupId=notification-service-group] Error sending fetch request (sessionId=829400176, epoch=INITIAL) to node 1:
org.apache.kafka.common.errors.DisconnectException
2026-06-15 20:44:06.411 [KafkaConsumerDestination{consumerDestinationName='order-events', partitions=0, dlqName='null'}.container-0-C-1] INFO  o.apache.kafka.clients.NetworkClient trace=,span= - [Consumer clientId=notification-service-0, groupId=notification-service-group] Node -1 disconnected.
2026-06-15 20:44:06.412 [KafkaConsumerDestination{consumerDestinationName='order-events', partitions=0, dlqName='null'}.container-0-C-1] WARN  o.apache.kafka.clients.NetworkClient trace=,span= - [Consumer clientId=notification-service-0, groupId=notification-service-group] Connection to node -1 (localhost/127.0.0.1:9092) could not be established. Node may not be available.
2026-06-15 20:44:06.414 [KafkaConsumerDestination{consumerDestinationName='order-events', partitions=0, dlqName='null'}.container-0-C-1] WARN  o.apache.kafka.clients.NetworkClient trace=,span= - [Consumer clientId=notification-service-0, groupId=notification-service-group] Bootstrap broker localhost:9092 (id: -1 rack: null isFenced: false) disconnected
2026-06-15 20:44:07.416 [KafkaConsumerDestination{consumerDestinationName='order-events', partitions=0, dlqName='null'}.container-0-C-1] INFO  o.apache.kafka.clients.NetworkClient trace=,span= - [Consumer clientId=notification-service-0, groupId=notification-service-group] Node -1 disconnected.
2026-06-15 20:44:07.417 [KafkaConsumerDestination{consumerDestinationName='order-events', partitions=0, dlqName='null'}.container-0-C-1] WARN  o.apache.kafka.clients.NetworkClient trace=,span= - [Consumer clientId=notification-service-0, groupId=notification-service-group] Connection to node -1 (localhost/127.0.0.1:9092) could not be established. Node may not be available.
2026-06-15 20:44:07.422 [KafkaConsumerDestination{consumerDestinationName='order-events', partitions=0, dlqName='null'}.container-0-C-1] WARN  o.apache.kafka.clients.NetworkClient trace=,span= - [Consumer clientId=notification-service-0, groupId=notification-service-group] Bootstrap broker localhost:9092 (id: -1 rack: null isFenced: false) disconnected
2026-06-15 20:44:08.422 [KafkaConsumerDestination{consumerDestinationName='order-events', partitions=0, dlqName='null'}.container-0-C-1] INFO  o.apache.kafka.clients.NetworkClient trace=,span= - [Consumer clientId=notification-service-0, groupId=notification-service-group] Node -1 disconnected.
2026-06-15 20:44:08.423 [KafkaConsumerDestination{consumerDestinationName='order-events', partitions=0, dlqName='null'}.container-0-C-1] WARN  o.apache.kafka.clients.NetworkClient trace=,span= - [Consumer clientId=notification-service-0, groupId=notification-service-group] Connection to node -1 (localhost/127.0.0.1:9092) could not be established. Node may not be available.
2026-06-15 20:44:08.424 [KafkaConsumerDestination{consumerDestinationName='order-events', partitions=0, dlqName='null'}.container-0-C-1] WARN  o.apache.kafka.clients.NetworkClient trace=,span= - [Consumer clientId=notification-service-0, groupId=notification-service-group] Bootstrap broker localhost:9092 (id: -1 rack: null isFenced: false) disconnected
2026-06-15 20:44:09.338 [KafkaConsumerDestination{consumerDestinationName='order-events', partitions=0, dlqName='null'}.container-0-C-1] INFO  org.apache.kafka.clients.Metadata trace=,span= - [Consumer clientId=notification-service-0, groupId=notification-service-group] Rebootstrapping with [localhost/127.0.0.1:9092]
2026-06-15 20:44:09.394 [KafkaConsumerDestination{consumerDestinationName='order-events', partitions=0, dlqName='null'}.container-0-C-1] INFO  org.apache.kafka.clients.Metadata trace=,span= - [Consumer clientId=notification-service-0, groupId=notification-service-group] Rebootstrapping with [localhost/127.0.0.1:9092]
2026-06-15 20:44:09.635 [KafkaConsumerDestination{consumerDestinationName='order-events', partitions=0, dlqName='null'}.container-0-C-1] INFO  o.apache.kafka.clients.NetworkClient trace=,span= - [Consumer clientId=notification-service-0, groupId=notification-service-group] Node -1 disconnected.
2026-06-15 20:44:09.636 [KafkaConsumerDestination{consumerDestinationName='order-events', partitions=0, dlqName='null'}.container-0-C-1] WARN  o.apache.kafka.clients.NetworkClient trace=,span= - [Consumer clientId=notification-service-0, groupId=notification-service-group] Connection to node -1 (localhost/127.0.0.1:9092) could not be established. Node may not be available.
2026-06-15 20:44:09.636 [KafkaConsumerDestination{consumerDestinationName='order-events', partitions=0, dlqName='null'}.container-0-C-1] WARN  o.apache.kafka.clients.NetworkClient trace=,span= - [Consumer clientId=notification-service-0, groupId=notification-service-group] Bootstrap broker localhost:9092 (id: -1 rack: null isFenced: false) disconnected
2026-06-15 20:44:10.640 [KafkaConsumerDestination{consumerDestinationName='order-events', partitions=0, dlqName='null'}.container-0-C-1] INFO  o.apache.kafka.clients.NetworkClient trace=,span= - [Consumer clientId=notification-service-0, groupId=notification-service-group] Node -1 disconnected.
2026-06-15 20:44:10.641 [KafkaConsumerDestination{consumerDestinationName='order-events', partitions=0, dlqName='null'}.container-0-C-1] WARN  o.apache.kafka.clients.NetworkClient trace=,span= - [Consumer clientId=notification-service-0, groupId=notification-service-group] Connection to node -1 (localhost/127.0.0.1:9092) could not be established. Node may not be available.
2026-06-15 20:44:10.642 [KafkaConsumerDestination{consumerDestinationName='order-events', partitions=0, dlqName='null'}.container-0-C-1] WARN  o.apache.kafka.clients.NetworkClient trace=,span= - [Consumer clientId=notification-service-0, groupId=notification-service-group] Bootstrap broker localhost:9092 (id: -1 rack: null isFenced: false) disconnected
2026-06-15 20:44:11.201 [KafkaConsumerDestination{consumerDestinationName='order-events', partitions=0, dlqName='null'}.container-0-C-1] INFO  o.apache.kafka.clients.NetworkClient trace=,span= - [Consumer clientId=notification-service-0, groupId=notification-service-group] Node 1 disconnected.
2026-06-15 20:44:11.202 [KafkaConsumerDestination{consumerDestinationName='order-events', partitions=0, dlqName='null'}.container-0-C-1] WARN  o.apache.kafka.clients.NetworkClient trace=,span= - [Consumer clientId=notification-service-0, groupId=notification-service-group] Connection to node 1 (localhost/127.0.0.1:9092) could not be established. Node may not be available.
2026-06-15 20:44:11.202 [KafkaConsumerDestination{consumerDestinationName='order-events', partitions=0, dlqName='null'}.container-0-C-1] INFO  o.a.k.clients.FetchSessionHandler trace=,span= - [Consumer clientId=notification-service-0, groupId=notification-service-group] Error sending fetch request (sessionId=829400176, epoch=INITIAL) to node 1:
org.apache.kafka.common.errors.DisconnectException
2026-06-15 20:44:11.509 [KafkaConsumerDestination{consumerDestinationName='order-events', partitions=0, dlqName='null'}.container-0-C-1] INFO  org.apache.kafka.clients.Metadata trace=,span= - [Consumer clientId=notification-service-0, groupId=notification-service-group] Rebootstrapping with [localhost/127.0.0.1:9092]
2026-06-15 20:44:11.564 [KafkaConsumerDestination{consumerDestinationName='order-events', partitions=0, dlqName='null'}.container-0-C-1] INFO  org.apache.kafka.clients.Metadata trace=,span= - [Consumer clientId=notification-service-0, groupId=notification-service-group] Rebootstrapping with [localhost/127.0.0.1:9092]
2026-06-15 20:44:11.788 [KafkaConsumerDestination{consumerDestinationName='order-events', partitions=0, dlqName='null'}.container-0-C-1] INFO  o.apache.kafka.clients.NetworkClient trace=,span= - [Consumer clientId=notification-service-0, groupId=notification-service-group] Node -1 disconnected.
2026-06-15 20:44:11.789 [KafkaConsumerDestination{consumerDestinationName='order-events', partitions=0, dlqName='null'}.container-0-C-1] WARN  o.apache.kafka.clients.NetworkClient trace=,span= - [Consumer clientId=notification-service-0, groupId=notification-service-group] Connection to node -1 (localhost/127.0.0.1:9092) could not be established. Node may not be available.
2026-06-15 20:44:11.789 [KafkaConsumerDestination{consumerDestinationName='order-events', partitions=0, dlqName='null'}.container-0-C-1] WARN  o.apache.kafka.clients.NetworkClient trace=,span= - [Consumer clientId=notification-service-0, groupId=notification-service-group] Bootstrap broker localhost:9092 (id: -1 rack: null isFenced: false) disconnected
2026-06-15 20:44:12.708 [KafkaConsumerDestination{consumerDestinationName='order-events', partitions=0, dlqName='null'}.container-0-C-1] INFO  org.apache.kafka.clients.Metadata trace=,span= - [Consumer clientId=notification-service-0, groupId=notification-service-group] Rebootstrapping with [localhost/127.0.0.1:9092]
2026-06-15 20:44:13.099 [KafkaConsumerDestination{consumerDestinationName='order-events', partitions=0, dlqName='null'}.container-0-C-1] INFO  o.apache.kafka.clients.NetworkClient trace=,span= - [Consumer clientId=notification-service-0, groupId=notification-service-group] Node -1 disconnected.
2026-06-15 20:44:13.101 [KafkaConsumerDestination{consumerDestinationName='order-events', partitions=0, dlqName='null'}.container-0-C-1] WARN  o.apache.kafka.clients.NetworkClient trace=,span= - [Consumer clientId=notification-service-0, groupId=notification-service-group] Connection to node -1 (localhost/127.0.0.1:9092) could not be established. Node may not be available.
2026-06-15 20:44:13.101 [KafkaConsumerDestination{consumerDestinationName='order-events', partitions=0, dlqName='null'}.container-0-C-1] WARN  o.apache.kafka.clients.NetworkClient trace=,span= - [Consumer clientId=notification-service-0, groupId=notification-service-group] Bootstrap broker localhost:9092 (id: -1 rack: null isFenced: false) disconnected
2026-06-15 20:44:14.038 [KafkaConsumerDestination{consumerDestinationName='order-events', partitions=0, dlqName='null'}.container-0-C-1] INFO  o.apache.kafka.clients.NetworkClient trace=,span= - [Consumer clientId=notification-service-0, groupId=notification-service-group] Node -1 disconnected.
2026-06-15 20:44:14.039 [KafkaConsumerDestination{consumerDestinationName='order-events', partitions=0, dlqName='null'}.container-0-C-1] WARN  o.apache.kafka.clients.NetworkClient trace=,span= - [Consumer clientId=notification-service-0, groupId=notification-service-group] Connection to node -1 (localhost/127.0.0.1:9092) could not be established. Node may not be available.
2026-06-15 20:44:14.039 [KafkaConsumerDestination{consumerDestinationName='order-events', partitions=0, dlqName='null'}.container-0-C-1] WARN  o.apache.kafka.clients.NetworkClient trace=,span= - [Consumer clientId=notification-service-0, groupId=notification-service-group] Bootstrap broker localhost:9092 (id: -1 rack: null isFenced: false) disconnected
2026-06-15 20:44:14.102 [KafkaConsumerDestination{consumerDestinationName='order-events', partitions=0, dlqName='null'}.container-0-C-1] INFO  org.apache.kafka.clients.Metadata trace=,span= - [Consumer clientId=notification-service-0, groupId=notification-service-group] Rebootstrapping with [localhost/127.0.0.1:9092]
2026-06-15 20:44:14.163 [KafkaConsumerDestination{consumerDestinationName='order-events', partitions=0, dlqName='null'}.container-0-C-1] INFO  org.apache.kafka.clients.Metadata trace=,span= - [Consumer clientId=notification-service-0, groupId=notification-service-group] Rebootstrapping with [localhost/127.0.0.1:9092]
2026-06-15 20:44:14.845 [KafkaConsumerDestination{consumerDestinationName='order-events', partitions=0, dlqName='null'}.container-0-C-1] INFO  org.apache.kafka.clients.Metadata trace=,span= - [Consumer clientId=notification-service-0, groupId=notification-service-group] Rebootstrapping with [localhost/127.0.0.1:9092]
2026-06-15 20:44:14.911 [KafkaConsumerDestination{consumerDestinationName='order-events', partitions=0, dlqName='null'}.container-0-C-1] INFO  org.apache.kafka.clients.Metadata trace=,span= - [Consumer clientId=notification-service-0, groupId=notification-service-group] Rebootstrapping with [localhost/127.0.0.1:9092]
2026-06-15 20:44:15.917 [KafkaConsumerDestination{consumerDestinationName='order-events', partitions=0, dlqName='null'}.container-0-C-1] INFO  o.apache.kafka.clients.NetworkClient trace=,span= - [Consumer clientId=notification-service-0, groupId=notification-service-group] Node -1 disconnected.
2026-06-15 20:44:15.918 [KafkaConsumerDestination{consumerDestinationName='order-events', partitions=0, dlqName='null'}.container-0-C-1] WARN  o.apache.kafka.clients.NetworkClient trace=,span= - [Consumer clientId=notification-service-0, groupId=notification-service-group] Connection to node -1 (localhost/127.0.0.1:9092) could not be established. Node may not be available.
2026-06-15 20:44:15.918 [KafkaConsumerDestination{consumerDestinationName='order-events', partitions=0, dlqName='null'}.container-0-C-1] WARN  o.apache.kafka.clients.NetworkClient trace=,span= - [Consumer clientId=notification-service-0, groupId=notification-service-group] Bootstrap broker localhost:9092 (id: -1 rack: null isFenced: false) disconnected
2026-06-15 20:44:16.208 [kafka-coordinator-heartbeat-thread | notification-service-group] INFO  o.a.k.clients.FetchSessionHandler trace=,span= - [Consumer clientId=notification-service-0, groupId=notification-service-group] Error sending fetch request (sessionId=829400176, epoch=INITIAL) to node 1:
org.apache.kafka.common.errors.DisconnectException
2026-06-15 20:44:16.919 [KafkaConsumerDestination{consumerDestinationName='order-events', partitions=0, dlqName='null'}.container-0-C-1] INFO  o.apache.kafka.clients.NetworkClient trace=,span= - [Consumer clientId=notification-service-0, groupId=notification-service-group] Node -1 disconnected.
2026-06-15 20:44:16.920 [KafkaConsumerDestination{consumerDestinationName='order-events', partitions=0, dlqName='null'}.container-0-C-1] WARN  o.apache.kafka.clients.NetworkClient trace=,span= - [Consumer clientId=notification-service-0, groupId=notification-service-group] Connection to node -1 (localhost/127.0.0.1:9092) could not be established. Node may not be available.
2026-06-15 20:44:16.921 [KafkaConsumerDestination{consumerDestinationName='order-events', partitions=0, dlqName='null'}.container-0-C-1] WARN  o.apache.kafka.clients.NetworkClient trace=,span= - [Consumer clientId=notification-service-0, groupId=notification-service-group] Bootstrap broker localhost:9092 (id: -1 rack: null isFenced: false) disconnected
2026-06-15 20:44:17.918 [KafkaConsumerDestination{consumerDestinationName='order-events', partitions=0, dlqName='null'}.container-0-C-1] INFO  o.apache.kafka.clients.NetworkClient trace=,span= - [Consumer clientId=notification-service-0, groupId=notification-service-group] Node -1 disconnected.
2026-06-15 20:44:17.919 [KafkaConsumerDestination{consumerDestinationName='order-events', partitions=0, dlqName='null'}.container-0-C-1] WARN  o.apache.kafka.clients.NetworkClient trace=,span= - [Consumer clientId=notification-service-0, groupId=notification-service-group] Connection to node -1 (localhost/127.0.0.1:9092) could not be established. Node may not be available.
2026-06-15 20:44:17.921 [KafkaConsumerDestination{consumerDestinationName='order-events', partitions=0, dlqName='null'}.container-0-C-1] WARN  o.apache.kafka.clients.NetworkClient trace=,span= - [Consumer clientId=notification-service-0, groupId=notification-service-group] Bootstrap broker localhost:9092 (id: -1 rack: null isFenced: false) disconnected
2026-06-15 20:44:17.922 [KafkaConsumerDestination{consumerDestinationName='order-events', partitions=0, dlqName='null'}.container-0-C-1] INFO  org.apache.kafka.clients.Metadata trace=,span= - [Consumer clientId=notification-service-0, groupId=notification-service-group] Rebootstrapping with [localhost/127.0.0.1:9092]
2026-06-15 20:44:17.973 [KafkaConsumerDestination{consumerDestinationName='order-events', partitions=0, dlqName='null'}.container-0-C-1] INFO  org.apache.kafka.clients.Metadata trace=,span= - [Consumer clientId=notification-service-0, groupId=notification-service-group] Rebootstrapping with [localhost/127.0.0.1:9092]
2026-06-15 20:44:18.162 [KafkaConsumerDestination{consumerDestinationName='order-events', partitions=0, dlqName='null'}.container-0-C-1] INFO  org.apache.kafka.clients.Metadata trace=,span= - [Consumer clientId=notification-service-0, groupId=notification-service-group] Rebootstrapping with [localhost/127.0.0.1:9092]
2026-06-15 20:44:18.214 [KafkaConsumerDestination{consumerDestinationName='order-events', partitions=0, dlqName='null'}.container-0-C-1] INFO  org.apache.kafka.clients.Metadata trace=,span= - [Consumer clientId=notification-service-0, groupId=notification-service-group] Rebootstrapping with [localhost/127.0.0.1:9092]
2026-06-15 20:44:18.592 [KafkaConsumerDestination{consumerDestinationName='order-events', partitions=0, dlqName='null'}.container-0-C-1] INFO  org.apache.kafka.clients.Metadata trace=,span= - [Consumer clientId=notification-service-0, groupId=notification-service-group] Rebootstrapping with [localhost/127.0.0.1:9092]
2026-06-15 20:44:18.650 [KafkaConsumerDestination{consumerDestinationName='order-events', partitions=0, dlqName='null'}.container-0-C-1] INFO  org.apache.kafka.clients.Metadata trace=,span= - [Consumer clientId=notification-service-0, groupId=notification-service-group] Rebootstrapping with [localhost/127.0.0.1:9092]
2026-06-15 20:44:19.321 [KafkaConsumerDestination{consumerDestinationName='order-events', partitions=0, dlqName='null'}.container-0-C-1] INFO  o.apache.kafka.clients.NetworkClient trace=,span= - [Consumer clientId=notification-service-0, groupId=notification-service-group] Node -1 disconnected.
2026-06-15 20:44:19.322 [KafkaConsumerDestination{consumerDestinationName='order-events', partitions=0, dlqName='null'}.container-0-C-1] WARN  o.apache.kafka.clients.NetworkClient trace=,span= - [Consumer clientId=notification-service-0, groupId=notification-service-group] Connection to node -1 (localhost/127.0.0.1:9092) could not be established. Node may not be available.
2026-06-15 20:44:19.323 [KafkaConsumerDestination{consumerDestinationName='order-events', partitions=0, dlqName='null'}.container-0-C-1] WARN  o.apache.kafka.clients.NetworkClient trace=,span= - [Consumer clientId=notification-service-0, groupId=notification-service-group] Bootstrap broker localhost:9092 (id: -1 rack: null isFenced: false) disconnected
2026-06-15 20:44:20.239 [KafkaConsumerDestination{consumerDestinationName='order-events', partitions=0, dlqName='null'}.container-0-C-1] INFO  o.apache.kafka.clients.NetworkClient trace=,span= - [Consumer clientId=notification-service-0, groupId=notification-service-group] Node -1 disconnected.
2026-06-15 20:44:20.241 [KafkaConsumerDestination{consumerDestinationName='order-events', partitions=0, dlqName='null'}.container-0-C-1] WARN  o.apache.kafka.clients.NetworkClient trace=,span= - [Consumer clientId=notification-service-0, groupId=notification-service-group] Connection to node -1 (localhost/127.0.0.1:9092) could not be established. Node may not be available.
2026-06-15 20:44:20.242 [KafkaConsumerDestination{consumerDestinationName='order-events', partitions=0, dlqName='null'}.container-0-C-1] WARN  o.apache.kafka.clients.NetworkClient trace=,span= - [Consumer clientId=notification-service-0, groupId=notification-service-group] Bootstrap broker localhost:9092 (id: -1 rack: null isFenced: false) disconnected
2026-06-15 20:44:21.206 [KafkaConsumerDestination{consumerDestinationName='order-events', partitions=0, dlqName='null'}.container-0-C-1] INFO  org.apache.kafka.clients.Metadata trace=,span= - [Consumer clientId=notification-service-0, groupId=notification-service-group] Rebootstrapping with [localhost/127.0.0.1:9092]
2026-06-15 20:44:21.212 [kafka-coordinator-heartbeat-thread | notification-service-group] INFO  org.apache.kafka.clients.Metadata trace=,span= - [Consumer clientId=notification-service-0, groupId=notification-service-group] Rebootstrapping with [localhost/127.0.0.1:9092]
2026-06-15 20:44:21.216 [KafkaConsumerDestination{consumerDestinationName='order-events', partitions=0, dlqName='null'}.container-0-C-1] INFO  org.apache.kafka.clients.Metadata trace=,span= - [Consumer clientId=notification-service-0, groupId=notification-service-group] Rebootstrapping with [localhost/127.0.0.1:9092]
2026-06-15 20:44:21.217 [KafkaConsumerDestination{consumerDestinationName='order-events', partitions=0, dlqName='null'}.container-0-C-1] INFO  o.apache.kafka.clients.NetworkClient trace=,span= - [Consumer clientId=notification-service-0, groupId=notification-service-group] Node 1 disconnected.
2026-06-15 20:44:21.217 [KafkaConsumerDestination{consumerDestinationName='order-events', partitions=0, dlqName='null'}.container-0-C-1] WARN  o.apache.kafka.clients.NetworkClient trace=,span= - [Consumer clientId=notification-service-0, groupId=notification-service-group] Connection to node 1 (localhost/127.0.0.1:9092) could not be established. Node may not be available.
2026-06-15 20:44:21.218 [KafkaConsumerDestination{consumerDestinationName='order-events', partitions=0, dlqName='null'}.container-0-C-1] INFO  o.a.k.clients.FetchSessionHandler trace=,span= - [Consumer clientId=notification-service-0, groupId=notification-service-group] Error sending fetch request (sessionId=829400176, epoch=INITIAL) to node 1:
org.apache.kafka.common.errors.DisconnectException
2026-06-15 20:44:22.225 [KafkaConsumerDestination{consumerDestinationName='order-events', partitions=0, dlqName='null'}.container-0-C-1] INFO  o.apache.kafka.clients.NetworkClient trace=,span= - [Consumer clientId=notification-service-0, groupId=notification-service-group] Node -1 disconnected.
2026-06-15 20:44:22.226 [KafkaConsumerDestination{consumerDestinationName='order-events', partitions=0, dlqName='null'}.container-0-C-1] WARN  o.apache.kafka.clients.NetworkClient trace=,span= - [Consumer clientId=notification-service-0, groupId=notification-service-group] Connection to node -1 (localhost/127.0.0.1:9092) could not be established. Node may not be available.
2026-06-15 20:44:22.227 [KafkaConsumerDestination{consumerDestinationName='order-events', partitions=0, dlqName='null'}.container-0-C-1] WARN  o.apache.kafka.clients.NetworkClient trace=,span= - [Consumer clientId=notification-service-0, groupId=notification-service-group] Bootstrap broker localhost:9092 (id: -1 rack: null isFenced: false) disconnected
2026-06-15 20:44:23.232 [KafkaConsumerDestination{consumerDestinationName='order-events', partitions=0, dlqName='null'}.container-0-C-1] INFO  o.apache.kafka.clients.NetworkClient trace=,span= - [Consumer clientId=notification-service-0, groupId=notification-service-group] Node -1 disconnected.
2026-06-15 20:44:23.236 [KafkaConsumerDestination{consumerDestinationName='order-events', partitions=0, dlqName='null'}.container-0-C-1] WARN  o.apache.kafka.clients.NetworkClient trace=,span= - [Consumer clientId=notification-service-0, groupId=notification-service-group] Connection to node -1 (localhost/127.0.0.1:9092) could not be established. Node may not be available.
2026-06-15 20:44:23.237 [KafkaConsumerDestination{consumerDestinationName='order-events', partitions=0, dlqName='null'}.container-0-C-1] WARN  o.apache.kafka.clients.NetworkClient trace=,span= - [Consumer clientId=notification-service-0, groupId=notification-service-group] Bootstrap broker localhost:9092 (id: -1 rack: null isFenced: false) disconnected
2026-06-15 20:44:24.070 [KafkaConsumerDestination{consumerDestinationName='order-events', partitions=0, dlqName='null'}.container-0-C-1] INFO  org.apache.kafka.clients.Metadata trace=,span= - [Consumer clientId=notification-service-0, groupId=notification-service-group] Rebootstrapping with [localhost/127.0.0.1:9092]
2026-06-15 20:44:24.344 [KafkaConsumerDestination{consumerDestinationName='order-events', partitions=0, dlqName='null'}.container-0-C-1] INFO  o.apache.kafka.clients.NetworkClient trace=,span= - [Consumer clientId=notification-service-0, groupId=notification-service-group] Node -1 disconnected.
2026-06-15 20:44:24.344 [KafkaConsumerDestination{consumerDestinationName='order-events', partitions=0, dlqName='null'}.container-0-C-1] WARN  o.apache.kafka.clients.NetworkClient trace=,span= - [Consumer clientId=notification-service-0, groupId=notification-service-group] Connection to node -1 (localhost/127.0.0.1:9092) could not be established. Node may not be available.
2026-06-15 20:44:24.345 [KafkaConsumerDestination{consumerDestinationName='order-events', partitions=0, dlqName='null'}.container-0-C-1] WARN  o.apache.kafka.clients.NetworkClient trace=,span= - [Consumer clientId=notification-service-0, groupId=notification-service-group] Bootstrap broker localhost:9092 (id: -1 rack: null isFenced: false) disconnected
2026-06-15 20:44:25.348 [KafkaConsumerDestination{consumerDestinationName='order-events', partitions=0, dlqName='null'}.container-0-C-1] INFO  o.apache.kafka.clients.NetworkClient trace=,span= - [Consumer clientId=notification-service-0, groupId=notification-service-group] Node -1 disconnected.
2026-06-15 20:44:25.350 [KafkaConsumerDestination{consumerDestinationName='order-events', partitions=0, dlqName='null'}.container-0-C-1] WARN  o.apache.kafka.clients.NetworkClient trace=,span= - [Consumer clientId=notification-service-0, groupId=notification-service-group] Connection to node -1 (localhost/127.0.0.1:9092) could not be established. Node may not be available.
2026-06-15 20:44:25.351 [KafkaConsumerDestination{consumerDestinationName='order-events', partitions=0, dlqName='null'}.container-0-C-1] WARN  o.apache.kafka.clients.NetworkClient trace=,span= - [Consumer clientId=notification-service-0, groupId=notification-service-group] Bootstrap broker localhost:9092 (id: -1 rack: null isFenced: false) disconnected
2026-06-15 20:44:26.226 [KafkaConsumerDestination{consumerDestinationName='order-events', partitions=0, dlqName='null'}.container-0-C-1] INFO  o.apache.kafka.clients.NetworkClient trace=,span= - [Consumer clientId=notification-service-0, groupId=notification-service-group] Node 1 disconnected.
2026-06-15 20:44:26.228 [KafkaConsumerDestination{consumerDestinationName='order-events', partitions=0, dlqName='null'}.container-0-C-1] WARN  o.apache.kafka.clients.NetworkClient trace=,span= - [Consumer clientId=notification-service-0, groupId=notification-service-group] Connection to node 1 (localhost/127.0.0.1:9092) could not be established. Node may not be available.
2026-06-15 20:44:26.229 [KafkaConsumerDestination{consumerDestinationName='order-events', partitions=0, dlqName='null'}.container-0-C-1] INFO  o.a.k.clients.FetchSessionHandler trace=,span= - [Consumer clientId=notification-service-0, groupId=notification-service-group] Error sending fetch request (sessionId=829400176, epoch=INITIAL) to node 1:
org.apache.kafka.common.errors.DisconnectException
2026-06-15 20:44:26.327 [KafkaConsumerDestination{consumerDestinationName='order-events', partitions=0, dlqName='null'}.container-0-C-1] INFO  o.apache.kafka.clients.NetworkClient trace=,span= - [Consumer clientId=notification-service-0, groupId=notification-service-group] Node -1 disconnected.
2026-06-15 20:44:26.329 [KafkaConsumerDestination{consumerDestinationName='order-events', partitions=0, dlqName='null'}.container-0-C-1] WARN  o.apache.kafka.clients.NetworkClient trace=,span= - [Consumer clientId=notification-service-0, groupId=notification-service-group] Connection to node -1 (localhost/127.0.0.1:9092) could not be established. Node may not be available.
2026-06-15 20:44:26.329 [KafkaConsumerDestination{consumerDestinationName='order-events', partitions=0, dlqName='null'}.container-0-C-1] WARN  o.apache.kafka.clients.NetworkClient trace=,span= - [Consumer clientId=notification-service-0, groupId=notification-service-group] Bootstrap broker localhost:9092 (id: -1 rack: null isFenced: false) disconnected
2026-06-15 20:44:26.335 [KafkaConsumerDestination{consumerDestinationName='order-events', partitions=0, dlqName='null'}.container-0-C-1] INFO  org.apache.kafka.clients.Metadata trace=,span= - [Consumer clientId=notification-service-0, groupId=notification-service-group] Rebootstrapping with [localhost/127.0.0.1:9092]
2026-06-15 20:44:26.387 [KafkaConsumerDestination{consumerDestinationName='order-events', partitions=0, dlqName='null'}.container-0-C-1] INFO  org.apache.kafka.clients.Metadata trace=,span= - [Consumer clientId=notification-service-0, groupId=notification-service-group] Rebootstrapping with [localhost/127.0.0.1:9092]
2026-06-15 20:44:26.571 [KafkaConsumerDestination{consumerDestinationName='order-events', partitions=0, dlqName='null'}.container-0-C-1] INFO  org.apache.kafka.clients.Metadata trace=,span= - [Consumer clientId=notification-service-0, groupId=notification-service-group] Rebootstrapping with [localhost/127.0.0.1:9092]
2026-06-15 20:44:26.624 [KafkaConsumerDestination{consumerDestinationName='order-events', partitions=0, dlqName='null'}.container-0-C-1] INFO  org.apache.kafka.clients.Metadata trace=,span= - [Consumer clientId=notification-service-0, groupId=notification-service-group] Rebootstrapping with [localhost/127.0.0.1:9092]
2026-06-15 20:44:27.042 [KafkaConsumerDestination{consumerDestinationName='order-events', partitions=0, dlqName='null'}.container-0-C-1] INFO  org.apache.kafka.clients.Metadata trace=,span= - [Consumer clientId=notification-service-0, groupId=notification-service-group] Rebootstrapping with [localhost/127.0.0.1:9092]
2026-06-15 20:44:27.095 [KafkaConsumerDestination{consumerDestinationName='order-events', partitions=0, dlqName='null'}.container-0-C-1] INFO  org.apache.kafka.clients.Metadata trace=,span= - [Consumer clientId=notification-service-0, groupId=notification-service-group] Rebootstrapping with [localhost/127.0.0.1:9092]
2026-06-15 20:44:28.029 [KafkaConsumerDestination{consumerDestinationName='order-events', partitions=0, dlqName='null'}.container-0-C-1] INFO  o.apache.kafka.clients.NetworkClient trace=,span= - [Consumer clientId=notification-service-0, groupId=notification-service-group] Node -1 disconnected.
2026-06-15 20:44:28.030 [KafkaConsumerDestination{consumerDestinationName='order-events', partitions=0, dlqName='null'}.container-0-C-1] WARN  o.apache.kafka.clients.NetworkClient trace=,span= - [Consumer clientId=notification-service-0, groupId=notification-service-group] Connection to node -1 (localhost/127.0.0.1:9092) could not be established. Node may not be available.
2026-06-15 20:44:28.031 [KafkaConsumerDestination{consumerDestinationName='order-events', partitions=0, dlqName='null'}.container-0-C-1] WARN  o.apache.kafka.clients.NetworkClient trace=,span= - [Consumer clientId=notification-service-0, groupId=notification-service-group] Bootstrap broker localhost:9092 (id: -1 rack: null isFenced: false) disconnected
2026-06-15 20:44:28.946 [KafkaConsumerDestination{consumerDestinationName='order-events', partitions=0, dlqName='null'}.container-0-C-1] INFO  o.apache.kafka.clients.NetworkClient trace=,span= - [Consumer clientId=notification-service-0, groupId=notification-service-group] Node -1 disconnected.
2026-06-15 20:44:28.948 [KafkaConsumerDestination{consumerDestinationName='order-events', partitions=0, dlqName='null'}.container-0-C-1] WARN  o.apache.kafka.clients.NetworkClient trace=,span= - [Consumer clientId=notification-service-0, groupId=notification-service-group] Connection to node -1 (localhost/127.0.0.1:9092) could not be established. Node may not be available.
2026-06-15 20:44:28.950 [KafkaConsumerDestination{consumerDestinationName='order-events', partitions=0, dlqName='null'}.container-0-C-1] WARN  o.apache.kafka.clients.NetworkClient trace=,span= - [Consumer clientId=notification-service-0, groupId=notification-service-group] Bootstrap broker localhost:9092 (id: -1 rack: null isFenced: false) disconnected
2026-06-15 20:44:28.961 [KafkaConsumerDestination{consumerDestinationName='order-events', partitions=0, dlqName='null'}.container-0-C-1] INFO  org.apache.kafka.clients.Metadata trace=,span= - [Consumer clientId=notification-service-0, groupId=notification-service-group] Rebootstrapping with [localhost/127.0.0.1:9092]
2026-06-15 20:44:29.012 [KafkaConsumerDestination{consumerDestinationName='order-events', partitions=0, dlqName='null'}.container-0-C-1] INFO  org.apache.kafka.clients.Metadata trace=,span= - [Consumer clientId=notification-service-0, groupId=notification-service-group] Rebootstrapping with [localhost/127.0.0.1:9092]
2026-06-15 20:44:30.018 [KafkaConsumerDestination{consumerDestinationName='order-events', partitions=0, dlqName='null'}.container-0-C-1] INFO  o.apache.kafka.clients.NetworkClient trace=,span= - [Consumer clientId=notification-service-0, groupId=notification-service-group] Node -1 disconnected.
2026-06-15 20:44:30.019 [KafkaConsumerDestination{consumerDestinationName='order-events', partitions=0, dlqName='null'}.container-0-C-1] WARN  o.apache.kafka.clients.NetworkClient trace=,span= - [Consumer clientId=notification-service-0, groupId=notification-service-group] Connection to node -1 (localhost/127.0.0.1:9092) could not be established. Node may not be available.
2026-06-15 20:44:30.020 [KafkaConsumerDestination{consumerDestinationName='order-events', partitions=0, dlqName='null'}.container-0-C-1] WARN  o.apache.kafka.clients.NetworkClient trace=,span= - [Consumer clientId=notification-service-0, groupId=notification-service-group] Bootstrap broker localhost:9092 (id: -1 rack: null isFenced: false) disconnected
2026-06-15 20:44:31.024 [KafkaConsumerDestination{consumerDestinationName='order-events', partitions=0, dlqName='null'}.container-0-C-1] INFO  o.apache.kafka.clients.NetworkClient trace=,span= - [Consumer clientId=notification-service-0, groupId=notification-service-group] Node -1 disconnected.
2026-06-15 20:44:31.025 [KafkaConsumerDestination{consumerDestinationName='order-events', partitions=0, dlqName='null'}.container-0-C-1] WARN  o.apache.kafka.clients.NetworkClient trace=,span= - [Consumer clientId=notification-service-0, groupId=notification-service-group] Connection to node -1 (localhost/127.0.0.1:9092) could not be established. Node may not be available.
2026-06-15 20:44:31.025 [KafkaConsumerDestination{consumerDestinationName='order-events', partitions=0, dlqName='null'}.container-0-C-1] WARN  o.apache.kafka.clients.NetworkClient trace=,span= - [Consumer clientId=notification-service-0, groupId=notification-service-group] Bootstrap broker localhost:9092 (id: -1 rack: null isFenced: false) disconnected
2026-06-15 20:44:31.235 [KafkaConsumerDestination{consumerDestinationName='order-events', partitions=0, dlqName='null'}.container-0-C-1] INFO  o.apache.kafka.clients.NetworkClient trace=,span= - [Consumer clientId=notification-service-0, groupId=notification-service-group] Node 1 disconnected.
2026-06-15 20:44:31.243 [KafkaConsumerDestination{consumerDestinationName='order-events', partitions=0, dlqName='null'}.container-0-C-1] WARN  o.apache.kafka.clients.NetworkClient trace=,span= - [Consumer clientId=notification-service-0, groupId=notification-service-group] Connection to node 1 (localhost/127.0.0.1:9092) could not be established. Node may not be available.
2026-06-15 20:44:31.244 [KafkaConsumerDestination{consumerDestinationName='order-events', partitions=0, dlqName='null'}.container-0-C-1] INFO  o.a.k.clients.FetchSessionHandler trace=,span= - [Consumer clientId=notification-service-0, groupId=notification-service-group] Error sending fetch request (sessionId=829400176, epoch=INITIAL) to node 1:
org.apache.kafka.common.errors.DisconnectException
2026-06-15 20:44:32.028 [KafkaConsumerDestination{consumerDestinationName='order-events', partitions=0, dlqName='null'}.container-0-C-1] INFO  o.apache.kafka.clients.NetworkClient trace=,span= - [Consumer clientId=notification-service-0, groupId=notification-service-group] Node -1 disconnected.
2026-06-15 20:44:32.028 [KafkaConsumerDestination{consumerDestinationName='order-events', partitions=0, dlqName='null'}.container-0-C-1] WARN  o.apache.kafka.clients.NetworkClient trace=,span= - [Consumer clientId=notification-service-0, groupId=notification-service-group] Connection to node -1 (localhost/127.0.0.1:9092) could not be established. Node may not be available.
2026-06-15 20:44:32.028 [KafkaConsumerDestination{consumerDestinationName='order-events', partitions=0, dlqName='null'}.container-0-C-1] WARN  o.apache.kafka.clients.NetworkClient trace=,span= - [Consumer clientId=notification-service-0, groupId=notification-service-group] Bootstrap broker localhost:9092 (id: -1 rack: null isFenced: false) disconnected
2026-06-15 20:44:32.950 [KafkaConsumerDestination{consumerDestinationName='order-events', partitions=0, dlqName='null'}.container-0-C-1] INFO  o.apache.kafka.clients.NetworkClient trace=,span= - [Consumer clientId=notification-service-0, groupId=notification-service-group] Node -1 disconnected.
2026-06-15 20:44:32.951 [KafkaConsumerDestination{consumerDestinationName='order-events', partitions=0, dlqName='null'}.container-0-C-1] WARN  o.apache.kafka.clients.NetworkClient trace=,span= - [Consumer clientId=notification-service-0, groupId=notification-service-group] Connection to node -1 (localhost/127.0.0.1:9092) could not be established. Node may not be available.
2026-06-15 20:44:32.953 [KafkaConsumerDestination{consumerDestinationName='order-events', partitions=0, dlqName='null'}.container-0-C-1] WARN  o.apache.kafka.clients.NetworkClient trace=,span= - [Consumer clientId=notification-service-0, groupId=notification-service-group] Bootstrap broker localhost:9092 (id: -1 rack: null isFenced: false) disconnected
2026-06-15 20:44:33.030 [KafkaConsumerDestination{consumerDestinationName='order-events', partitions=0, dlqName='null'}.container-0-C-1] INFO  org.apache.kafka.clients.Metadata trace=,span= - [Consumer clientId=notification-service-0, groupId=notification-service-group] Rebootstrapping with [localhost/127.0.0.1:9092]
2026-06-15 20:44:33.083 [KafkaConsumerDestination{consumerDestinationName='order-events', partitions=0, dlqName='null'}.container-0-C-1] INFO  org.apache.kafka.clients.Metadata trace=,span= - [Consumer clientId=notification-service-0, groupId=notification-service-group] Rebootstrapping with [localhost/127.0.0.1:9092]
2026-06-15 20:44:33.282 [KafkaConsumerDestination{consumerDestinationName='order-events', partitions=0, dlqName='null'}.container-0-C-1] INFO  org.apache.kafka.clients.Metadata trace=,span= - [Consumer clientId=notification-service-0, groupId=notification-service-group] Rebootstrapping with [localhost/127.0.0.1:9092]
2026-06-15 20:44:33.336 [KafkaConsumerDestination{consumerDestinationName='order-events', partitions=0, dlqName='null'}.container-0-C-1] INFO  org.apache.kafka.clients.Metadata trace=,span= - [Consumer clientId=notification-service-0, groupId=notification-service-group] Rebootstrapping with [localhost/127.0.0.1:9092]
2026-06-15 20:44:33.767 [KafkaConsumerDestination{consumerDestinationName='order-events', partitions=0, dlqName='null'}.container-0-C-1] INFO  org.apache.kafka.clients.Metadata trace=,span= - [Consumer clientId=notification-service-0, groupId=notification-service-group] Rebootstrapping with [localhost/127.0.0.1:9092]
2026-06-15 20:44:33.832 [KafkaConsumerDestination{consumerDestinationName='order-events', partitions=0, dlqName='null'}.container-0-C-1] INFO  org.apache.kafka.clients.Metadata trace=,span= - [Consumer clientId=notification-service-0, groupId=notification-service-group] Rebootstrapping with [localhost/127.0.0.1:9092]
2026-06-15 20:44:34.655 [KafkaConsumerDestination{consumerDestinationName='order-events', partitions=0, dlqName='null'}.container-0-C-1] INFO  o.apache.kafka.clients.NetworkClient trace=,span= - [Consumer clientId=notification-service-0, groupId=notification-service-group] Node -1 disconnected.
2026-06-15 20:44:34.656 [KafkaConsumerDestination{consumerDestinationName='order-events', partitions=0, dlqName='null'}.container-0-C-1] WARN  o.apache.kafka.clients.NetworkClient trace=,span= - [Consumer clientId=notification-service-0, groupId=notification-service-group] Connection to node -1 (localhost/127.0.0.1:9092) could not be established. Node may not be available.
2026-06-15 20:44:34.656 [KafkaConsumerDestination{consumerDestinationName='order-events', partitions=0, dlqName='null'}.container-0-C-1] WARN  o.apache.kafka.clients.NetworkClient trace=,span= - [Consumer clientId=notification-service-0, groupId=notification-service-group] Bootstrap broker localhost:9092 (id: -1 rack: null isFenced: false) disconnected
2026-06-15 20:44:35.568 [KafkaConsumerDestination{consumerDestinationName='order-events', partitions=0, dlqName='null'}.container-0-C-1] INFO  o.apache.kafka.clients.NetworkClient trace=,span= - [Consumer clientId=notification-service-0, groupId=notification-service-group] Node -1 disconnected.
2026-06-15 20:44:35.569 [KafkaConsumerDestination{consumerDestinationName='order-events', partitions=0, dlqName='null'}.container-0-C-1] WARN  o.apache.kafka.clients.NetworkClient trace=,span= - [Consumer clientId=notification-service-0, groupId=notification-service-group] Connection to node -1 (localhost/127.0.0.1:9092) could not be established. Node may not be available.
2026-06-15 20:44:35.569 [KafkaConsumerDestination{consumerDestinationName='order-events', partitions=0, dlqName='null'}.container-0-C-1] WARN  o.apache.kafka.clients.NetworkClient trace=,span= - [Consumer clientId=notification-service-0, groupId=notification-service-group] Bootstrap broker localhost:9092 (id: -1 rack: null isFenced: false) disconnected
2026-06-15 20:44:35.656 [KafkaConsumerDestination{consumerDestinationName='order-events', partitions=0, dlqName='null'}.container-0-C-1] INFO  org.apache.kafka.clients.Metadata trace=,span= - [Consumer clientId=notification-service-0, groupId=notification-service-group] Rebootstrapping with [localhost/127.0.0.1:9092]
2026-06-15 20:44:35.711 [KafkaConsumerDestination{consumerDestinationName='order-events', partitions=0, dlqName='null'}.container-0-C-1] INFO  org.apache.kafka.clients.Metadata trace=,span= - [Consumer clientId=notification-service-0, groupId=notification-service-group] Rebootstrapping with [localhost/127.0.0.1:9092]
2026-06-15 20:44:36.248 [KafkaConsumerDestination{consumerDestinationName='order-events', partitions=0, dlqName='null'}.container-0-C-1] INFO  org.apache.kafka.clients.Metadata trace=,span= - [Consumer clientId=notification-service-0, groupId=notification-service-group] Rebootstrapping with [localhost/127.0.0.1:9092]
2026-06-15 20:44:36.254 [kafka-coordinator-heartbeat-thread | notification-service-group] INFO  org.apache.kafka.clients.Metadata trace=,span= - [Consumer clientId=notification-service-0, groupId=notification-service-group] Rebootstrapping with [localhost/127.0.0.1:9092]
2026-06-15 20:44:36.254 [KafkaConsumerDestination{consumerDestinationName='order-events', partitions=0, dlqName='null'}.container-0-C-1] INFO  org.apache.kafka.clients.Metadata trace=,span= - [Consumer clientId=notification-service-0, groupId=notification-service-group] Rebootstrapping with [localhost/127.0.0.1:9092]
2026-06-15 20:44:36.255 [KafkaConsumerDestination{consumerDestinationName='order-events', partitions=0, dlqName='null'}.container-0-C-1] INFO  org.apache.kafka.clients.Metadata trace=,span= - [Consumer clientId=notification-service-0, groupId=notification-service-group] Rebootstrapping with [localhost/127.0.0.1:9092]
2026-06-15 20:44:36.256 [KafkaConsumerDestination{consumerDestinationName='order-events', partitions=0, dlqName='null'}.container-0-C-1] INFO  o.apache.kafka.clients.NetworkClient trace=,span= - [Consumer clientId=notification-service-0, groupId=notification-service-group] Node 1 disconnected.
2026-06-15 20:44:36.257 [KafkaConsumerDestination{consumerDestinationName='order-events', partitions=0, dlqName='null'}.container-0-C-1] INFO  o.apache.kafka.clients.NetworkClient trace=,span= - [Consumer clientId=notification-service-0, groupId=notification-service-group] Cancelled in-flight API_VERSIONS request with correlation id 506 due to node 1 being disconnected (elapsed time since creation: 1ms, elapsed time since send: 1ms, throttle time: 0ms, request timeout: 30000ms)
2026-06-15 20:44:36.257 [KafkaConsumerDestination{consumerDestinationName='order-events', partitions=0, dlqName='null'}.container-0-C-1] INFO  o.a.k.clients.FetchSessionHandler trace=,span= - [Consumer clientId=notification-service-0, groupId=notification-service-group] Error sending fetch request (sessionId=829400176, epoch=INITIAL) to node 1:
org.apache.kafka.common.errors.DisconnectException
2026-06-15 20:44:37.259 [KafkaConsumerDestination{consumerDestinationName='order-events', partitions=0, dlqName='null'}.container-0-C-1] INFO  o.apache.kafka.clients.NetworkClient trace=,span= - [Consumer clientId=notification-service-0, groupId=notification-service-group] Node -1 disconnected.
2026-06-15 20:44:37.260 [KafkaConsumerDestination{consumerDestinationName='order-events', partitions=0, dlqName='null'}.container-0-C-1] INFO  o.apache.kafka.clients.NetworkClient trace=,span= - [Consumer clientId=notification-service-0, groupId=notification-service-group] Cancelled in-flight API_VERSIONS request with correlation id 507 due to node -1 being disconnected (elapsed time since creation: 1ms, elapsed time since send: 1ms, throttle time: 0ms, request timeout: 30000ms)
2026-06-15 20:44:37.260 [KafkaConsumerDestination{consumerDestinationName='order-events', partitions=0, dlqName='null'}.container-0-C-1] WARN  o.apache.kafka.clients.NetworkClient trace=,span= - [Consumer clientId=notification-service-0, groupId=notification-service-group] Bootstrap broker localhost:9092 (id: -1 rack: null isFenced: false) disconnected
2026-06-15 20:44:38.173 [KafkaConsumerDestination{consumerDestinationName='order-events', partitions=0, dlqName='null'}.container-0-C-1] INFO  o.apache.kafka.clients.NetworkClient trace=,span= - [Consumer clientId=notification-service-0, groupId=notification-service-group] Node -1 disconnected.
2026-06-15 20:44:38.174 [KafkaConsumerDestination{consumerDestinationName='order-events', partitions=0, dlqName='null'}.container-0-C-1] INFO  o.apache.kafka.clients.NetworkClient trace=,span= - [Consumer clientId=notification-service-0, groupId=notification-service-group] Cancelled in-flight API_VERSIONS request with correlation id 508 due to node -1 being disconnected (elapsed time since creation: 1ms, elapsed time since send: 1ms, throttle time: 0ms, request timeout: 30000ms)
2026-06-15 20:44:38.175 [KafkaConsumerDestination{consumerDestinationName='order-events', partitions=0, dlqName='null'}.container-0-C-1] WARN  o.apache.kafka.clients.NetworkClient trace=,span= - [Consumer clientId=notification-service-0, groupId=notification-service-group] Bootstrap broker localhost:9092 (id: -1 rack: null isFenced: false) disconnected
2026-06-15 20:44:38.241 [KafkaConsumerDestination{consumerDestinationName='order-events', partitions=0, dlqName='null'}.container-0-C-1] INFO  org.apache.kafka.clients.Metadata trace=,span= - [Consumer clientId=notification-service-0, groupId=notification-service-group] Rebootstrapping with [localhost/127.0.0.1:9092]
2026-06-15 20:44:38.293 [KafkaConsumerDestination{consumerDestinationName='order-events', partitions=0, dlqName='null'}.container-0-C-1] INFO  org.apache.kafka.clients.Metadata trace=,span= - [Consumer clientId=notification-service-0, groupId=notification-service-group] Rebootstrapping with [localhost/127.0.0.1:9092]
2026-06-15 20:44:38.519 [KafkaConsumerDestination{consumerDestinationName='order-events', partitions=0, dlqName='null'}.container-0-C-1] INFO  org.apache.kafka.clients.Metadata trace=,span= - [Consumer clientId=notification-service-0, groupId=notification-service-group] Rebootstrapping with [localhost/127.0.0.1:9092]
2026-06-15 20:44:38.570 [KafkaConsumerDestination{consumerDestinationName='order-events', partitions=0, dlqName='null'}.container-0-C-1] INFO  org.apache.kafka.clients.Metadata trace=,span= - [Consumer clientId=notification-service-0, groupId=notification-service-group] Rebootstrapping with [localhost/127.0.0.1:9092]
2026-06-15 20:44:38.938 [KafkaConsumerDestination{consumerDestinationName='order-events', partitions=0, dlqName='null'}.container-0-C-1] INFO  org.apache.kafka.clients.Metadata trace=,span= - [Consumer clientId=notification-service-0, groupId=notification-service-group] Rebootstrapping with [localhost/127.0.0.1:9092]
2026-06-15 20:44:38.991 [KafkaConsumerDestination{consumerDestinationName='order-events', partitions=0, dlqName='null'}.container-0-C-1] INFO  org.apache.kafka.clients.Metadata trace=,span= - [Consumer clientId=notification-service-0, groupId=notification-service-group] Rebootstrapping with [localhost/127.0.0.1:9092]
2026-06-15 20:44:39.700 [KafkaConsumerDestination{consumerDestinationName='order-events', partitions=0, dlqName='null'}.container-0-C-1] INFO  org.apache.kafka.clients.Metadata trace=,span= - [Consumer clientId=notification-service-0, groupId=notification-service-group] Resetting the last seen epoch of partition order-events-0 to 6 since the associated topicId changed from null to mDSD5rtGR_-avqOVEhEMxw
2026-06-15 20:44:39.701 [KafkaConsumerDestination{consumerDestinationName='order-events', partitions=0, dlqName='null'}.container-0-C-1] INFO  org.apache.kafka.clients.Metadata trace=,span= - [Consumer clientId=notification-service-0, groupId=notification-service-group] Cluster ID: 5L6g3nShT-eMCtK--X86sw
2026-06-15 20:44:39.719 [KafkaConsumerDestination{consumerDestinationName='order-events', partitions=0, dlqName='null'}.container-0-C-1] INFO  o.a.k.c.c.i.ConsumerCoordinator trace=,span= - [Consumer clientId=notification-service-0, groupId=notification-service-group] Discovered group coordinator localhost:9092 (id: 2147483646 rack: null isFenced: false)
2026-06-15 20:44:39.723 [KafkaConsumerDestination{consumerDestinationName='order-events', partitions=0, dlqName='null'}.container-0-C-1] INFO  o.a.k.c.c.i.ConsumerCoordinator trace=,span= - [Consumer clientId=notification-service-0, groupId=notification-service-group] Request joining group due to: cached metadata has changed from (version2: {order-events=[NO_RACKS]}) at the beginning of the rebalance to (version48: {order-events=[]})
2026-06-15 20:44:39.724 [KafkaConsumerDestination{consumerDestinationName='order-events', partitions=0, dlqName='null'}.container-0-C-1] INFO  o.a.k.c.c.i.ConsumerRebalanceListenerInvoker trace=,span= - [Consumer clientId=notification-service-0, groupId=notification-service-group] Revoke previously assigned partitions [order-events-0]
2026-06-15 20:44:39.725 [KafkaConsumerDestination{consumerDestinationName='order-events', partitions=0, dlqName='null'}.container-0-C-1] INFO  o.a.k.c.c.i.ConsumerCoordinator trace=,span= - [Consumer clientId=notification-service-0, groupId=notification-service-group] (Re-)joining group
2026-06-15 20:44:39.736 [KafkaConsumerDestination{consumerDestinationName='order-events', partitions=0, dlqName='null'}.container-0-C-1] INFO  o.a.k.c.c.i.ConsumerCoordinator trace=,span= - [Consumer clientId=notification-service-0, groupId=notification-service-group] Successfully joined group with generation Generation{generationId=18, memberId='notification-service-0-0c5d20e3-6208-408d-a99d-1d9641388c72', protocol='range'}
2026-06-15 20:44:39.737 [KafkaConsumerDestination{consumerDestinationName='order-events', partitions=0, dlqName='null'}.container-0-C-1] INFO  o.a.k.c.c.i.ConsumerCoordinator trace=,span= - [Consumer clientId=notification-service-0, groupId=notification-service-group] Finished assignment for group at generation 18: {notification-service-0-0c5d20e3-6208-408d-a99d-1d9641388c72=Assignment(partitions=[order-events-0])}
2026-06-15 20:44:39.753 [KafkaConsumerDestination{consumerDestinationName='order-events', partitions=0, dlqName='null'}.container-0-C-1] INFO  o.a.k.c.c.i.ConsumerCoordinator trace=,span= - [Consumer clientId=notification-service-0, groupId=notification-service-group] Successfully synced group in generation Generation{generationId=18, memberId='notification-service-0-0c5d20e3-6208-408d-a99d-1d9641388c72', protocol='range'}
2026-06-15 20:44:39.753 [KafkaConsumerDestination{consumerDestinationName='order-events', partitions=0, dlqName='null'}.container-0-C-1] INFO  o.a.k.c.c.i.ConsumerCoordinator trace=,span= - [Consumer clientId=notification-service-0, groupId=notification-service-group] Notifying assignor about the new Assignment(partitions=[order-events-0])
2026-06-15 20:44:39.753 [KafkaConsumerDestination{consumerDestinationName='order-events', partitions=0, dlqName='null'}.container-0-C-1] INFO  o.a.k.c.c.i.ConsumerRebalanceListenerInvoker trace=,span= - [Consumer clientId=notification-service-0, groupId=notification-service-group] Adding newly assigned partitions: [order-events-0]
2026-06-15 20:44:39.760 [KafkaConsumerDestination{consumerDestinationName='order-events', partitions=0, dlqName='null'}.container-0-C-1] INFO  o.a.k.c.c.internals.ConsumerUtils trace=,span= - Setting offset for partition order-events-0 to the committed offset FetchPosition{offset=10, offsetEpoch=Optional.empty, currentLeader=LeaderAndEpoch{leader=Optional[localhost:9092 (id: 1 rack: null isFenced: false)], epoch=6}}
2026-06-15 21:14:45.113 [kafka-coordinator-heartbeat-thread | notification-service-group] INFO  o.a.k.c.c.i.ConsumerCoordinator trace=,span= - [Consumer clientId=notification-service-0, groupId=notification-service-group] Group coordinator localhost:9092 (id: 2147483646 rack: null isFenced: false) is unavailable or invalid due to cause: session timed out without receiving a heartbeat response. isDisconnected: false. Rediscovery will be attempted.
2026-06-15 21:14:45.116 [kafka-coordinator-heartbeat-thread | notification-service-group] INFO  o.a.k.c.c.i.ConsumerCoordinator trace=,span= - [Consumer clientId=notification-service-0, groupId=notification-service-group] Requesting disconnect from last known coordinator localhost:9092 (id: 2147483646 rack: null isFenced: false)
2026-06-15 21:14:45.117 [kafka-coordinator-heartbeat-thread | notification-service-group] INFO  o.apache.kafka.clients.NetworkClient trace=,span= - [Consumer clientId=notification-service-0, groupId=notification-service-group] Client requested disconnect from node 2147483646
2026-06-15 21:14:45.125 [KafkaConsumerDestination{consumerDestinationName='order-events', partitions=0, dlqName='null'}.container-0-C-1] INFO  o.a.k.c.c.i.ConsumerCoordinator trace=,span= - [Consumer clientId=notification-service-0, groupId=notification-service-group] Discovered group coordinator localhost:9092 (id: 2147483646 rack: null isFenced: false)
2026-06-15 21:14:45.125 [KafkaConsumerDestination{consumerDestinationName='order-events', partitions=0, dlqName='null'}.container-0-C-1] INFO  o.a.k.c.c.i.ConsumerCoordinator trace=,span= - [Consumer clientId=notification-service-0, groupId=notification-service-group] Discovered group coordinator localhost:9092 (id: 2147483646 rack: null isFenced: false)
2026-06-15 21:14:45.125 [KafkaConsumerDestination{consumerDestinationName='order-events', partitions=0, dlqName='null'}.container-0-C-1] INFO  o.a.k.c.c.i.ConsumerCoordinator trace=,span= - [Consumer clientId=notification-service-0, groupId=notification-service-group] Group coordinator localhost:9092 (id: 2147483646 rack: null isFenced: false) is unavailable or invalid due to cause: coordinator unavailable. isDisconnected: false. Rediscovery will be attempted.
2026-06-15 21:14:45.125 [KafkaConsumerDestination{consumerDestinationName='order-events', partitions=0, dlqName='null'}.container-0-C-1] INFO  o.a.k.c.c.i.ConsumerCoordinator trace=,span= - [Consumer clientId=notification-service-0, groupId=notification-service-group] Requesting disconnect from last known coordinator localhost:9092 (id: 2147483646 rack: null isFenced: false)
2026-06-15 21:14:45.251 [KafkaConsumerDestination{consumerDestinationName='order-events', partitions=0, dlqName='null'}.container-0-C-1] INFO  o.a.k.c.c.i.ConsumerCoordinator trace=,span= - [Consumer clientId=notification-service-0, groupId=notification-service-group] Discovered group coordinator localhost:9092 (id: 2147483646 rack: null isFenced: false)
2026-06-15 21:32:51.784 [KafkaConsumerDestination{consumerDestinationName='order-events', partitions=0, dlqName='null'}.container-0-C-1] INFO  o.a.k.c.c.i.ConsumerCoordinator trace=,span= - [Consumer clientId=notification-service-0, groupId=notification-service-group] Attempt to heartbeat failed since coordinator localhost:9092 (id: 2147483646 rack: null isFenced: false) is either not started or not valid
2026-06-15 21:32:51.789 [KafkaConsumerDestination{consumerDestinationName='order-events', partitions=0, dlqName='null'}.container-0-C-1] INFO  o.a.k.c.c.i.ConsumerCoordinator trace=,span= - [Consumer clientId=notification-service-0, groupId=notification-service-group] Group coordinator localhost:9092 (id: 2147483646 rack: null isFenced: false) is unavailable or invalid due to cause: error response NOT_COORDINATOR. isDisconnected: false. Rediscovery will be attempted.
2026-06-15 21:32:51.789 [KafkaConsumerDestination{consumerDestinationName='order-events', partitions=0, dlqName='null'}.container-0-C-1] INFO  o.a.k.c.c.i.ConsumerCoordinator trace=,span= - [Consumer clientId=notification-service-0, groupId=notification-service-group] Requesting disconnect from last known coordinator localhost:9092 (id: 2147483646 rack: null isFenced: false)
2026-06-15 21:32:51.790 [kafka-coordinator-heartbeat-thread | notification-service-group] INFO  o.apache.kafka.clients.NetworkClient trace=,span= - [Consumer clientId=notification-service-0, groupId=notification-service-group] Client requested disconnect from node 2147483646
2026-06-15 21:32:51.801 [KafkaConsumerDestination{consumerDestinationName='order-events', partitions=0, dlqName='null'}.container-0-C-1] INFO  o.apache.kafka.clients.NetworkClient trace=,span= - [Consumer clientId=notification-service-0, groupId=notification-service-group] Node 1 disconnected.
2026-06-15 21:32:51.802 [KafkaConsumerDestination{consumerDestinationName='order-events', partitions=0, dlqName='null'}.container-0-C-1] INFO  o.apache.kafka.clients.NetworkClient trace=,span= - [Consumer clientId=notification-service-0, groupId=notification-service-group] Cancelled in-flight FIND_COORDINATOR request with correlation id 5422 due to node 1 being disconnected (elapsed time since creation: 9ms, elapsed time since send: 17ms, throttle time: 0ms, request timeout: 30000ms)
2026-06-15 21:32:51.927 [KafkaConsumerDestination{consumerDestinationName='order-events', partitions=0, dlqName='null'}.container-0-C-1] INFO  o.apache.kafka.clients.NetworkClient trace=,span= - [Consumer clientId=notification-service-0, groupId=notification-service-group] Node 1 disconnected.
2026-06-15 21:32:51.927 [KafkaConsumerDestination{consumerDestinationName='order-events', partitions=0, dlqName='null'}.container-0-C-1] INFO  o.apache.kafka.clients.NetworkClient trace=,span= - [Consumer clientId=notification-service-0, groupId=notification-service-group] Cancelled in-flight API_VERSIONS request with correlation id 5423 due to node 1 being disconnected (elapsed time since creation: 2ms, elapsed time since send: 2ms, throttle time: 0ms, request timeout: 30000ms)
2026-06-15 21:32:52.034 [KafkaConsumerDestination{consumerDestinationName='order-events', partitions=0, dlqName='null'}.container-0-C-1] INFO  org.apache.kafka.clients.Metadata trace=,span= - [Consumer clientId=notification-service-0, groupId=notification-service-group] Rebootstrapping with [localhost/127.0.0.1:9092]
2026-06-15 21:32:52.037 [KafkaConsumerDestination{consumerDestinationName='order-events', partitions=0, dlqName='null'}.container-0-C-1] INFO  o.apache.kafka.clients.NetworkClient trace=,span= - [Consumer clientId=notification-service-0, groupId=notification-service-group] Node -1 disconnected.
2026-06-15 21:32:52.038 [KafkaConsumerDestination{consumerDestinationName='order-events', partitions=0, dlqName='null'}.container-0-C-1] INFO  o.apache.kafka.clients.NetworkClient trace=,span= - [Consumer clientId=notification-service-0, groupId=notification-service-group] Cancelled in-flight API_VERSIONS request with correlation id 5424 due to node -1 being disconnected (elapsed time since creation: 1ms, elapsed time since send: 1ms, throttle time: 0ms, request timeout: 30000ms)
2026-06-15 21:32:52.048 [KafkaConsumerDestination{consumerDestinationName='order-events', partitions=0, dlqName='null'}.container-0-C-1] WARN  o.apache.kafka.clients.NetworkClient trace=,span= - [Consumer clientId=notification-service-0, groupId=notification-service-group] Bootstrap broker localhost:9092 (id: -1 rack: null isFenced: false) disconnected
2026-06-15 21:32:52.232 [KafkaConsumerDestination{consumerDestinationName='order-events', partitions=0, dlqName='null'}.container-0-C-1] INFO  o.apache.kafka.clients.NetworkClient trace=,span= - [Consumer clientId=notification-service-0, groupId=notification-service-group] Node -1 disconnected.
2026-06-15 21:32:52.233 [KafkaConsumerDestination{consumerDestinationName='order-events', partitions=0, dlqName='null'}.container-0-C-1] INFO  o.apache.kafka.clients.NetworkClient trace=,span= - [Consumer clientId=notification-service-0, groupId=notification-service-group] Cancelled in-flight API_VERSIONS request with correlation id 5426 due to node -1 being disconnected (elapsed time since creation: 1ms, elapsed time since send: 1ms, throttle time: 0ms, request timeout: 30000ms)
2026-06-15 21:32:52.233 [KafkaConsumerDestination{consumerDestinationName='order-events', partitions=0, dlqName='null'}.container-0-C-1] WARN  o.apache.kafka.clients.NetworkClient trace=,span= - [Consumer clientId=notification-service-0, groupId=notification-service-group] Bootstrap broker localhost:9092 (id: -1 rack: null isFenced: false) disconnected
2026-06-15 21:32:52.658 [KafkaConsumerDestination{consumerDestinationName='order-events', partitions=0, dlqName='null'}.container-0-C-1] INFO  o.apache.kafka.clients.NetworkClient trace=,span= - [Consumer clientId=notification-service-0, groupId=notification-service-group] Node -1 disconnected.
2026-06-15 21:32:52.658 [KafkaConsumerDestination{consumerDestinationName='order-events', partitions=0, dlqName='null'}.container-0-C-1] INFO  o.apache.kafka.clients.NetworkClient trace=,span= - [Consumer clientId=notification-service-0, groupId=notification-service-group] Cancelled in-flight API_VERSIONS request with correlation id 5427 due to node -1 being disconnected (elapsed time since creation: 1ms, elapsed time since send: 1ms, throttle time: 0ms, request timeout: 30000ms)
2026-06-15 21:32:52.658 [KafkaConsumerDestination{consumerDestinationName='order-events', partitions=0, dlqName='null'}.container-0-C-1] WARN  o.apache.kafka.clients.NetworkClient trace=,span= - [Consumer clientId=notification-service-0, groupId=notification-service-group] Bootstrap broker localhost:9092 (id: -1 rack: null isFenced: false) disconnected
2026-06-15 21:32:52.659 [KafkaConsumerDestination{consumerDestinationName='order-events', partitions=0, dlqName='null'}.container-0-C-1] INFO  org.apache.kafka.clients.Metadata trace=,span= - [Consumer clientId=notification-service-0, groupId=notification-service-group] Rebootstrapping with [localhost/127.0.0.1:9092]
2026-06-15 21:32:52.711 [KafkaConsumerDestination{consumerDestinationName='order-events', partitions=0, dlqName='null'}.container-0-C-1] INFO  org.apache.kafka.clients.Metadata trace=,span= - [Consumer clientId=notification-service-0, groupId=notification-service-group] Rebootstrapping with [localhost/127.0.0.1:9092]
2026-06-15 21:32:53.077 [KafkaConsumerDestination{consumerDestinationName='order-events', partitions=0, dlqName='null'}.container-0-C-1] INFO  org.apache.kafka.clients.Metadata trace=,span= - [Consumer clientId=notification-service-0, groupId=notification-service-group] Rebootstrapping with [localhost/127.0.0.1:9092]
2026-06-15 21:32:53.130 [KafkaConsumerDestination{consumerDestinationName='order-events', partitions=0, dlqName='null'}.container-0-C-1] INFO  o.apache.kafka.clients.NetworkClient trace=,span= - [Consumer clientId=notification-service-0, groupId=notification-service-group] Node -1 disconnected.
2026-06-15 21:32:53.130 [KafkaConsumerDestination{consumerDestinationName='order-events', partitions=0, dlqName='null'}.container-0-C-1] WARN  o.apache.kafka.clients.NetworkClient trace=,span= - [Consumer clientId=notification-service-0, groupId=notification-service-group] Connection to node -1 (localhost/127.0.0.1:9092) could not be established. Node may not be available.
2026-06-15 21:32:53.130 [KafkaConsumerDestination{consumerDestinationName='order-events', partitions=0, dlqName='null'}.container-0-C-1] WARN  o.apache.kafka.clients.NetworkClient trace=,span= - [Consumer clientId=notification-service-0, groupId=notification-service-group] Bootstrap broker localhost:9092 (id: -1 rack: null isFenced: false) disconnected
2026-06-15 21:32:54.064 [KafkaConsumerDestination{consumerDestinationName='order-events', partitions=0, dlqName='null'}.container-0-C-1] INFO  o.apache.kafka.clients.NetworkClient trace=,span= - [Consumer clientId=notification-service-0, groupId=notification-service-group] Node -1 disconnected.
2026-06-15 21:32:54.064 [KafkaConsumerDestination{consumerDestinationName='order-events', partitions=0, dlqName='null'}.container-0-C-1] WARN  o.apache.kafka.clients.NetworkClient trace=,span= - [Consumer clientId=notification-service-0, groupId=notification-service-group] Connection to node -1 (localhost/127.0.0.1:9092) could not be established. Node may not be available.
2026-06-15 21:32:54.064 [KafkaConsumerDestination{consumerDestinationName='order-events', partitions=0, dlqName='null'}.container-0-C-1] WARN  o.apache.kafka.clients.NetworkClient trace=,span= - [Consumer clientId=notification-service-0, groupId=notification-service-group] Bootstrap broker localhost:9092 (id: -1 rack: null isFenced: false) disconnected
2026-06-15 21:32:54.947 [KafkaConsumerDestination{consumerDestinationName='order-events', partitions=0, dlqName='null'}.container-0-C-1] INFO  org.apache.kafka.clients.Metadata trace=,span= - [Consumer clientId=notification-service-0, groupId=notification-service-group] Rebootstrapping with [localhost/127.0.0.1:9092]
2026-06-15 21:32:55.552 [KafkaConsumerDestination{consumerDestinationName='order-events', partitions=0, dlqName='null'}.container-0-C-1] INFO  o.apache.kafka.clients.NetworkClient trace=,span= - [Consumer clientId=notification-service-0, groupId=notification-service-group] Node -1 disconnected.
2026-06-15 21:32:55.552 [KafkaConsumerDestination{consumerDestinationName='order-events', partitions=0, dlqName='null'}.container-0-C-1] WARN  o.apache.kafka.clients.NetworkClient trace=,span= - [Consumer clientId=notification-service-0, groupId=notification-service-group] Connection to node -1 (localhost/127.0.0.1:9092) could not be established. Node may not be available.
2026-06-15 21:32:55.552 [KafkaConsumerDestination{consumerDestinationName='order-events', partitions=0, dlqName='null'}.container-0-C-1] WARN  o.apache.kafka.clients.NetworkClient trace=,span= - [Consumer clientId=notification-service-0, groupId=notification-service-group] Bootstrap broker localhost:9092 (id: -1 rack: null isFenced: false) disconnected
2026-06-15 21:32:55.553 [KafkaConsumerDestination{consumerDestinationName='order-events', partitions=0, dlqName='null'}.container-0-C-1] INFO  o.apache.kafka.clients.NetworkClient trace=,span= - [Consumer clientId=notification-service-0, groupId=notification-service-group] Node 1 disconnected.
2026-06-15 21:32:55.553 [KafkaConsumerDestination{consumerDestinationName='order-events', partitions=0, dlqName='null'}.container-0-C-1] WARN  o.apache.kafka.clients.NetworkClient trace=,span= - [Consumer clientId=notification-service-0, groupId=notification-service-group] Connection to node 1 (localhost/127.0.0.1:9092) could not be established. Node may not be available.
2026-06-15 21:32:55.553 [KafkaConsumerDestination{consumerDestinationName='order-events', partitions=0, dlqName='null'}.container-0-C-1] INFO  o.a.k.clients.FetchSessionHandler trace=,span= - [Consumer clientId=notification-service-0, groupId=notification-service-group] Error sending fetch request (sessionId=28017766, epoch=4187) to node 1:
org.apache.kafka.common.errors.DisconnectException
2026-06-15 21:32:56.497 [KafkaConsumerDestination{consumerDestinationName='order-events', partitions=0, dlqName='null'}.container-0-C-1] INFO  org.apache.kafka.clients.Metadata trace=,span= - [Consumer clientId=notification-service-0, groupId=notification-service-group] Rebootstrapping with [localhost/127.0.0.1:9092]
2026-06-15 21:32:56.549 [KafkaConsumerDestination{consumerDestinationName='order-events', partitions=0, dlqName='null'}.container-0-C-1] INFO  o.apache.kafka.clients.NetworkClient trace=,span= - [Consumer clientId=notification-service-0, groupId=notification-service-group] Node -1 disconnected.
2026-06-15 21:32:56.551 [KafkaConsumerDestination{consumerDestinationName='order-events', partitions=0, dlqName='null'}.container-0-C-1] WARN  o.apache.kafka.clients.NetworkClient trace=,span= - [Consumer clientId=notification-service-0, groupId=notification-service-group] Connection to node -1 (localhost/127.0.0.1:9092) could not be established. Node may not be available.
2026-06-15 21:32:56.551 [KafkaConsumerDestination{consumerDestinationName='order-events', partitions=0, dlqName='null'}.container-0-C-1] WARN  o.apache.kafka.clients.NetworkClient trace=,span= - [Consumer clientId=notification-service-0, groupId=notification-service-group] Bootstrap broker localhost:9092 (id: -1 rack: null isFenced: false) disconnected
2026-06-15 21:32:57.434 [KafkaConsumerDestination{consumerDestinationName='order-events', partitions=0, dlqName='null'}.container-0-C-1] INFO  org.apache.kafka.clients.Metadata trace=,span= - [Consumer clientId=notification-service-0, groupId=notification-service-group] Rebootstrapping with [localhost/127.0.0.1:9092]
2026-06-15 21:32:57.487 [KafkaConsumerDestination{consumerDestinationName='order-events', partitions=0, dlqName='null'}.container-0-C-1] INFO  o.apache.kafka.clients.NetworkClient trace=,span= - [Consumer clientId=notification-service-0, groupId=notification-service-group] Node -1 disconnected.
2026-06-15 21:32:57.488 [KafkaConsumerDestination{consumerDestinationName='order-events', partitions=0, dlqName='null'}.container-0-C-1] WARN  o.apache.kafka.clients.NetworkClient trace=,span= - [Consumer clientId=notification-service-0, groupId=notification-service-group] Connection to node -1 (localhost/127.0.0.1:9092) could not be established. Node may not be available.
2026-06-15 21:32:57.488 [KafkaConsumerDestination{consumerDestinationName='order-events', partitions=0, dlqName='null'}.container-0-C-1] WARN  o.apache.kafka.clients.NetworkClient trace=,span= - [Consumer clientId=notification-service-0, groupId=notification-service-group] Bootstrap broker localhost:9092 (id: -1 rack: null isFenced: false) disconnected
2026-06-15 21:32:58.489 [KafkaConsumerDestination{consumerDestinationName='order-events', partitions=0, dlqName='null'}.container-0-C-1] INFO  o.apache.kafka.clients.NetworkClient trace=,span= - [Consumer clientId=notification-service-0, groupId=notification-service-group] Node -1 disconnected.
2026-06-15 21:32:58.491 [KafkaConsumerDestination{consumerDestinationName='order-events', partitions=0, dlqName='null'}.container-0-C-1] WARN  o.apache.kafka.clients.NetworkClient trace=,span= - [Consumer clientId=notification-service-0, groupId=notification-service-group] Connection to node -1 (localhost/127.0.0.1:9092) could not be established. Node may not be available.
2026-06-15 21:32:58.491 [KafkaConsumerDestination{consumerDestinationName='order-events', partitions=0, dlqName='null'}.container-0-C-1] WARN  o.apache.kafka.clients.NetworkClient trace=,span= - [Consumer clientId=notification-service-0, groupId=notification-service-group] Bootstrap broker localhost:9092 (id: -1 rack: null isFenced: false) disconnected
2026-06-15 21:32:59.492 [KafkaConsumerDestination{consumerDestinationName='order-events', partitions=0, dlqName='null'}.container-0-C-1] INFO  o.apache.kafka.clients.NetworkClient trace=,span= - [Consumer clientId=notification-service-0, groupId=notification-service-group] Node -1 disconnected.
2026-06-15 21:32:59.494 [KafkaConsumerDestination{consumerDestinationName='order-events', partitions=0, dlqName='null'}.container-0-C-1] WARN  o.apache.kafka.clients.NetworkClient trace=,span= - [Consumer clientId=notification-service-0, groupId=notification-service-group] Connection to node -1 (localhost/127.0.0.1:9092) could not be established. Node may not be available.
2026-06-15 21:32:59.495 [KafkaConsumerDestination{consumerDestinationName='order-events', partitions=0, dlqName='null'}.container-0-C-1] WARN  o.apache.kafka.clients.NetworkClient trace=,span= - [Consumer clientId=notification-service-0, groupId=notification-service-group] Bootstrap broker localhost:9092 (id: -1 rack: null isFenced: false) disconnected
2026-06-15 21:33:00.495 [KafkaConsumerDestination{consumerDestinationName='order-events', partitions=0, dlqName='null'}.container-0-C-1] INFO  o.apache.kafka.clients.NetworkClient trace=,span= - [Consumer clientId=notification-service-0, groupId=notification-service-group] Node -1 disconnected.
2026-06-15 21:33:00.496 [KafkaConsumerDestination{consumerDestinationName='order-events', partitions=0, dlqName='null'}.container-0-C-1] WARN  o.apache.kafka.clients.NetworkClient trace=,span= - [Consumer clientId=notification-service-0, groupId=notification-service-group] Connection to node -1 (localhost/127.0.0.1:9092) could not be established. Node may not be available.
2026-06-15 21:33:00.497 [KafkaConsumerDestination{consumerDestinationName='order-events', partitions=0, dlqName='null'}.container-0-C-1] WARN  o.apache.kafka.clients.NetworkClient trace=,span= - [Consumer clientId=notification-service-0, groupId=notification-service-group] Bootstrap broker localhost:9092 (id: -1 rack: null isFenced: false) disconnected
2026-06-15 21:33:00.569 [kafka-coordinator-heartbeat-thread | notification-service-group] INFO  o.apache.kafka.clients.NetworkClient trace=,span= - [Consumer clientId=notification-service-0, groupId=notification-service-group] Node 1 disconnected.
2026-06-15 21:33:00.571 [kafka-coordinator-heartbeat-thread | notification-service-group] WARN  o.apache.kafka.clients.NetworkClient trace=,span= - [Consumer clientId=notification-service-0, groupId=notification-service-group] Connection to node 1 (localhost/127.0.0.1:9092) could not be established. Node may not be available.
2026-06-15 21:33:00.571 [kafka-coordinator-heartbeat-thread | notification-service-group] INFO  o.a.k.clients.FetchSessionHandler trace=,span= - [Consumer clientId=notification-service-0, groupId=notification-service-group] Error sending fetch request (sessionId=28017766, epoch=INITIAL) to node 1:
org.apache.kafka.common.errors.DisconnectException
2026-06-15 21:33:01.387 [KafkaConsumerDestination{consumerDestinationName='order-events', partitions=0, dlqName='null'}.container-0-C-1] INFO  org.apache.kafka.clients.Metadata trace=,span= - [Consumer clientId=notification-service-0, groupId=notification-service-group] Rebootstrapping with [localhost/127.0.0.1:9092]
2026-06-15 21:33:01.652 [KafkaConsumerDestination{consumerDestinationName='order-events', partitions=0, dlqName='null'}.container-0-C-1] INFO  o.apache.kafka.clients.NetworkClient trace=,span= - [Consumer clientId=notification-service-0, groupId=notification-service-group] Node -1 disconnected.
2026-06-15 21:33:01.653 [KafkaConsumerDestination{consumerDestinationName='order-events', partitions=0, dlqName='null'}.container-0-C-1] WARN  o.apache.kafka.clients.NetworkClient trace=,span= - [Consumer clientId=notification-service-0, groupId=notification-service-group] Connection to node -1 (localhost/127.0.0.1:9092) could not be established. Node may not be available.
2026-06-15 21:33:01.655 [KafkaConsumerDestination{consumerDestinationName='order-events', partitions=0, dlqName='null'}.container-0-C-1] WARN  o.apache.kafka.clients.NetworkClient trace=,span= - [Consumer clientId=notification-service-0, groupId=notification-service-group] Bootstrap broker localhost:9092 (id: -1 rack: null isFenced: false) disconnected
2026-06-15 21:33:02.569 [KafkaConsumerDestination{consumerDestinationName='order-events', partitions=0, dlqName='null'}.container-0-C-1] INFO  org.apache.kafka.clients.Metadata trace=,span= - [Consumer clientId=notification-service-0, groupId=notification-service-group] Rebootstrapping with [localhost/127.0.0.1:9092]
2026-06-15 21:33:02.626 [KafkaConsumerDestination{consumerDestinationName='order-events', partitions=0, dlqName='null'}.container-0-C-1] INFO  o.apache.kafka.clients.NetworkClient trace=,span= - [Consumer clientId=notification-service-0, groupId=notification-service-group] Node -1 disconnected.
2026-06-15 21:33:02.626 [KafkaConsumerDestination{consumerDestinationName='order-events', partitions=0, dlqName='null'}.container-0-C-1] WARN  o.apache.kafka.clients.NetworkClient trace=,span= - [Consumer clientId=notification-service-0, groupId=notification-service-group] Connection to node -1 (localhost/127.0.0.1:9092) could not be established. Node may not be available.
2026-06-15 21:33:02.626 [KafkaConsumerDestination{consumerDestinationName='order-events', partitions=0, dlqName='null'}.container-0-C-1] WARN  o.apache.kafka.clients.NetworkClient trace=,span= - [Consumer clientId=notification-service-0, groupId=notification-service-group] Bootstrap broker localhost:9092 (id: -1 rack: null isFenced: false) disconnected
2026-06-15 21:33:03.629 [KafkaConsumerDestination{consumerDestinationName='order-events', partitions=0, dlqName='null'}.container-0-C-1] INFO  o.apache.kafka.clients.NetworkClient trace=,span= - [Consumer clientId=notification-service-0, groupId=notification-service-group] Node -1 disconnected.
2026-06-15 21:33:03.632 [KafkaConsumerDestination{consumerDestinationName='order-events', partitions=0, dlqName='null'}.container-0-C-1] WARN  o.apache.kafka.clients.NetworkClient trace=,span= - [Consumer clientId=notification-service-0, groupId=notification-service-group] Connection to node -1 (localhost/127.0.0.1:9092) could not be established. Node may not be available.
2026-06-15 21:33:03.633 [KafkaConsumerDestination{consumerDestinationName='order-events', partitions=0, dlqName='null'}.container-0-C-1] WARN  o.apache.kafka.clients.NetworkClient trace=,span= - [Consumer clientId=notification-service-0, groupId=notification-service-group] Bootstrap broker localhost:9092 (id: -1 rack: null isFenced: false) disconnected
2026-06-15 21:33:04.547 [KafkaConsumerDestination{consumerDestinationName='order-events', partitions=0, dlqName='null'}.container-0-C-1] INFO  org.apache.kafka.clients.Metadata trace=,span= - [Consumer clientId=notification-service-0, groupId=notification-service-group] Rebootstrapping with [localhost/127.0.0.1:9092]
2026-06-15 21:33:05.515 [KafkaConsumerDestination{consumerDestinationName='order-events', partitions=0, dlqName='null'}.container-0-C-1] INFO  o.apache.kafka.clients.NetworkClient trace=,span= - [Consumer clientId=notification-service-0, groupId=notification-service-group] Node -1 disconnected.
2026-06-15 21:33:05.516 [KafkaConsumerDestination{consumerDestinationName='order-events', partitions=0, dlqName='null'}.container-0-C-1] WARN  o.apache.kafka.clients.NetworkClient trace=,span= - [Consumer clientId=notification-service-0, groupId=notification-service-group] Connection to node -1 (localhost/127.0.0.1:9092) could not be established. Node may not be available.
2026-06-15 21:33:05.516 [KafkaConsumerDestination{consumerDestinationName='order-events', partitions=0, dlqName='null'}.container-0-C-1] WARN  o.apache.kafka.clients.NetworkClient trace=,span= - [Consumer clientId=notification-service-0, groupId=notification-service-group] Bootstrap broker localhost:9092 (id: -1 rack: null isFenced: false) disconnected
2026-06-15 21:33:05.573 [KafkaConsumerDestination{consumerDestinationName='order-events', partitions=0, dlqName='null'}.container-0-C-1] INFO  o.apache.kafka.clients.NetworkClient trace=,span= - [Consumer clientId=notification-service-0, groupId=notification-service-group] Node 1 disconnected.
2026-06-15 21:33:05.573 [KafkaConsumerDestination{consumerDestinationName='order-events', partitions=0, dlqName='null'}.container-0-C-1] WARN  o.apache.kafka.clients.NetworkClient trace=,span= - [Consumer clientId=notification-service-0, groupId=notification-service-group] Connection to node 1 (localhost/127.0.0.1:9092) could not be established. Node may not be available.
2026-06-15 21:33:05.573 [KafkaConsumerDestination{consumerDestinationName='order-events', partitions=0, dlqName='null'}.container-0-C-1] INFO  o.a.k.clients.FetchSessionHandler trace=,span= - [Consumer clientId=notification-service-0, groupId=notification-service-group] Error sending fetch request (sessionId=28017766, epoch=INITIAL) to node 1:
org.apache.kafka.common.errors.DisconnectException
2026-06-15 21:33:06.501 [KafkaConsumerDestination{consumerDestinationName='order-events', partitions=0, dlqName='null'}.container-0-C-1] INFO  o.apache.kafka.clients.NetworkClient trace=,span= - [Consumer clientId=notification-service-0, groupId=notification-service-group] Node -1 disconnected.
2026-06-15 21:33:06.503 [KafkaConsumerDestination{consumerDestinationName='order-events', partitions=0, dlqName='null'}.container-0-C-1] WARN  o.apache.kafka.clients.NetworkClient trace=,span= - [Consumer clientId=notification-service-0, groupId=notification-service-group] Connection to node -1 (localhost/127.0.0.1:9092) could not be established. Node may not be available.
2026-06-15 21:33:06.503 [KafkaConsumerDestination{consumerDestinationName='order-events', partitions=0, dlqName='null'}.container-0-C-1] WARN  o.apache.kafka.clients.NetworkClient trace=,span= - [Consumer clientId=notification-service-0, groupId=notification-service-group] Bootstrap broker localhost:9092 (id: -1 rack: null isFenced: false) disconnected
2026-06-15 21:33:06.503 [KafkaConsumerDestination{consumerDestinationName='order-events', partitions=0, dlqName='null'}.container-0-C-1] INFO  org.apache.kafka.clients.Metadata trace=,span= - [Consumer clientId=notification-service-0, groupId=notification-service-group] Rebootstrapping with [localhost/127.0.0.1:9092]
2026-06-15 21:33:06.555 [KafkaConsumerDestination{consumerDestinationName='order-events', partitions=0, dlqName='null'}.container-0-C-1] INFO  org.apache.kafka.clients.Metadata trace=,span= - [Consumer clientId=notification-service-0, groupId=notification-service-group] Rebootstrapping with [localhost/127.0.0.1:9092]
2026-06-15 21:33:06.758 [KafkaConsumerDestination{consumerDestinationName='order-events', partitions=0, dlqName='null'}.container-0-C-1] INFO  org.apache.kafka.clients.Metadata trace=,span= - [Consumer clientId=notification-service-0, groupId=notification-service-group] Rebootstrapping with [localhost/127.0.0.1:9092]
2026-06-15 21:33:06.811 [KafkaConsumerDestination{consumerDestinationName='order-events', partitions=0, dlqName='null'}.container-0-C-1] INFO  org.apache.kafka.clients.Metadata trace=,span= - [Consumer clientId=notification-service-0, groupId=notification-service-group] Rebootstrapping with [localhost/127.0.0.1:9092]
2026-06-15 21:33:07.281 [KafkaConsumerDestination{consumerDestinationName='order-events', partitions=0, dlqName='null'}.container-0-C-1] INFO  org.apache.kafka.clients.Metadata trace=,span= - [Consumer clientId=notification-service-0, groupId=notification-service-group] Rebootstrapping with [localhost/127.0.0.1:9092]
2026-06-15 21:33:07.334 [KafkaConsumerDestination{consumerDestinationName='order-events', partitions=0, dlqName='null'}.container-0-C-1] INFO  org.apache.kafka.clients.Metadata trace=,span= - [Consumer clientId=notification-service-0, groupId=notification-service-group] Rebootstrapping with [localhost/127.0.0.1:9092]
2026-06-15 21:33:08.113 [KafkaConsumerDestination{consumerDestinationName='order-events', partitions=0, dlqName='null'}.container-0-C-1] INFO  o.apache.kafka.clients.NetworkClient trace=,span= - [Consumer clientId=notification-service-0, groupId=notification-service-group] Node -1 disconnected.
2026-06-15 21:33:08.114 [KafkaConsumerDestination{consumerDestinationName='order-events', partitions=0, dlqName='null'}.container-0-C-1] WARN  o.apache.kafka.clients.NetworkClient trace=,span= - [Consumer clientId=notification-service-0, groupId=notification-service-group] Connection to node -1 (localhost/127.0.0.1:9092) could not be established. Node may not be available.
2026-06-15 21:33:08.115 [KafkaConsumerDestination{consumerDestinationName='order-events', partitions=0, dlqName='null'}.container-0-C-1] WARN  o.apache.kafka.clients.NetworkClient trace=,span= - [Consumer clientId=notification-service-0, groupId=notification-service-group] Bootstrap broker localhost:9092 (id: -1 rack: null isFenced: false) disconnected
2026-06-15 21:33:09.118 [KafkaConsumerDestination{consumerDestinationName='order-events', partitions=0, dlqName='null'}.container-0-C-1] INFO  o.apache.kafka.clients.NetworkClient trace=,span= - [Consumer clientId=notification-service-0, groupId=notification-service-group] Node -1 disconnected.
2026-06-15 21:33:09.119 [KafkaConsumerDestination{consumerDestinationName='order-events', partitions=0, dlqName='null'}.container-0-C-1] WARN  o.apache.kafka.clients.NetworkClient trace=,span= - [Consumer clientId=notification-service-0, groupId=notification-service-group] Connection to node -1 (localhost/127.0.0.1:9092) could not be established. Node may not be available.
2026-06-15 21:33:09.119 [KafkaConsumerDestination{consumerDestinationName='order-events', partitions=0, dlqName='null'}.container-0-C-1] WARN  o.apache.kafka.clients.NetworkClient trace=,span= - [Consumer clientId=notification-service-0, groupId=notification-service-group] Bootstrap broker localhost:9092 (id: -1 rack: null isFenced: false) disconnected
2026-06-15 21:33:10.069 [KafkaConsumerDestination{consumerDestinationName='order-events', partitions=0, dlqName='null'}.container-0-C-1] INFO  o.apache.kafka.clients.NetworkClient trace=,span= - [Consumer clientId=notification-service-0, groupId=notification-service-group] Node -1 disconnected.
2026-06-15 21:33:10.070 [KafkaConsumerDestination{consumerDestinationName='order-events', partitions=0, dlqName='null'}.container-0-C-1] WARN  o.apache.kafka.clients.NetworkClient trace=,span= - [Consumer clientId=notification-service-0, groupId=notification-service-group] Connection to node -1 (localhost/127.0.0.1:9092) could not be established. Node may not be available.
2026-06-15 21:33:10.071 [KafkaConsumerDestination{consumerDestinationName='order-events', partitions=0, dlqName='null'}.container-0-C-1] WARN  o.apache.kafka.clients.NetworkClient trace=,span= - [Consumer clientId=notification-service-0, groupId=notification-service-group] Bootstrap broker localhost:9092 (id: -1 rack: null isFenced: false) disconnected
2026-06-15 21:33:10.071 [KafkaConsumerDestination{consumerDestinationName='order-events', partitions=0, dlqName='null'}.container-0-C-1] INFO  org.apache.kafka.clients.Metadata trace=,span= - [Consumer clientId=notification-service-0, groupId=notification-service-group] Rebootstrapping with [localhost/127.0.0.1:9092]
2026-06-15 21:33:10.124 [KafkaConsumerDestination{consumerDestinationName='order-events', partitions=0, dlqName='null'}.container-0-C-1] INFO  org.apache.kafka.clients.Metadata trace=,span= - [Consumer clientId=notification-service-0, groupId=notification-service-group] Rebootstrapping with [localhost/127.0.0.1:9092]
2026-06-15 21:33:10.575 [KafkaConsumerDestination{consumerDestinationName='order-events', partitions=0, dlqName='null'}.container-0-C-1] INFO  org.apache.kafka.clients.Metadata trace=,span= - [Consumer clientId=notification-service-0, groupId=notification-service-group] Rebootstrapping with [localhost/127.0.0.1:9092]
2026-06-15 21:33:10.577 [kafka-coordinator-heartbeat-thread | notification-service-group] INFO  org.apache.kafka.clients.Metadata trace=,span= - [Consumer clientId=notification-service-0, groupId=notification-service-group] Rebootstrapping with [localhost/127.0.0.1:9092]
2026-06-15 21:33:10.578 [KafkaConsumerDestination{consumerDestinationName='order-events', partitions=0, dlqName='null'}.container-0-C-1] INFO  org.apache.kafka.clients.Metadata trace=,span= - [Consumer clientId=notification-service-0, groupId=notification-service-group] Rebootstrapping with [localhost/127.0.0.1:9092]
2026-06-15 21:33:10.578 [KafkaConsumerDestination{consumerDestinationName='order-events', partitions=0, dlqName='null'}.container-0-C-1] INFO  o.apache.kafka.clients.NetworkClient trace=,span= - [Consumer clientId=notification-service-0, groupId=notification-service-group] Node 1 disconnected.
2026-06-15 21:33:10.578 [KafkaConsumerDestination{consumerDestinationName='order-events', partitions=0, dlqName='null'}.container-0-C-1] WARN  o.apache.kafka.clients.NetworkClient trace=,span= - [Consumer clientId=notification-service-0, groupId=notification-service-group] Connection to node 1 (localhost/127.0.0.1:9092) could not be established. Node may not be available.
2026-06-15 21:33:10.578 [KafkaConsumerDestination{consumerDestinationName='order-events', partitions=0, dlqName='null'}.container-0-C-1] INFO  o.a.k.clients.FetchSessionHandler trace=,span= - [Consumer clientId=notification-service-0, groupId=notification-service-group] Error sending fetch request (sessionId=28017766, epoch=INITIAL) to node 1:
org.apache.kafka.common.errors.DisconnectException
2026-06-15 21:33:11.581 [KafkaConsumerDestination{consumerDestinationName='order-events', partitions=0, dlqName='null'}.container-0-C-1] INFO  o.apache.kafka.clients.NetworkClient trace=,span= - [Consumer clientId=notification-service-0, groupId=notification-service-group] Node -1 disconnected.
2026-06-15 21:33:11.584 [KafkaConsumerDestination{consumerDestinationName='order-events', partitions=0, dlqName='null'}.container-0-C-1] WARN  o.apache.kafka.clients.NetworkClient trace=,span= - [Consumer clientId=notification-service-0, groupId=notification-service-group] Connection to node -1 (localhost/127.0.0.1:9092) could not be established. Node may not be available.
2026-06-15 21:33:11.588 [KafkaConsumerDestination{consumerDestinationName='order-events', partitions=0, dlqName='null'}.container-0-C-1] WARN  o.apache.kafka.clients.NetworkClient trace=,span= - [Consumer clientId=notification-service-0, groupId=notification-service-group] Bootstrap broker localhost:9092 (id: -1 rack: null isFenced: false) disconnected
2026-06-15 21:33:12.536 [KafkaConsumerDestination{consumerDestinationName='order-events', partitions=0, dlqName='null'}.container-0-C-1] INFO  o.apache.kafka.clients.NetworkClient trace=,span= - [Consumer clientId=notification-service-0, groupId=notification-service-group] Node -1 disconnected.
2026-06-15 21:33:12.537 [KafkaConsumerDestination{consumerDestinationName='order-events', partitions=0, dlqName='null'}.container-0-C-1] WARN  o.apache.kafka.clients.NetworkClient trace=,span= - [Consumer clientId=notification-service-0, groupId=notification-service-group] Connection to node -1 (localhost/127.0.0.1:9092) could not be established. Node may not be available.
2026-06-15 21:33:12.537 [KafkaConsumerDestination{consumerDestinationName='order-events', partitions=0, dlqName='null'}.container-0-C-1] WARN  o.apache.kafka.clients.NetworkClient trace=,span= - [Consumer clientId=notification-service-0, groupId=notification-service-group] Bootstrap broker localhost:9092 (id: -1 rack: null isFenced: false) disconnected
2026-06-15 21:33:12.538 [KafkaConsumerDestination{consumerDestinationName='order-events', partitions=0, dlqName='null'}.container-0-C-1] INFO  org.apache.kafka.clients.Metadata trace=,span= - [Consumer clientId=notification-service-0, groupId=notification-service-group] Rebootstrapping with [localhost/127.0.0.1:9092]
2026-06-15 21:33:12.592 [KafkaConsumerDestination{consumerDestinationName='order-events', partitions=0, dlqName='null'}.container-0-C-1] INFO  org.apache.kafka.clients.Metadata trace=,span= - [Consumer clientId=notification-service-0, groupId=notification-service-group] Rebootstrapping with [localhost/127.0.0.1:9092]
2026-06-15 21:33:12.782 [KafkaConsumerDestination{consumerDestinationName='order-events', partitions=0, dlqName='null'}.container-0-C-1] INFO  org.apache.kafka.clients.Metadata trace=,span= - [Consumer clientId=notification-service-0, groupId=notification-service-group] Rebootstrapping with [localhost/127.0.0.1:9092]
2026-06-15 21:33:12.834 [KafkaConsumerDestination{consumerDestinationName='order-events', partitions=0, dlqName='null'}.container-0-C-1] INFO  org.apache.kafka.clients.Metadata trace=,span= - [Consumer clientId=notification-service-0, groupId=notification-service-group] Rebootstrapping with [localhost/127.0.0.1:9092]
2026-06-15 21:33:13.228 [KafkaConsumerDestination{consumerDestinationName='order-events', partitions=0, dlqName='null'}.container-0-C-1] INFO  org.apache.kafka.clients.Metadata trace=,span= - [Consumer clientId=notification-service-0, groupId=notification-service-group] Rebootstrapping with [localhost/127.0.0.1:9092]
2026-06-15 21:33:13.279 [KafkaConsumerDestination{consumerDestinationName='order-events', partitions=0, dlqName='null'}.container-0-C-1] INFO  org.apache.kafka.clients.Metadata trace=,span= - [Consumer clientId=notification-service-0, groupId=notification-service-group] Rebootstrapping with [localhost/127.0.0.1:9092]
2026-06-15 21:33:13.988 [KafkaConsumerDestination{consumerDestinationName='order-events', partitions=0, dlqName='null'}.container-0-C-1] INFO  o.apache.kafka.clients.NetworkClient trace=,span= - [Consumer clientId=notification-service-0, groupId=notification-service-group] Node -1 disconnected.
2026-06-15 21:33:13.989 [KafkaConsumerDestination{consumerDestinationName='order-events', partitions=0, dlqName='null'}.container-0-C-1] WARN  o.apache.kafka.clients.NetworkClient trace=,span= - [Consumer clientId=notification-service-0, groupId=notification-service-group] Connection to node -1 (localhost/127.0.0.1:9092) could not be established. Node may not be available.
2026-06-15 21:33:13.989 [KafkaConsumerDestination{consumerDestinationName='order-events', partitions=0, dlqName='null'}.container-0-C-1] WARN  o.apache.kafka.clients.NetworkClient trace=,span= - [Consumer clientId=notification-service-0, groupId=notification-service-group] Bootstrap broker localhost:9092 (id: -1 rack: null isFenced: false) disconnected
2026-06-15 21:33:14.884 [KafkaConsumerDestination{consumerDestinationName='order-events', partitions=0, dlqName='null'}.container-0-C-1] INFO  org.apache.kafka.clients.Metadata trace=,span= - [Consumer clientId=notification-service-0, groupId=notification-service-group] Rebootstrapping with [localhost/127.0.0.1:9092]
2026-06-15 21:33:15.581 [KafkaConsumerDestination{consumerDestinationName='order-events', partitions=0, dlqName='null'}.container-0-C-1] INFO  o.apache.kafka.clients.NetworkClient trace=,span= - [Consumer clientId=notification-service-0, groupId=notification-service-group] Node -1 disconnected.
2026-06-15 21:33:15.582 [KafkaConsumerDestination{consumerDestinationName='order-events', partitions=0, dlqName='null'}.container-0-C-1] WARN  o.apache.kafka.clients.NetworkClient trace=,span= - [Consumer clientId=notification-service-0, groupId=notification-service-group] Connection to node -1 (localhost/127.0.0.1:9092) could not be established. Node may not be available.
2026-06-15 21:33:15.582 [KafkaConsumerDestination{consumerDestinationName='order-events', partitions=0, dlqName='null'}.container-0-C-1] WARN  o.apache.kafka.clients.NetworkClient trace=,span= - [Consumer clientId=notification-service-0, groupId=notification-service-group] Bootstrap broker localhost:9092 (id: -1 rack: null isFenced: false) disconnected
2026-06-15 21:33:15.586 [KafkaConsumerDestination{consumerDestinationName='order-events', partitions=0, dlqName='null'}.container-0-C-1] INFO  o.apache.kafka.clients.NetworkClient trace=,span= - [Consumer clientId=notification-service-0, groupId=notification-service-group] Node 1 disconnected.
2026-06-15 21:33:15.586 [KafkaConsumerDestination{consumerDestinationName='order-events', partitions=0, dlqName='null'}.container-0-C-1] WARN  o.apache.kafka.clients.NetworkClient trace=,span= - [Consumer clientId=notification-service-0, groupId=notification-service-group] Connection to node 1 (localhost/127.0.0.1:9092) could not be established. Node may not be available.
2026-06-15 21:33:15.586 [KafkaConsumerDestination{consumerDestinationName='order-events', partitions=0, dlqName='null'}.container-0-C-1] INFO  o.a.k.clients.FetchSessionHandler trace=,span= - [Consumer clientId=notification-service-0, groupId=notification-service-group] Error sending fetch request (sessionId=28017766, epoch=INITIAL) to node 1:
org.apache.kafka.common.errors.DisconnectException
2026-06-15 21:33:16.445 [KafkaConsumerDestination{consumerDestinationName='order-events', partitions=0, dlqName='null'}.container-0-C-1] INFO  org.apache.kafka.clients.Metadata trace=,span= - [Consumer clientId=notification-service-0, groupId=notification-service-group] Rebootstrapping with [localhost/127.0.0.1:9092]
2026-06-15 21:33:16.500 [KafkaConsumerDestination{consumerDestinationName='order-events', partitions=0, dlqName='null'}.container-0-C-1] INFO  org.apache.kafka.clients.Metadata trace=,span= - [Consumer clientId=notification-service-0, groupId=notification-service-group] Rebootstrapping with [localhost/127.0.0.1:9092]
2026-06-15 21:33:16.731 [KafkaConsumerDestination{consumerDestinationName='order-events', partitions=0, dlqName='null'}.container-0-C-1] INFO  o.apache.kafka.clients.NetworkClient trace=,span= - [Consumer clientId=notification-service-0, groupId=notification-service-group] Node -1 disconnected.
2026-06-15 21:33:16.732 [KafkaConsumerDestination{consumerDestinationName='order-events', partitions=0, dlqName='null'}.container-0-C-1] INFO  o.apache.kafka.clients.NetworkClient trace=,span= - [Consumer clientId=notification-service-0, groupId=notification-service-group] Cancelled in-flight API_VERSIONS request with correlation id 5437 due to node -1 being disconnected (elapsed time since creation: 1ms, elapsed time since send: 1ms, throttle time: 0ms, request timeout: 30000ms)
2026-06-15 21:33:16.732 [KafkaConsumerDestination{consumerDestinationName='order-events', partitions=0, dlqName='null'}.container-0-C-1] WARN  o.apache.kafka.clients.NetworkClient trace=,span= - [Consumer clientId=notification-service-0, groupId=notification-service-group] Bootstrap broker localhost:9092 (id: -1 rack: null isFenced: false) disconnected
2026-06-15 21:33:17.696 [KafkaConsumerDestination{consumerDestinationName='order-events', partitions=0, dlqName='null'}.container-0-C-1] INFO  org.apache.kafka.clients.Metadata trace=,span= - [Consumer clientId=notification-service-0, groupId=notification-service-group] Rebootstrapping with [localhost/127.0.0.1:9092]
2026-06-15 21:33:17.750 [KafkaConsumerDestination{consumerDestinationName='order-events', partitions=0, dlqName='null'}.container-0-C-1] INFO  o.apache.kafka.clients.NetworkClient trace=,span= - [Consumer clientId=notification-service-0, groupId=notification-service-group] Node -1 disconnected.
2026-06-15 21:33:17.750 [KafkaConsumerDestination{consumerDestinationName='order-events', partitions=0, dlqName='null'}.container-0-C-1] INFO  o.apache.kafka.clients.NetworkClient trace=,span= - [Consumer clientId=notification-service-0, groupId=notification-service-group] Cancelled in-flight API_VERSIONS request with correlation id 5439 due to node -1 being disconnected (elapsed time since creation: 2ms, elapsed time since send: 2ms, throttle time: 0ms, request timeout: 30000ms)
2026-06-15 21:33:17.750 [KafkaConsumerDestination{consumerDestinationName='order-events', partitions=0, dlqName='null'}.container-0-C-1] WARN  o.apache.kafka.clients.NetworkClient trace=,span= - [Consumer clientId=notification-service-0, groupId=notification-service-group] Bootstrap broker localhost:9092 (id: -1 rack: null isFenced: false) disconnected
2026-06-15 21:33:18.708 [KafkaConsumerDestination{consumerDestinationName='order-events', partitions=0, dlqName='null'}.container-0-C-1] INFO  org.apache.kafka.clients.Metadata trace=,span= - [Consumer clientId=notification-service-0, groupId=notification-service-group] Rebootstrapping with [localhost/127.0.0.1:9092]
2026-06-15 21:33:18.761 [KafkaConsumerDestination{consumerDestinationName='order-events', partitions=0, dlqName='null'}.container-0-C-1] INFO  o.apache.kafka.clients.NetworkClient trace=,span= - [Consumer clientId=notification-service-0, groupId=notification-service-group] Node -1 disconnected.
2026-06-15 21:33:18.761 [KafkaConsumerDestination{consumerDestinationName='order-events', partitions=0, dlqName='null'}.container-0-C-1] INFO  o.apache.kafka.clients.NetworkClient trace=,span= - [Consumer clientId=notification-service-0, groupId=notification-service-group] Cancelled in-flight API_VERSIONS request with correlation id 5441 due to node -1 being disconnected (elapsed time since creation: 2ms, elapsed time since send: 2ms, throttle time: 0ms, request timeout: 30000ms)
2026-06-15 21:33:18.762 [KafkaConsumerDestination{consumerDestinationName='order-events', partitions=0, dlqName='null'}.container-0-C-1] WARN  o.apache.kafka.clients.NetworkClient trace=,span= - [Consumer clientId=notification-service-0, groupId=notification-service-group] Bootstrap broker localhost:9092 (id: -1 rack: null isFenced: false) disconnected
2026-06-15 21:33:19.782 [KafkaConsumerDestination{consumerDestinationName='order-events', partitions=0, dlqName='null'}.container-0-C-1] INFO  org.apache.kafka.clients.Metadata trace=,span= - [Consumer clientId=notification-service-0, groupId=notification-service-group] Resetting the last seen epoch of partition order-events-0 to 8 since the associated topicId changed from null to mDSD5rtGR_-avqOVEhEMxw
2026-06-15 21:33:19.783 [KafkaConsumerDestination{consumerDestinationName='order-events', partitions=0, dlqName='null'}.container-0-C-1] INFO  org.apache.kafka.clients.Metadata trace=,span= - [Consumer clientId=notification-service-0, groupId=notification-service-group] Cluster ID: 5L6g3nShT-eMCtK--X86sw
2026-06-15 21:33:19.791 [KafkaConsumerDestination{consumerDestinationName='order-events', partitions=0, dlqName='null'}.container-0-C-1] INFO  o.a.k.c.c.i.ConsumerCoordinator trace=,span= - [Consumer clientId=notification-service-0, groupId=notification-service-group] Discovered group coordinator localhost:9092 (id: 2147483646 rack: null isFenced: false)
2026-06-15 21:33:19.792 [KafkaConsumerDestination{consumerDestinationName='order-events', partitions=0, dlqName='null'}.container-0-C-1] INFO  o.a.k.c.c.i.ConsumerCoordinator trace=,span= - [Consumer clientId=notification-service-0, groupId=notification-service-group] Request joining group due to: cached metadata has changed from (version56: {order-events=[NO_RACKS]}) at the beginning of the rebalance to (version92: {order-events=[]})
2026-06-15 21:33:19.793 [KafkaConsumerDestination{consumerDestinationName='order-events', partitions=0, dlqName='null'}.container-0-C-1] INFO  o.a.k.c.c.i.ConsumerRebalanceListenerInvoker trace=,span= - [Consumer clientId=notification-service-0, groupId=notification-service-group] Revoke previously assigned partitions [order-events-0]
2026-06-15 21:33:19.795 [KafkaConsumerDestination{consumerDestinationName='order-events', partitions=0, dlqName='null'}.container-0-C-1] INFO  o.a.k.c.c.i.ConsumerCoordinator trace=,span= - [Consumer clientId=notification-service-0, groupId=notification-service-group] (Re-)joining group
2026-06-15 21:33:19.808 [KafkaConsumerDestination{consumerDestinationName='order-events', partitions=0, dlqName='null'}.container-0-C-1] INFO  o.a.k.c.c.i.ConsumerCoordinator trace=,span= - [Consumer clientId=notification-service-0, groupId=notification-service-group] Successfully joined group with generation Generation{generationId=19, memberId='notification-service-0-0c5d20e3-6208-408d-a99d-1d9641388c72', protocol='range'}
2026-06-15 21:33:19.814 [KafkaConsumerDestination{consumerDestinationName='order-events', partitions=0, dlqName='null'}.container-0-C-1] INFO  o.a.k.c.c.i.ConsumerCoordinator trace=,span= - [Consumer clientId=notification-service-0, groupId=notification-service-group] Finished assignment for group at generation 19: {notification-service-0-0c5d20e3-6208-408d-a99d-1d9641388c72=Assignment(partitions=[order-events-0])}
2026-06-15 21:33:19.830 [KafkaConsumerDestination{consumerDestinationName='order-events', partitions=0, dlqName='null'}.container-0-C-1] INFO  o.a.k.c.c.i.ConsumerCoordinator trace=,span= - [Consumer clientId=notification-service-0, groupId=notification-service-group] Successfully synced group in generation Generation{generationId=19, memberId='notification-service-0-0c5d20e3-6208-408d-a99d-1d9641388c72', protocol='range'}
2026-06-15 21:33:19.830 [KafkaConsumerDestination{consumerDestinationName='order-events', partitions=0, dlqName='null'}.container-0-C-1] INFO  o.a.k.c.c.i.ConsumerCoordinator trace=,span= - [Consumer clientId=notification-service-0, groupId=notification-service-group] Notifying assignor about the new Assignment(partitions=[order-events-0])
2026-06-15 21:33:19.831 [KafkaConsumerDestination{consumerDestinationName='order-events', partitions=0, dlqName='null'}.container-0-C-1] INFO  o.a.k.c.c.i.ConsumerRebalanceListenerInvoker trace=,span= - [Consumer clientId=notification-service-0, groupId=notification-service-group] Adding newly assigned partitions: [order-events-0]
2026-06-15 21:33:19.834 [KafkaConsumerDestination{consumerDestinationName='order-events', partitions=0, dlqName='null'}.container-0-C-1] INFO  o.a.k.c.c.internals.ConsumerUtils trace=,span= - Setting offset for partition order-events-0 to the committed offset FetchPosition{offset=10, offsetEpoch=Optional.empty, currentLeader=LeaderAndEpoch{leader=Optional[localhost:9092 (id: 1 rack: null isFenced: false)], epoch=8}}
2026-06-15 21:36:22.637 [KafkaConsumerDestination{consumerDestinationName='order-events', partitions=0, dlqName='null'}.container-0-C-1] INFO  c.l.n.m.OrderNotificationListener trace=c0fc172271358da64304cb4994b34869,span= - Received order event: OrderEventMessage[tenantId=dzianis-tech-inc, orderId=04f067e6-bd7a-4b7f-aede-efa82f0be27f, status=CREATED]
2026-06-15 21:36:22.948 [KafkaConsumerDestination{consumerDestinationName='order-events', partitions=0, dlqName='null'}.container-0-C-1] DEBUG c.l.n.cache.OrderRedisCacheService trace=c0fc172271358da64304cb4994b34869,span= - Order is not present in cache: tenantId=dzianis-tech-inc, orderId=04f067e6-bd7a-4b7f-aede-efa82f0be27f
2026-06-15 21:36:22.949 [KafkaConsumerDestination{consumerDestinationName='order-events', partitions=0, dlqName='null'}.container-0-C-1] DEBUG c.l.n.s.OrderNotificationService trace=c0fc172271358da64304cb4994b34869,span= - Order not found in cache, using fallback to db stub | orderId=04f067e6-bd7a-4b7f-aede-efa82f0be27f
2026-06-15 21:36:22.949 [KafkaConsumerDestination{consumerDestinationName='order-events', partitions=0, dlqName='null'}.container-0-C-1] INFO  c.l.n.s.OrderNotificationService trace=c0fc172271358da64304cb4994b34869,span= - Triggering order receipt notification | orderId=04f067e6-bd7a-4b7f-aede-efa82f0be27f status=CREATED
2026-06-15 21:36:22.949 [KafkaConsumerDestination{consumerDestinationName='order-events', partitions=0, dlqName='null'}.container-0-C-1] DEBUG c.l.n.s.OrderReceiptNotificationService trace=c0fc172271358da64304cb4994b34869,span= - Order receipt notification | tenantId=dzianis-tech-inc orderId=04f067e6-bd7a-4b7f-aede-efa82f0be27f status=CREATED message='Order receipt: Your order '04f067e6-bd7a-4b7f-aede-efa82f0be27f' has been created. Thank you for choosing us!'
2026-06-15 21:36:22.949 [KafkaConsumerDestination{consumerDestinationName='order-events', partitions=0, dlqName='null'}.container-0-C-1] INFO  c.l.n.s.c.EmailNotificationChannel trace=c0fc172271358da64304cb4994b34869,span= - [EMAIL] Sending notification to customer email=some@loadup.com | tenantId=dzianis-tech-inc | orderId=04f067e6-bd7a-4b7f-aede-efa82f0be27f | message='Order receipt: Your order '04f067e6-bd7a-4b7f-aede-efa82f0be27f' has been created. Thank you for choosing us!'
2026-06-15 21:36:22.950 [KafkaConsumerDestination{consumerDestinationName='order-events', partitions=0, dlqName='null'}.container-0-C-1] INFO  c.l.n.m.OrderNotificationListener trace=c0fc172271358da64304cb4994b34869,span= - Order event acknowledged.
2026-06-15 21:38:09.142 [KafkaConsumerDestination{consumerDestinationName='order-events', partitions=0, dlqName='null'}.container-0-C-1] INFO  c.l.n.m.OrderNotificationListener trace=df3ee8a4f882a9e0f8a354110adca740,span= - Received order event: OrderEventMessage[tenantId=dzianis-tech-inc, orderId=81bf598a-210c-4a35-81f5-73293395e08f, status=CREATED]
2026-06-15 21:38:09.148 [KafkaConsumerDestination{consumerDestinationName='order-events', partitions=0, dlqName='null'}.container-0-C-1] DEBUG c.l.n.cache.OrderRedisCacheService trace=df3ee8a4f882a9e0f8a354110adca740,span= - Order is not present in cache: tenantId=dzianis-tech-inc, orderId=81bf598a-210c-4a35-81f5-73293395e08f
2026-06-15 21:38:09.149 [KafkaConsumerDestination{consumerDestinationName='order-events', partitions=0, dlqName='null'}.container-0-C-1] DEBUG c.l.n.s.OrderNotificationService trace=df3ee8a4f882a9e0f8a354110adca740,span= - Order not found in cache, using fallback to db stub | orderId=81bf598a-210c-4a35-81f5-73293395e08f
2026-06-15 21:38:09.149 [KafkaConsumerDestination{consumerDestinationName='order-events', partitions=0, dlqName='null'}.container-0-C-1] INFO  c.l.n.s.OrderNotificationService trace=df3ee8a4f882a9e0f8a354110adca740,span= - Triggering order receipt notification | orderId=81bf598a-210c-4a35-81f5-73293395e08f status=CREATED
2026-06-15 21:38:09.149 [KafkaConsumerDestination{consumerDestinationName='order-events', partitions=0, dlqName='null'}.container-0-C-1] DEBUG c.l.n.s.OrderReceiptNotificationService trace=df3ee8a4f882a9e0f8a354110adca740,span= - Order receipt notification | tenantId=dzianis-tech-inc orderId=81bf598a-210c-4a35-81f5-73293395e08f status=CREATED message='Order receipt: Your order '81bf598a-210c-4a35-81f5-73293395e08f' has been created. Thank you for choosing us!'
2026-06-15 21:38:09.149 [KafkaConsumerDestination{consumerDestinationName='order-events', partitions=0, dlqName='null'}.container-0-C-1] INFO  c.l.n.s.c.EmailNotificationChannel trace=df3ee8a4f882a9e0f8a354110adca740,span= - [EMAIL] Sending notification to customer email=some@loadup.com | tenantId=dzianis-tech-inc | orderId=81bf598a-210c-4a35-81f5-73293395e08f | message='Order receipt: Your order '81bf598a-210c-4a35-81f5-73293395e08f' has been created. Thank you for choosing us!'
2026-06-15 21:38:09.149 [KafkaConsumerDestination{consumerDestinationName='order-events', partitions=0, dlqName='null'}.container-0-C-1] INFO  c.l.n.m.OrderNotificationListener trace=df3ee8a4f882a9e0f8a354110adca740,span= - Order event acknowledged.
2026-06-15 21:46:03.430 [KafkaConsumerDestination{consumerDestinationName='order-events', partitions=0, dlqName='null'}.container-0-C-1] INFO  o.apache.kafka.clients.NetworkClient trace=,span= - [Consumer clientId=notification-service-0, groupId=notification-service-group] Node 1 disconnected.
2026-06-15 21:46:03.431 [KafkaConsumerDestination{consumerDestinationName='order-events', partitions=0, dlqName='null'}.container-0-C-1] INFO  o.apache.kafka.clients.NetworkClient trace=,span= - [Consumer clientId=notification-service-0, groupId=notification-service-group] Cancelled in-flight FETCH request with correlation id 7225 due to node 1 being disconnected (elapsed time since creation: 13ms, elapsed time since send: 13ms, throttle time: 0ms, request timeout: 30000ms)
2026-06-15 21:46:03.432 [KafkaConsumerDestination{consumerDestinationName='order-events', partitions=0, dlqName='null'}.container-0-C-1] INFO  o.a.k.clients.FetchSessionHandler trace=,span= - [Consumer clientId=notification-service-0, groupId=notification-service-group] Error sending fetch request (sessionId=146977032, epoch=1515) to node 1:
org.apache.kafka.common.errors.DisconnectException
2026-06-15 21:46:03.433 [KafkaConsumerDestination{consumerDestinationName='order-events', partitions=0, dlqName='null'}.container-0-C-1] INFO  o.apache.kafka.clients.NetworkClient trace=,span= - [Consumer clientId=notification-service-0, groupId=notification-service-group] Node 2147483646 disconnected.
2026-06-15 21:46:03.433 [KafkaConsumerDestination{consumerDestinationName='order-events', partitions=0, dlqName='null'}.container-0-C-1] INFO  o.a.k.c.c.i.ConsumerCoordinator trace=,span= - [Consumer clientId=notification-service-0, groupId=notification-service-group] Group coordinator localhost:9092 (id: 2147483646 rack: null isFenced: false) is unavailable or invalid due to cause: coordinator unavailable. isDisconnected: true. Rediscovery will be attempted.
2026-06-15 21:46:03.530 [KafkaConsumerDestination{consumerDestinationName='order-events', partitions=0, dlqName='null'}.container-0-C-1] INFO  o.apache.kafka.clients.NetworkClient trace=,span= - [Consumer clientId=notification-service-0, groupId=notification-service-group] Node 1 disconnected.
2026-06-15 21:46:03.531 [KafkaConsumerDestination{consumerDestinationName='order-events', partitions=0, dlqName='null'}.container-0-C-1] INFO  o.apache.kafka.clients.NetworkClient trace=,span= - [Consumer clientId=notification-service-0, groupId=notification-service-group] Cancelled in-flight API_VERSIONS request with correlation id 7226 due to node 1 being disconnected (elapsed time since creation: 4ms, elapsed time since send: 4ms, throttle time: 0ms, request timeout: 30000ms)
2026-06-15 21:46:03.646 [KafkaConsumerDestination{consumerDestinationName='order-events', partitions=0, dlqName='null'}.container-0-C-1] INFO  o.apache.kafka.clients.NetworkClient trace=,span= - [Consumer clientId=notification-service-0, groupId=notification-service-group] Node 1 disconnected.
2026-06-15 21:46:03.646 [KafkaConsumerDestination{consumerDestinationName='order-events', partitions=0, dlqName='null'}.container-0-C-1] INFO  o.apache.kafka.clients.NetworkClient trace=,span= - [Consumer clientId=notification-service-0, groupId=notification-service-group] Cancelled in-flight API_VERSIONS request with correlation id 7227 due to node 1 being disconnected (elapsed time since creation: 2ms, elapsed time since send: 2ms, throttle time: 0ms, request timeout: 30000ms)
2026-06-15 21:46:03.849 [KafkaConsumerDestination{consumerDestinationName='order-events', partitions=0, dlqName='null'}.container-0-C-1] INFO  org.apache.kafka.clients.Metadata trace=,span= - [Consumer clientId=notification-service-0, groupId=notification-service-group] Rebootstrapping with [localhost/127.0.0.1:9092]
2026-06-15 21:46:03.853 [KafkaConsumerDestination{consumerDestinationName='order-events', partitions=0, dlqName='null'}.container-0-C-1] INFO  o.apache.kafka.clients.NetworkClient trace=,span= - [Consumer clientId=notification-service-0, groupId=notification-service-group] Node -1 disconnected.
2026-06-15 21:46:03.854 [KafkaConsumerDestination{consumerDestinationName='order-events', partitions=0, dlqName='null'}.container-0-C-1] INFO  o.apache.kafka.clients.NetworkClient trace=,span= - [Consumer clientId=notification-service-0, groupId=notification-service-group] Cancelled in-flight API_VERSIONS request with correlation id 7228 due to node -1 being disconnected (elapsed time since creation: 2ms, elapsed time since send: 2ms, throttle time: 0ms, request timeout: 30000ms)
2026-06-15 21:46:03.854 [KafkaConsumerDestination{consumerDestinationName='order-events', partitions=0, dlqName='null'}.container-0-C-1] WARN  o.apache.kafka.clients.NetworkClient trace=,span= - [Consumer clientId=notification-service-0, groupId=notification-service-group] Bootstrap broker localhost:9092 (id: -1 rack: null isFenced: false) disconnected
2026-06-15 21:46:04.291 [KafkaConsumerDestination{consumerDestinationName='order-events', partitions=0, dlqName='null'}.container-0-C-1] INFO  o.apache.kafka.clients.NetworkClient trace=,span= - [Consumer clientId=notification-service-0, groupId=notification-service-group] Node -1 disconnected.
2026-06-15 21:46:04.296 [KafkaConsumerDestination{consumerDestinationName='order-events', partitions=0, dlqName='null'}.container-0-C-1] INFO  o.apache.kafka.clients.NetworkClient trace=,span= - [Consumer clientId=notification-service-0, groupId=notification-service-group] Cancelled in-flight API_VERSIONS request with correlation id 7230 due to node -1 being disconnected (elapsed time since creation: 4ms, elapsed time since send: 4ms, throttle time: 0ms, request timeout: 30000ms)
2026-06-15 21:46:04.298 [KafkaConsumerDestination{consumerDestinationName='order-events', partitions=0, dlqName='null'}.container-0-C-1] WARN  o.apache.kafka.clients.NetworkClient trace=,span= - [Consumer clientId=notification-service-0, groupId=notification-service-group] Bootstrap broker localhost:9092 (id: -1 rack: null isFenced: false) disconnected
2026-06-15 21:46:04.318 [kafka-coordinator-heartbeat-thread | notification-service-group] INFO  org.apache.kafka.clients.Metadata trace=,span= - [Consumer clientId=notification-service-0, groupId=notification-service-group] Rebootstrapping with [localhost/127.0.0.1:9092]
2026-06-15 21:46:04.339 [KafkaConsumerDestination{consumerDestinationName='order-events', partitions=0, dlqName='null'}.container-0-C-1] INFO  org.apache.kafka.clients.Metadata trace=,span= - [Consumer clientId=notification-service-0, groupId=notification-service-group] Rebootstrapping with [localhost/127.0.0.1:9092]
2026-06-15 21:46:04.340 [KafkaConsumerDestination{consumerDestinationName='order-events', partitions=0, dlqName='null'}.container-0-C-1] INFO  org.apache.kafka.clients.Metadata trace=,span= - [Consumer clientId=notification-service-0, groupId=notification-service-group] Rebootstrapping with [localhost/127.0.0.1:9092]
2026-06-15 21:46:04.422 [KafkaConsumerDestination{consumerDestinationName='order-events', partitions=0, dlqName='null'}.container-0-C-1] INFO  org.apache.kafka.clients.Metadata trace=,span= - [Consumer clientId=notification-service-0, groupId=notification-service-group] Rebootstrapping with [localhost/127.0.0.1:9092]
2026-06-15 21:46:04.423 [KafkaConsumerDestination{consumerDestinationName='order-events', partitions=0, dlqName='null'}.container-0-C-1] INFO  org.apache.kafka.clients.Metadata trace=,span= - [Consumer clientId=notification-service-0, groupId=notification-service-group] Rebootstrapping with [localhost/127.0.0.1:9092]
2026-06-15 21:46:04.424 [KafkaConsumerDestination{consumerDestinationName='order-events', partitions=0, dlqName='null'}.container-0-C-1] INFO  o.apache.kafka.clients.NetworkClient trace=,span= - [Consumer clientId=notification-service-0, groupId=notification-service-group] Node 1 disconnected.
2026-06-15 21:46:04.424 [KafkaConsumerDestination{consumerDestinationName='order-events', partitions=0, dlqName='null'}.container-0-C-1] INFO  o.apache.kafka.clients.NetworkClient trace=,span= - [Consumer clientId=notification-service-0, groupId=notification-service-group] Cancelled in-flight API_VERSIONS request with correlation id 7232 due to node 1 being disconnected (elapsed time since creation: 1ms, elapsed time since send: 1ms, throttle time: 0ms, request timeout: 30000ms)
2026-06-15 21:46:04.424 [KafkaConsumerDestination{consumerDestinationName='order-events', partitions=0, dlqName='null'}.container-0-C-1] INFO  o.a.k.clients.FetchSessionHandler trace=,span= - [Consumer clientId=notification-service-0, groupId=notification-service-group] Error sending fetch request (sessionId=146977032, epoch=INITIAL) to node 1:
org.apache.kafka.common.errors.DisconnectException
2026-06-15 21:46:05.257 [KafkaConsumerDestination{consumerDestinationName='order-events', partitions=0, dlqName='null'}.container-0-C-1] INFO  o.apache.kafka.clients.NetworkClient trace=,span= - [Consumer clientId=notification-service-0, groupId=notification-service-group] Node -1 disconnected.
2026-06-15 21:46:05.257 [KafkaConsumerDestination{consumerDestinationName='order-events', partitions=0, dlqName='null'}.container-0-C-1] WARN  o.apache.kafka.clients.NetworkClient trace=,span= - [Consumer clientId=notification-service-0, groupId=notification-service-group] Connection to node -1 (localhost/127.0.0.1:9092) could not be established. Node may not be available.
2026-06-15 21:46:05.258 [KafkaConsumerDestination{consumerDestinationName='order-events', partitions=0, dlqName='null'}.container-0-C-1] WARN  o.apache.kafka.clients.NetworkClient trace=,span= - [Consumer clientId=notification-service-0, groupId=notification-service-group] Bootstrap broker localhost:9092 (id: -1 rack: null isFenced: false) disconnected
2026-06-15 21:46:06.260 [KafkaConsumerDestination{consumerDestinationName='order-events', partitions=0, dlqName='null'}.container-0-C-1] INFO  o.apache.kafka.clients.NetworkClient trace=,span= - [Consumer clientId=notification-service-0, groupId=notification-service-group] Node -1 disconnected.
2026-06-15 21:46:06.261 [KafkaConsumerDestination{consumerDestinationName='order-events', partitions=0, dlqName='null'}.container-0-C-1] WARN  o.apache.kafka.clients.NetworkClient trace=,span= - [Consumer clientId=notification-service-0, groupId=notification-service-group] Connection to node -1 (localhost/127.0.0.1:9092) could not be established. Node may not be available.
2026-06-15 21:46:06.261 [KafkaConsumerDestination{consumerDestinationName='order-events', partitions=0, dlqName='null'}.container-0-C-1] WARN  o.apache.kafka.clients.NetworkClient trace=,span= - [Consumer clientId=notification-service-0, groupId=notification-service-group] Bootstrap broker localhost:9092 (id: -1 rack: null isFenced: false) disconnected
2026-06-15 21:46:07.265 [KafkaConsumerDestination{consumerDestinationName='order-events', partitions=0, dlqName='null'}.container-0-C-1] INFO  o.apache.kafka.clients.NetworkClient trace=,span= - [Consumer clientId=notification-service-0, groupId=notification-service-group] Node -1 disconnected.
2026-06-15 21:46:07.265 [KafkaConsumerDestination{consumerDestinationName='order-events', partitions=0, dlqName='null'}.container-0-C-1] WARN  o.apache.kafka.clients.NetworkClient trace=,span= - [Consumer clientId=notification-service-0, groupId=notification-service-group] Connection to node -1 (localhost/127.0.0.1:9092) could not be established. Node may not be available.
2026-06-15 21:46:07.265 [KafkaConsumerDestination{consumerDestinationName='order-events', partitions=0, dlqName='null'}.container-0-C-1] WARN  o.apache.kafka.clients.NetworkClient trace=,span= - [Consumer clientId=notification-service-0, groupId=notification-service-group] Bootstrap broker localhost:9092 (id: -1 rack: null isFenced: false) disconnected
2026-06-15 21:46:08.267 [KafkaConsumerDestination{consumerDestinationName='order-events', partitions=0, dlqName='null'}.container-0-C-1] INFO  o.apache.kafka.clients.NetworkClient trace=,span= - [Consumer clientId=notification-service-0, groupId=notification-service-group] Node -1 disconnected.
2026-06-15 21:46:08.267 [KafkaConsumerDestination{consumerDestinationName='order-events', partitions=0, dlqName='null'}.container-0-C-1] WARN  o.apache.kafka.clients.NetworkClient trace=,span= - [Consumer clientId=notification-service-0, groupId=notification-service-group] Connection to node -1 (localhost/127.0.0.1:9092) could not be established. Node may not be available.
2026-06-15 21:46:08.268 [KafkaConsumerDestination{consumerDestinationName='order-events', partitions=0, dlqName='null'}.container-0-C-1] WARN  o.apache.kafka.clients.NetworkClient trace=,span= - [Consumer clientId=notification-service-0, groupId=notification-service-group] Bootstrap broker localhost:9092 (id: -1 rack: null isFenced: false) disconnected
2026-06-15 21:46:09.267 [KafkaConsumerDestination{consumerDestinationName='order-events', partitions=0, dlqName='null'}.container-0-C-1] INFO  o.apache.kafka.clients.NetworkClient trace=,span= - [Consumer clientId=notification-service-0, groupId=notification-service-group] Node -1 disconnected.
2026-06-15 21:46:09.268 [KafkaConsumerDestination{consumerDestinationName='order-events', partitions=0, dlqName='null'}.container-0-C-1] WARN  o.apache.kafka.clients.NetworkClient trace=,span= - [Consumer clientId=notification-service-0, groupId=notification-service-group] Connection to node -1 (localhost/127.0.0.1:9092) could not be established. Node may not be available.
2026-06-15 21:46:09.268 [KafkaConsumerDestination{consumerDestinationName='order-events', partitions=0, dlqName='null'}.container-0-C-1] WARN  o.apache.kafka.clients.NetworkClient trace=,span= - [Consumer clientId=notification-service-0, groupId=notification-service-group] Bootstrap broker localhost:9092 (id: -1 rack: null isFenced: false) disconnected
2026-06-15 21:46:09.350 [KafkaConsumerDestination{consumerDestinationName='order-events', partitions=0, dlqName='null'}.container-0-C-1] INFO  o.apache.kafka.clients.NetworkClient trace=,span= - [Consumer clientId=notification-service-0, groupId=notification-service-group] Node 1 disconnected.
2026-06-15 21:46:09.350 [KafkaConsumerDestination{consumerDestinationName='order-events', partitions=0, dlqName='null'}.container-0-C-1] WARN  o.apache.kafka.clients.NetworkClient trace=,span= - [Consumer clientId=notification-service-0, groupId=notification-service-group] Connection to node 1 (localhost/127.0.0.1:9092) could not be established. Node may not be available.
2026-06-15 21:46:09.351 [KafkaConsumerDestination{consumerDestinationName='order-events', partitions=0, dlqName='null'}.container-0-C-1] INFO  o.a.k.clients.FetchSessionHandler trace=,span= - [Consumer clientId=notification-service-0, groupId=notification-service-group] Error sending fetch request (sessionId=146977032, epoch=INITIAL) to node 1:
org.apache.kafka.common.errors.DisconnectException
2026-06-15 21:46:09.435 [SpringApplicationShutdownHook] INFO  o.s.boot.tomcat.GracefulShutdown trace=,span= - Commencing graceful shutdown. Waiting for active requests to complete
2026-06-15 21:46:10.188 [KafkaConsumerDestination{consumerDestinationName='order-events', partitions=0, dlqName='null'}.container-0-C-1] INFO  org.apache.kafka.clients.Metadata trace=,span= - [Consumer clientId=notification-service-0, groupId=notification-service-group] Rebootstrapping with [localhost/127.0.0.1:9092]
2026-06-15 21:46:10.241 [KafkaConsumerDestination{consumerDestinationName='order-events', partitions=0, dlqName='null'}.container-0-C-1] INFO  org.apache.kafka.clients.Metadata trace=,span= - [Consumer clientId=notification-service-0, groupId=notification-service-group] Rebootstrapping with [localhost/127.0.0.1:9092]
2026-06-15 21:46:10.418 [KafkaConsumerDestination{consumerDestinationName='order-events', partitions=0, dlqName='null'}.container-0-C-1] INFO  o.apache.kafka.clients.NetworkClient trace=,span= - [Consumer clientId=notification-service-0, groupId=notification-service-group] Node -1 disconnected.
2026-06-15 21:46:10.418 [KafkaConsumerDestination{consumerDestinationName='order-events', partitions=0, dlqName='null'}.container-0-C-1] WARN  o.apache.kafka.clients.NetworkClient trace=,span= - [Consumer clientId=notification-service-0, groupId=notification-service-group] Connection to node -1 (localhost/127.0.0.1:9092) could not be established. Node may not be available.
2026-06-15 21:46:10.418 [KafkaConsumerDestination{consumerDestinationName='order-events', partitions=0, dlqName='null'}.container-0-C-1] WARN  o.apache.kafka.clients.NetworkClient trace=,span= - [Consumer clientId=notification-service-0, groupId=notification-service-group] Bootstrap broker localhost:9092 (id: -1 rack: null isFenced: false) disconnected
2026-06-15 21:46:11.420 [KafkaConsumerDestination{consumerDestinationName='order-events', partitions=0, dlqName='null'}.container-0-C-1] INFO  o.apache.kafka.clients.NetworkClient trace=,span= - [Consumer clientId=notification-service-0, groupId=notification-service-group] Node -1 disconnected.
2026-06-15 21:46:11.420 [KafkaConsumerDestination{consumerDestinationName='order-events', partitions=0, dlqName='null'}.container-0-C-1] WARN  o.apache.kafka.clients.NetworkClient trace=,span= - [Consumer clientId=notification-service-0, groupId=notification-service-group] Connection to node -1 (localhost/127.0.0.1:9092) could not be established. Node may not be available.
2026-06-15 21:46:11.420 [KafkaConsumerDestination{consumerDestinationName='order-events', partitions=0, dlqName='null'}.container-0-C-1] WARN  o.apache.kafka.clients.NetworkClient trace=,span= - [Consumer clientId=notification-service-0, groupId=notification-service-group] Bootstrap broker localhost:9092 (id: -1 rack: null isFenced: false) disconnected
2026-06-15 21:46:11.453 [tomcat-shutdown] INFO  o.s.boot.tomcat.GracefulShutdown trace=,span= - Graceful shutdown complete
2026-06-15 21:46:11.459 [KafkaConsumerDestination{consumerDestinationName='order-events', partitions=0, dlqName='null'}.container-0-C-1] INFO  o.a.k.c.c.i.ConsumerRebalanceListenerInvoker trace=,span= - [Consumer clientId=notification-service-0, groupId=notification-service-group] Revoke previously assigned partitions [order-events-0]
2026-06-15 21:46:11.459 [KafkaConsumerDestination{consumerDestinationName='order-events', partitions=0, dlqName='null'}.container-0-C-1] INFO  o.a.k.c.c.i.ConsumerCoordinator trace=,span= - [Consumer clientId=notification-service-0, groupId=notification-service-group] Resetting generation and member id due to: consumer pro-actively leaving the group
2026-06-15 21:46:11.459 [KafkaConsumerDestination{consumerDestinationName='order-events', partitions=0, dlqName='null'}.container-0-C-1] INFO  o.a.k.c.c.i.ConsumerCoordinator trace=,span= - [Consumer clientId=notification-service-0, groupId=notification-service-group] Request joining group due to: consumer pro-actively leaving the group
2026-06-15 21:46:11.460 [KafkaConsumerDestination{consumerDestinationName='order-events', partitions=0, dlqName='null'}.container-0-C-1] INFO  o.a.k.c.c.i.ClassicKafkaConsumer trace=,span= - [Consumer clientId=notification-service-0, groupId=notification-service-group] Unsubscribed all topics or patterns and assigned partitions
2026-06-15 21:46:11.460 [KafkaConsumerDestination{consumerDestinationName='order-events', partitions=0, dlqName='null'}.container-0-C-1] INFO  o.a.k.c.c.i.ConsumerCoordinator trace=,span= - [Consumer clientId=notification-service-0, groupId=notification-service-group] Resetting generation and member id due to: consumer pro-actively leaving the group
2026-06-15 21:46:11.460 [KafkaConsumerDestination{consumerDestinationName='order-events', partitions=0, dlqName='null'}.container-0-C-1] INFO  o.a.k.c.c.i.ConsumerCoordinator trace=,span= - [Consumer clientId=notification-service-0, groupId=notification-service-group] Request joining group due to: consumer pro-actively leaving the group
2026-06-15 21:46:11.461 [KafkaConsumerDestination{consumerDestinationName='order-events', partitions=0, dlqName='null'}.container-0-C-1] INFO  o.a.kafka.common.metrics.Metrics trace=,span= - Metrics scheduler closed
2026-06-15 21:46:11.461 [KafkaConsumerDestination{consumerDestinationName='order-events', partitions=0, dlqName='null'}.container-0-C-1] INFO  o.a.kafka.common.metrics.Metrics trace=,span= - Closing reporter org.apache.kafka.common.metrics.JmxReporter
2026-06-15 21:46:11.461 [KafkaConsumerDestination{consumerDestinationName='order-events', partitions=0, dlqName='null'}.container-0-C-1] INFO  o.a.kafka.common.metrics.Metrics trace=,span= - Closing reporter org.apache.kafka.common.telemetry.internals.ClientTelemetryReporter
2026-06-15 21:46:11.461 [KafkaConsumerDestination{consumerDestinationName='order-events', partitions=0, dlqName='null'}.container-0-C-1] INFO  o.a.kafka.common.metrics.Metrics trace=,span= - Metrics reporters closed
2026-06-15 21:46:11.462 [KafkaConsumerDestination{consumerDestinationName='order-events', partitions=0, dlqName='null'}.container-0-C-1] INFO  o.a.kafka.common.utils.AppInfoParser trace=,span= - App info kafka.consumer for notification-service-0 unregistered
2026-06-15 21:46:11.464 [SpringApplicationShutdownHook] INFO  o.s.i.k.i.KafkaMessageDrivenChannelAdapter trace=,span= - stopped org.springframework.integration.kafka.inbound.KafkaMessageDrivenChannelAdapter@1ac71b87
2026-06-15 21:46:11.481 [SpringApplicationShutdownHook] INFO  o.s.i.endpoint.EventDrivenConsumer trace=,span= - Removing {logging-channel-adapter:_org.springframework.integration.errorLogger} as a subscriber to the 'errorChannel' channel
2026-06-15 21:46:11.481 [SpringApplicationShutdownHook] INFO  o.s.i.c.PublishSubscribeChannel trace=,span= - Channel 'notification-service.errorChannel' has 0 subscriber(s).
2026-06-15 21:46:11.481 [SpringApplicationShutdownHook] INFO  o.s.i.endpoint.EventDrivenConsumer trace=,span= - stopped bean '_org.springframework.integration.errorLogger'
2026-06-15 22:35:47.243 [main] INFO  c.l.n.NotificationServiceApplication trace=,span= - Starting NotificationServiceApplication v0.0.1-SNAPSHOT using Java 25.0.2 with PID 20842 (/Users/Dzianis_Padbiarezski/projects/loadup/order-service/notification-service/build/libs/notification-service-0.0.1-SNAPSHOT.jar started by Dzianis_Padbiarezski in /Users/Dzianis_Padbiarezski/projects/loadup/order-service/notification-service)
2026-06-15 22:35:47.245 [main] DEBUG c.l.n.NotificationServiceApplication trace=,span= - Running with Spring Boot v4.0.7, Spring v7.0.8
2026-06-15 22:35:47.245 [main] INFO  c.l.n.NotificationServiceApplication trace=,span= - No active profile set, falling back to 1 default profile: "default"
2026-06-15 22:35:47.427 [background-preinit] INFO  o.h.validator.internal.util.Version trace=,span= - HV000001: Hibernate Validator 9.0.1.Final
2026-06-15 22:35:47.710 [main] INFO  o.s.d.r.c.RepositoryConfigurationDelegate trace=,span= - Multiple Spring Data modules found, entering strict repository configuration mode
2026-06-15 22:35:47.712 [main] INFO  o.s.d.r.c.RepositoryConfigurationDelegate trace=,span= - Bootstrapping Spring Data Redis repositories in DEFAULT mode.
2026-06-15 22:35:47.734 [main] INFO  o.s.d.r.c.RepositoryConfigurationDelegate trace=,span= - Finished Spring Data repository scanning in 9 ms. Found 0 Redis repository interfaces.
2026-06-15 22:35:47.859 [main] INFO  o.s.i.c.DefaultConfiguringBeanFactoryPostProcessor trace=,span= - No bean named 'errorChannel' has been explicitly defined. Therefore, a default PublishSubscribeChannel will be created.
2026-06-15 22:35:47.865 [main] INFO  o.s.i.c.DefaultConfiguringBeanFactoryPostProcessor trace=,span= - No bean named 'integrationHeaderChannelRegistry' has been explicitly defined. Therefore, a default DefaultHeaderChannelRegistry will be created.
2026-06-15 22:35:48.227 [main] INFO  o.s.boot.tomcat.TomcatWebServer trace=,span= - Tomcat initialized with port 8081 (http)
2026-06-15 22:35:48.236 [main] INFO  o.a.coyote.http11.Http11NioProtocol trace=,span= - Initializing ProtocolHandler ["http-nio-8081"]
2026-06-15 22:35:48.238 [main] INFO  o.a.catalina.core.StandardService trace=,span= - Starting service [Tomcat]
2026-06-15 22:35:48.238 [main] INFO  o.a.catalina.core.StandardEngine trace=,span= - Starting Servlet engine: [Apache Tomcat/11.0.22]
2026-06-15 22:35:48.255 [main] INFO  o.s.b.w.c.s.WebApplicationContextInitializer trace=,span= - Root WebApplicationContext: initialization completed in 976 ms
2026-06-15 22:35:48.364 [main] WARN  i.n.r.d.DnsServerAddressStreamProviders trace=,span= - Can not find io.netty.resolver.dns.macos.MacOSDnsServerAddressStreamProvider in the classpath, fallback to system defaults. This may result in incorrect DNS resolutions on MacOS. Check whether you have a dependency on 'io.netty:netty-resolver-dns-native-macos'
2026-06-15 22:35:49.077 [main] INFO  o.s.i.endpoint.EventDrivenConsumer trace=,span= - Adding {logging-channel-adapter:_org.springframework.integration.errorLogger} as a subscriber to the 'errorChannel' channel
2026-06-15 22:35:49.077 [main] INFO  o.s.i.c.PublishSubscribeChannel trace=,span= - Channel 'notification-service.errorChannel' has 1 subscriber(s).
2026-06-15 22:35:49.077 [main] INFO  o.s.i.endpoint.EventDrivenConsumer trace=,span= - started bean '_org.springframework.integration.errorLogger'
2026-06-15 22:35:49.195 [main] INFO  o.a.k.common.config.AbstractConfig trace=,span= - ConsumerConfig values: 
	allow.auto.create.topics = true
	auto.commit.interval.ms = 100
	auto.offset.reset = earliest
	bootstrap.servers = [localhost:9092]
	check.crcs = true
	client.dns.lookup = use_all_dns_ips
	client.id = notification-service
	client.rack = 
	connections.max.idle.ms = 540000
	default.api.timeout.ms = 60000
	enable.auto.commit = false
	enable.metrics.push = true
	exclude.internal.topics = true
	fetch.max.bytes = 52428800
	fetch.max.wait.ms = 500
	fetch.min.bytes = 1
	group.id = notification-service-group
	group.instance.id = null
	group.protocol = classic
	group.remote.assignor = null
	heartbeat.interval.ms = 3000
	interceptor.classes = []
	internal.leave.group.on.close = true
	internal.throw.on.fetch.stable.offset.unsupported = false
	isolation.level = read_uncommitted
	key.deserializer = class org.apache.kafka.common.serialization.ByteArrayDeserializer
	max.partition.fetch.bytes = 1048576
	max.poll.interval.ms = 300000
	max.poll.records = 500
	metadata.max.age.ms = 300000
	metadata.recovery.rebootstrap.trigger.ms = 300000
	metadata.recovery.strategy = rebootstrap
	metric.reporters = [org.apache.kafka.common.metrics.JmxReporter]
	metrics.num.samples = 2
	metrics.recording.level = INFO
	metrics.sample.window.ms = 30000
	partition.assignment.strategy = [class org.apache.kafka.clients.consumer.RangeAssignor, class org.apache.kafka.clients.consumer.CooperativeStickyAssignor]
	receive.buffer.bytes = 65536
	reconnect.backoff.max.ms = 1000
	reconnect.backoff.ms = 50
	request.timeout.ms = 30000
	retry.backoff.max.ms = 1000
	retry.backoff.ms = 100
	sasl.client.callback.handler.class = null
	sasl.jaas.config = null
	sasl.kerberos.kinit.cmd = /usr/bin/kinit
	sasl.kerberos.min.time.before.relogin = 60000
	sasl.kerberos.service.name = null
	sasl.kerberos.ticket.renew.jitter = 0.05
	sasl.kerberos.ticket.renew.window.factor = 0.8
	sasl.login.callback.handler.class = null
	sasl.login.class = null
	sasl.login.connect.timeout.ms = null
	sasl.login.read.timeout.ms = null
	sasl.login.refresh.buffer.seconds = 300
	sasl.login.refresh.min.period.seconds = 60
	sasl.login.refresh.window.factor = 0.8
	sasl.login.refresh.window.jitter = 0.05
	sasl.login.retry.backoff.max.ms = 10000
	sasl.login.retry.backoff.ms = 100
	sasl.mechanism = GSSAPI
	sasl.oauthbearer.assertion.algorithm = RS256
	sasl.oauthbearer.assertion.claim.aud = null
	sasl.oauthbearer.assertion.claim.exp.seconds = 300
	sasl.oauthbearer.assertion.claim.iss = null
	sasl.oauthbearer.assertion.claim.jti.include = false
	sasl.oauthbearer.assertion.claim.nbf.seconds = 60
	sasl.oauthbearer.assertion.claim.sub = null
	sasl.oauthbearer.assertion.file = null
	sasl.oauthbearer.assertion.private.key.file = null
	sasl.oauthbearer.assertion.private.key.passphrase = null
	sasl.oauthbearer.assertion.template.file = null
	sasl.oauthbearer.client.credentials.client.id = null
	sasl.oauthbearer.client.credentials.client.secret = null
	sasl.oauthbearer.clock.skew.seconds = 30
	sasl.oauthbearer.expected.audience = null
	sasl.oauthbearer.expected.issuer = null
	sasl.oauthbearer.header.urlencode = false
	sasl.oauthbearer.jwks.endpoint.refresh.ms = 3600000
	sasl.oauthbearer.jwks.endpoint.retry.backoff.max.ms = 10000
	sasl.oauthbearer.jwks.endpoint.retry.backoff.ms = 100
	sasl.oauthbearer.jwks.endpoint.url = null
	sasl.oauthbearer.jwt.retriever.class = class org.apache.kafka.common.security.oauthbearer.DefaultJwtRetriever
	sasl.oauthbearer.jwt.validator.class = class org.apache.kafka.common.security.oauthbearer.DefaultJwtValidator
	sasl.oauthbearer.scope = null
	sasl.oauthbearer.scope.claim.name = scope
	sasl.oauthbearer.sub.claim.name = sub
	sasl.oauthbearer.token.endpoint.url = null
	security.protocol = PLAINTEXT
	security.providers = null
	send.buffer.bytes = 131072
	session.timeout.ms = 45000
	share.acknowledgement.mode = implicit
	socket.connection.setup.timeout.max.ms = 30000
	socket.connection.setup.timeout.ms = 10000
	ssl.cipher.suites = null
	ssl.enabled.protocols = [TLSv1.2, TLSv1.3]
	ssl.endpoint.identification.algorithm = https
	ssl.engine.factory.class = null
	ssl.key.password = null
	ssl.keymanager.algorithm = SunX509
	ssl.keystore.certificate.chain = null
	ssl.keystore.key = null
	ssl.keystore.location = null
	ssl.keystore.password = null
	ssl.keystore.type = JKS
	ssl.protocol = TLSv1.3
	ssl.provider = null
	ssl.secure.random.implementation = null
	ssl.trustmanager.algorithm = PKIX
	ssl.truststore.certificates = null
	ssl.truststore.location = null
	ssl.truststore.password = null
	ssl.truststore.type = JKS
	value.deserializer = class org.apache.kafka.common.serialization.ByteArrayDeserializer

2026-06-15 22:35:49.226 [main] INFO  o.a.k.c.t.i.KafkaMetricsCollector trace=,span= - initializing Kafka metrics collector
2026-06-15 22:35:49.350 [main] INFO  o.a.kafka.common.utils.AppInfoParser trace=,span= - Kafka version: 4.1.2
2026-06-15 22:35:49.350 [main] INFO  o.a.kafka.common.utils.AppInfoParser trace=,span= - Kafka commitId: c82fd9b934b4c1e6
2026-06-15 22:35:49.350 [main] INFO  o.a.kafka.common.utils.AppInfoParser trace=,span= - Kafka startTimeMs: 1781577349349
2026-06-15 22:35:49.590 [main] INFO  org.apache.kafka.clients.Metadata trace=,span= - [Consumer clientId=notification-service, groupId=notification-service-group] Cluster ID: 5L6g3nShT-eMCtK--X86sw
2026-06-15 22:35:49.594 [main] INFO  o.a.k.c.c.i.ConsumerCoordinator trace=,span= - [Consumer clientId=notification-service, groupId=notification-service-group] Resetting generation and member id due to: consumer pro-actively leaving the group
2026-06-15 22:35:49.594 [main] INFO  o.a.k.c.c.i.ConsumerCoordinator trace=,span= - [Consumer clientId=notification-service, groupId=notification-service-group] Request joining group due to: consumer pro-actively leaving the group
2026-06-15 22:35:49.596 [main] INFO  o.a.kafka.common.metrics.Metrics trace=,span= - Metrics scheduler closed
2026-06-15 22:35:49.596 [main] INFO  o.a.kafka.common.metrics.Metrics trace=,span= - Closing reporter org.apache.kafka.common.metrics.JmxReporter
2026-06-15 22:35:49.596 [main] INFO  o.a.kafka.common.metrics.Metrics trace=,span= - Closing reporter org.apache.kafka.common.telemetry.internals.ClientTelemetryReporter
2026-06-15 22:35:49.596 [main] INFO  o.a.kafka.common.metrics.Metrics trace=,span= - Metrics reporters closed
2026-06-15 22:35:49.600 [main] INFO  o.a.kafka.common.utils.AppInfoParser trace=,span= - App info kafka.consumer for notification-service unregistered
2026-06-15 22:35:49.636 [main] INFO  o.a.k.common.config.AbstractConfig trace=,span= - ConsumerConfig values: 
	allow.auto.create.topics = true
	auto.commit.interval.ms = 100
	auto.offset.reset = earliest
	bootstrap.servers = [localhost:9092]
	check.crcs = true
	client.dns.lookup = use_all_dns_ips
	client.id = notification-service-0
	client.rack = 
	connections.max.idle.ms = 540000
	default.api.timeout.ms = 60000
	enable.auto.commit = false
	enable.metrics.push = true
	exclude.internal.topics = true
	fetch.max.bytes = 52428800
	fetch.max.wait.ms = 500
	fetch.min.bytes = 1
	group.id = notification-service-group
	group.instance.id = null
	group.protocol = classic
	group.remote.assignor = null
	heartbeat.interval.ms = 3000
	interceptor.classes = []
	internal.leave.group.on.close = true
	internal.throw.on.fetch.stable.offset.unsupported = false
	isolation.level = read_uncommitted
	key.deserializer = class org.apache.kafka.common.serialization.ByteArrayDeserializer
	max.partition.fetch.bytes = 1048576
	max.poll.interval.ms = 300000
	max.poll.records = 500
	metadata.max.age.ms = 300000
	metadata.recovery.rebootstrap.trigger.ms = 300000
	metadata.recovery.strategy = rebootstrap
	metric.reporters = [org.apache.kafka.common.metrics.JmxReporter]
	metrics.num.samples = 2
	metrics.recording.level = INFO
	metrics.sample.window.ms = 30000
	partition.assignment.strategy = [class org.apache.kafka.clients.consumer.RangeAssignor, class org.apache.kafka.clients.consumer.CooperativeStickyAssignor]
	receive.buffer.bytes = 65536
	reconnect.backoff.max.ms = 1000
	reconnect.backoff.ms = 50
	request.timeout.ms = 30000
	retry.backoff.max.ms = 1000
	retry.backoff.ms = 100
	sasl.client.callback.handler.class = null
	sasl.jaas.config = null
	sasl.kerberos.kinit.cmd = /usr/bin/kinit
	sasl.kerberos.min.time.before.relogin = 60000
	sasl.kerberos.service.name = null
	sasl.kerberos.ticket.renew.jitter = 0.05
	sasl.kerberos.ticket.renew.window.factor = 0.8
	sasl.login.callback.handler.class = null
	sasl.login.class = null
	sasl.login.connect.timeout.ms = null
	sasl.login.read.timeout.ms = null
	sasl.login.refresh.buffer.seconds = 300
	sasl.login.refresh.min.period.seconds = 60
	sasl.login.refresh.window.factor = 0.8
	sasl.login.refresh.window.jitter = 0.05
	sasl.login.retry.backoff.max.ms = 10000
	sasl.login.retry.backoff.ms = 100
	sasl.mechanism = GSSAPI
	sasl.oauthbearer.assertion.algorithm = RS256
	sasl.oauthbearer.assertion.claim.aud = null
	sasl.oauthbearer.assertion.claim.exp.seconds = 300
	sasl.oauthbearer.assertion.claim.iss = null
	sasl.oauthbearer.assertion.claim.jti.include = false
	sasl.oauthbearer.assertion.claim.nbf.seconds = 60
	sasl.oauthbearer.assertion.claim.sub = null
	sasl.oauthbearer.assertion.file = null
	sasl.oauthbearer.assertion.private.key.file = null
	sasl.oauthbearer.assertion.private.key.passphrase = null
	sasl.oauthbearer.assertion.template.file = null
	sasl.oauthbearer.client.credentials.client.id = null
	sasl.oauthbearer.client.credentials.client.secret = null
	sasl.oauthbearer.clock.skew.seconds = 30
	sasl.oauthbearer.expected.audience = null
	sasl.oauthbearer.expected.issuer = null
	sasl.oauthbearer.header.urlencode = false
	sasl.oauthbearer.jwks.endpoint.refresh.ms = 3600000
	sasl.oauthbearer.jwks.endpoint.retry.backoff.max.ms = 10000
	sasl.oauthbearer.jwks.endpoint.retry.backoff.ms = 100
	sasl.oauthbearer.jwks.endpoint.url = null
	sasl.oauthbearer.jwt.retriever.class = class org.apache.kafka.common.security.oauthbearer.DefaultJwtRetriever
	sasl.oauthbearer.jwt.validator.class = class org.apache.kafka.common.security.oauthbearer.DefaultJwtValidator
	sasl.oauthbearer.scope = null
	sasl.oauthbearer.scope.claim.name = scope
	sasl.oauthbearer.sub.claim.name = sub
	sasl.oauthbearer.token.endpoint.url = null
	security.protocol = PLAINTEXT
	security.providers = null
	send.buffer.bytes = 131072
	session.timeout.ms = 45000
	share.acknowledgement.mode = implicit
	socket.connection.setup.timeout.max.ms = 30000
	socket.connection.setup.timeout.ms = 10000
	ssl.cipher.suites = null
	ssl.enabled.protocols = [TLSv1.2, TLSv1.3]
	ssl.endpoint.identification.algorithm = https
	ssl.engine.factory.class = null
	ssl.key.password = null
	ssl.keymanager.algorithm = SunX509
	ssl.keystore.certificate.chain = null
	ssl.keystore.key = null
	ssl.keystore.location = null
	ssl.keystore.password = null
	ssl.keystore.type = JKS
	ssl.protocol = TLSv1.3
	ssl.provider = null
	ssl.secure.random.implementation = null
	ssl.trustmanager.algorithm = PKIX
	ssl.truststore.certificates = null
	ssl.truststore.location = null
	ssl.truststore.password = null
	ssl.truststore.type = JKS
	value.deserializer = class org.apache.kafka.common.serialization.ByteArrayDeserializer

2026-06-15 22:35:49.637 [main] INFO  o.a.k.c.t.i.KafkaMetricsCollector trace=,span= - initializing Kafka metrics collector
2026-06-15 22:35:49.640 [main] INFO  o.a.kafka.common.utils.AppInfoParser trace=,span= - Kafka version: 4.1.2
2026-06-15 22:35:49.640 [main] INFO  o.a.kafka.common.utils.AppInfoParser trace=,span= - Kafka commitId: c82fd9b934b4c1e6
2026-06-15 22:35:49.640 [main] INFO  o.a.kafka.common.utils.AppInfoParser trace=,span= - Kafka startTimeMs: 1781577349640
2026-06-15 22:35:49.641 [main] INFO  o.a.k.c.c.i.ClassicKafkaConsumer trace=,span= - [Consumer clientId=notification-service-0, groupId=notification-service-group] Subscribed to topic(s): order-events
2026-06-15 22:35:49.646 [main] INFO  o.s.i.k.i.KafkaMessageDrivenChannelAdapter trace=,span= - started org.springframework.integration.kafka.inbound.KafkaMessageDrivenChannelAdapter@1ac71b87
2026-06-15 22:35:49.647 [main] INFO  o.a.coyote.http11.Http11NioProtocol trace=,span= - Starting ProtocolHandler ["http-nio-8081"]
2026-06-15 22:35:49.654 [main] INFO  o.s.boot.tomcat.TomcatWebServer trace=,span= - Tomcat started on port 8081 (http) with context path '/'
2026-06-15 22:35:49.654 [KafkaConsumerDestination{consumerDestinationName='order-events', partitions=0, dlqName='null'}.container-0-C-1] INFO  org.apache.kafka.clients.Metadata trace=,span= - [Consumer clientId=notification-service-0, groupId=notification-service-group] Cluster ID: 5L6g3nShT-eMCtK--X86sw
2026-06-15 22:35:49.662 [KafkaConsumerDestination{consumerDestinationName='order-events', partitions=0, dlqName='null'}.container-0-C-1] INFO  o.a.k.c.c.i.ConsumerCoordinator trace=,span= - [Consumer clientId=notification-service-0, groupId=notification-service-group] Discovered group coordinator localhost:9092 (id: 2147483646 rack: null isFenced: false)
2026-06-15 22:35:49.663 [KafkaConsumerDestination{consumerDestinationName='order-events', partitions=0, dlqName='null'}.container-0-C-1] INFO  o.a.k.c.c.i.ConsumerCoordinator trace=,span= - [Consumer clientId=notification-service-0, groupId=notification-service-group] (Re-)joining group
2026-06-15 22:35:49.668 [main] INFO  c.l.n.NotificationServiceApplication trace=,span= - Started NotificationServiceApplication in 2.861 seconds (process running for 3.249)
2026-06-15 22:35:49.682 [KafkaConsumerDestination{consumerDestinationName='order-events', partitions=0, dlqName='null'}.container-0-C-1] INFO  o.a.k.c.c.i.ConsumerCoordinator trace=,span= - [Consumer clientId=notification-service-0, groupId=notification-service-group] Request joining group due to: need to re-join with the given member-id: notification-service-0-cf01e6db-9789-452f-87d1-56074ae80196
2026-06-15 22:35:49.682 [KafkaConsumerDestination{consumerDestinationName='order-events', partitions=0, dlqName='null'}.container-0-C-1] INFO  o.a.k.c.c.i.ConsumerCoordinator trace=,span= - [Consumer clientId=notification-service-0, groupId=notification-service-group] (Re-)joining group
2026-06-15 22:35:52.695 [KafkaConsumerDestination{consumerDestinationName='order-events', partitions=0, dlqName='null'}.container-0-C-1] INFO  o.a.k.c.c.i.ConsumerCoordinator trace=,span= - [Consumer clientId=notification-service-0, groupId=notification-service-group] Successfully joined group with generation Generation{generationId=3, memberId='notification-service-0-cf01e6db-9789-452f-87d1-56074ae80196', protocol='range'}
2026-06-15 22:35:52.699 [KafkaConsumerDestination{consumerDestinationName='order-events', partitions=0, dlqName='null'}.container-0-C-1] INFO  o.a.k.c.c.i.ConsumerCoordinator trace=,span= - [Consumer clientId=notification-service-0, groupId=notification-service-group] Finished assignment for group at generation 3: {notification-service-0-cf01e6db-9789-452f-87d1-56074ae80196=Assignment(partitions=[order-events-0])}
2026-06-15 22:35:52.710 [KafkaConsumerDestination{consumerDestinationName='order-events', partitions=0, dlqName='null'}.container-0-C-1] INFO  o.a.k.c.c.i.ConsumerCoordinator trace=,span= - [Consumer clientId=notification-service-0, groupId=notification-service-group] Successfully synced group in generation Generation{generationId=3, memberId='notification-service-0-cf01e6db-9789-452f-87d1-56074ae80196', protocol='range'}
2026-06-15 22:35:52.710 [KafkaConsumerDestination{consumerDestinationName='order-events', partitions=0, dlqName='null'}.container-0-C-1] INFO  o.a.k.c.c.i.ConsumerCoordinator trace=,span= - [Consumer clientId=notification-service-0, groupId=notification-service-group] Notifying assignor about the new Assignment(partitions=[order-events-0])
2026-06-15 22:35:52.711 [KafkaConsumerDestination{consumerDestinationName='order-events', partitions=0, dlqName='null'}.container-0-C-1] INFO  o.a.k.c.c.i.ConsumerRebalanceListenerInvoker trace=,span= - [Consumer clientId=notification-service-0, groupId=notification-service-group] Adding newly assigned partitions: [order-events-0]
2026-06-15 22:35:52.722 [KafkaConsumerDestination{consumerDestinationName='order-events', partitions=0, dlqName='null'}.container-0-C-1] INFO  o.a.k.c.c.internals.ConsumerUtils trace=,span= - Setting offset for partition order-events-0 to the committed offset FetchPosition{offset=1, offsetEpoch=Optional.empty, currentLeader=LeaderAndEpoch{leader=Optional[localhost:9092 (id: 1 rack: null isFenced: false)], epoch=2}}
2026-06-15 22:36:05.409 [KafkaConsumerDestination{consumerDestinationName='order-events', partitions=0, dlqName='null'}.container-0-C-1] INFO  c.l.n.m.OrderNotificationListener trace=c90badce3e2eec64fdc74314a5d77121,span= - Received order event: OrderEventMessage[tenantId=dzianis-tech-inc, orderId=12b3a572-e50d-49e9-8799-cf13504c8b8e, status=CREATED]
2026-06-15 22:36:06.284 [KafkaConsumerDestination{consumerDestinationName='order-events', partitions=0, dlqName='null'}.container-0-C-1] DEBUG c.l.n.cache.OrderRedisCacheService trace=c90badce3e2eec64fdc74314a5d77121,span= - Order is not present in cache: tenantId=dzianis-tech-inc, orderId=12b3a572-e50d-49e9-8799-cf13504c8b8e
2026-06-15 22:36:06.285 [KafkaConsumerDestination{consumerDestinationName='order-events', partitions=0, dlqName='null'}.container-0-C-1] DEBUG c.l.n.s.OrderNotificationService trace=c90badce3e2eec64fdc74314a5d77121,span= - Order not found in cache, using fallback to db stub | orderId=12b3a572-e50d-49e9-8799-cf13504c8b8e
2026-06-15 22:36:06.286 [KafkaConsumerDestination{consumerDestinationName='order-events', partitions=0, dlqName='null'}.container-0-C-1] INFO  c.l.n.s.OrderNotificationService trace=c90badce3e2eec64fdc74314a5d77121,span= - Triggering order receipt notification | orderId=12b3a572-e50d-49e9-8799-cf13504c8b8e status=CREATED
2026-06-15 22:36:06.286 [KafkaConsumerDestination{consumerDestinationName='order-events', partitions=0, dlqName='null'}.container-0-C-1] DEBUG c.l.n.s.OrderReceiptNotificationService trace=c90badce3e2eec64fdc74314a5d77121,span= - Order receipt notification | tenantId=dzianis-tech-inc orderId=12b3a572-e50d-49e9-8799-cf13504c8b8e status=CREATED message='Order receipt: Your order '12b3a572-e50d-49e9-8799-cf13504c8b8e' has been created. Thank you for choosing us!'
2026-06-15 22:36:06.286 [KafkaConsumerDestination{consumerDestinationName='order-events', partitions=0, dlqName='null'}.container-0-C-1] INFO  c.l.n.s.c.EmailNotificationChannel trace=c90badce3e2eec64fdc74314a5d77121,span= - [EMAIL] Sending notification to customer email=some@loadup.com | tenantId=dzianis-tech-inc | orderId=12b3a572-e50d-49e9-8799-cf13504c8b8e | message='Order receipt: Your order '12b3a572-e50d-49e9-8799-cf13504c8b8e' has been created. Thank you for choosing us!'
2026-06-15 22:36:06.287 [KafkaConsumerDestination{consumerDestinationName='order-events', partitions=0, dlqName='null'}.container-0-C-1] INFO  c.l.n.m.OrderNotificationListener trace=c90badce3e2eec64fdc74314a5d77121,span= - Order event acknowledged.
2026-06-15 22:37:20.618 [SpringApplicationShutdownHook] INFO  o.s.boot.tomcat.GracefulShutdown trace=,span= - Commencing graceful shutdown. Waiting for active requests to complete
2026-06-15 22:37:22.644 [tomcat-shutdown] INFO  o.s.boot.tomcat.GracefulShutdown trace=,span= - Graceful shutdown complete
2026-06-15 22:37:22.656 [KafkaConsumerDestination{consumerDestinationName='order-events', partitions=0, dlqName='null'}.container-0-C-1] INFO  o.a.k.c.c.i.ConsumerRebalanceListenerInvoker trace=,span= - [Consumer clientId=notification-service-0, groupId=notification-service-group] Revoke previously assigned partitions [order-events-0]
2026-06-15 22:37:22.658 [KafkaConsumerDestination{consumerDestinationName='order-events', partitions=0, dlqName='null'}.container-0-C-1] INFO  o.a.k.c.c.i.ConsumerCoordinator trace=,span= - [Consumer clientId=notification-service-0, groupId=notification-service-group] Member notification-service-0-cf01e6db-9789-452f-87d1-56074ae80196 sending LeaveGroup request to coordinator localhost:9092 (id: 2147483646 rack: null isFenced: false) due to the consumer unsubscribed from all topics
2026-06-15 22:37:22.659 [KafkaConsumerDestination{consumerDestinationName='order-events', partitions=0, dlqName='null'}.container-0-C-1] INFO  o.a.k.c.c.i.ConsumerCoordinator trace=,span= - [Consumer clientId=notification-service-0, groupId=notification-service-group] Resetting generation and member id due to: consumer pro-actively leaving the group
2026-06-15 22:37:22.660 [KafkaConsumerDestination{consumerDestinationName='order-events', partitions=0, dlqName='null'}.container-0-C-1] INFO  o.a.k.c.c.i.ConsumerCoordinator trace=,span= - [Consumer clientId=notification-service-0, groupId=notification-service-group] Request joining group due to: consumer pro-actively leaving the group
2026-06-15 22:37:22.660 [KafkaConsumerDestination{consumerDestinationName='order-events', partitions=0, dlqName='null'}.container-0-C-1] INFO  o.a.k.c.c.i.ClassicKafkaConsumer trace=,span= - [Consumer clientId=notification-service-0, groupId=notification-service-group] Unsubscribed all topics or patterns and assigned partitions
2026-06-15 22:37:22.660 [KafkaConsumerDestination{consumerDestinationName='order-events', partitions=0, dlqName='null'}.container-0-C-1] INFO  o.a.k.c.c.i.ConsumerCoordinator trace=,span= - [Consumer clientId=notification-service-0, groupId=notification-service-group] Resetting generation and member id due to: consumer pro-actively leaving the group
2026-06-15 22:37:22.661 [KafkaConsumerDestination{consumerDestinationName='order-events', partitions=0, dlqName='null'}.container-0-C-1] INFO  o.a.k.c.c.i.ConsumerCoordinator trace=,span= - [Consumer clientId=notification-service-0, groupId=notification-service-group] Request joining group due to: consumer pro-actively leaving the group
2026-06-15 22:37:22.733 [KafkaConsumerDestination{consumerDestinationName='order-events', partitions=0, dlqName='null'}.container-0-C-1] INFO  o.a.kafka.common.metrics.Metrics trace=,span= - Metrics scheduler closed
2026-06-15 22:37:22.734 [KafkaConsumerDestination{consumerDestinationName='order-events', partitions=0, dlqName='null'}.container-0-C-1] INFO  o.a.kafka.common.metrics.Metrics trace=,span= - Closing reporter org.apache.kafka.common.metrics.JmxReporter
2026-06-15 22:37:22.734 [KafkaConsumerDestination{consumerDestinationName='order-events', partitions=0, dlqName='null'}.container-0-C-1] INFO  o.a.kafka.common.metrics.Metrics trace=,span= - Closing reporter org.apache.kafka.common.telemetry.internals.ClientTelemetryReporter
2026-06-15 22:37:22.734 [KafkaConsumerDestination{consumerDestinationName='order-events', partitions=0, dlqName='null'}.container-0-C-1] INFO  o.a.kafka.common.metrics.Metrics trace=,span= - Metrics reporters closed
2026-06-15 22:37:22.737 [KafkaConsumerDestination{consumerDestinationName='order-events', partitions=0, dlqName='null'}.container-0-C-1] INFO  o.a.kafka.common.utils.AppInfoParser trace=,span= - App info kafka.consumer for notification-service-0 unregistered
2026-06-15 22:37:22.739 [SpringApplicationShutdownHook] INFO  o.s.i.k.i.KafkaMessageDrivenChannelAdapter trace=,span= - stopped org.springframework.integration.kafka.inbound.KafkaMessageDrivenChannelAdapter@1ac71b87
2026-06-15 22:37:22.759 [SpringApplicationShutdownHook] INFO  o.s.i.endpoint.EventDrivenConsumer trace=,span= - Removing {logging-channel-adapter:_org.springframework.integration.errorLogger} as a subscriber to the 'errorChannel' channel
2026-06-15 22:37:22.759 [SpringApplicationShutdownHook] INFO  o.s.i.c.PublishSubscribeChannel trace=,span= - Channel 'notification-service.errorChannel' has 0 subscriber(s).
2026-06-15 22:37:22.759 [SpringApplicationShutdownHook] INFO  o.s.i.endpoint.EventDrivenConsumer trace=,span= - stopped bean '_org.springframework.integration.errorLogger'
2026-06-15 22:39:32.037 [main] INFO  c.l.n.NotificationServiceApplication trace=,span= - Starting NotificationServiceApplication v0.0.1-SNAPSHOT using Java 25.0.2 with PID 22269 (/Users/Dzianis_Padbiarezski/projects/loadup/order-service/notification-service/build/libs/notification-service-0.0.1-SNAPSHOT.jar started by Dzianis_Padbiarezski in /Users/Dzianis_Padbiarezski/projects/loadup/order-service/notification-service)
2026-06-15 22:39:32.040 [main] DEBUG c.l.n.NotificationServiceApplication trace=,span= - Running with Spring Boot v4.0.7, Spring v7.0.8
2026-06-15 22:39:32.041 [main] INFO  c.l.n.NotificationServiceApplication trace=,span= - No active profile set, falling back to 1 default profile: "default"
2026-06-15 22:39:32.245 [background-preinit] INFO  o.h.validator.internal.util.Version trace=,span= - HV000001: Hibernate Validator 9.0.1.Final
2026-06-15 22:39:32.537 [main] INFO  o.s.d.r.c.RepositoryConfigurationDelegate trace=,span= - Multiple Spring Data modules found, entering strict repository configuration mode
2026-06-15 22:39:32.538 [main] INFO  o.s.d.r.c.RepositoryConfigurationDelegate trace=,span= - Bootstrapping Spring Data Redis repositories in DEFAULT mode.
2026-06-15 22:39:32.558 [main] INFO  o.s.d.r.c.RepositoryConfigurationDelegate trace=,span= - Finished Spring Data repository scanning in 9 ms. Found 0 Redis repository interfaces.
2026-06-15 22:39:32.705 [main] INFO  o.s.i.c.DefaultConfiguringBeanFactoryPostProcessor trace=,span= - No bean named 'errorChannel' has been explicitly defined. Therefore, a default PublishSubscribeChannel will be created.
2026-06-15 22:39:32.711 [main] INFO  o.s.i.c.DefaultConfiguringBeanFactoryPostProcessor trace=,span= - No bean named 'integrationHeaderChannelRegistry' has been explicitly defined. Therefore, a default DefaultHeaderChannelRegistry will be created.
2026-06-15 22:39:33.094 [main] INFO  o.s.boot.tomcat.TomcatWebServer trace=,span= - Tomcat initialized with port 8081 (http)
2026-06-15 22:39:33.103 [main] INFO  o.a.coyote.http11.Http11NioProtocol trace=,span= - Initializing ProtocolHandler ["http-nio-8081"]
2026-06-15 22:39:33.105 [main] INFO  o.a.catalina.core.StandardService trace=,span= - Starting service [Tomcat]
2026-06-15 22:39:33.105 [main] INFO  o.a.catalina.core.StandardEngine trace=,span= - Starting Servlet engine: [Apache Tomcat/11.0.22]
2026-06-15 22:39:33.123 [main] INFO  o.s.b.w.c.s.WebApplicationContextInitializer trace=,span= - Root WebApplicationContext: initialization completed in 1036 ms
2026-06-15 22:39:33.238 [main] WARN  i.n.r.d.DnsServerAddressStreamProviders trace=,span= - Can not find io.netty.resolver.dns.macos.MacOSDnsServerAddressStreamProvider in the classpath, fallback to system defaults. This may result in incorrect DNS resolutions on MacOS. Check whether you have a dependency on 'io.netty:netty-resolver-dns-native-macos'
2026-06-15 22:39:34.070 [main] INFO  o.s.i.endpoint.EventDrivenConsumer trace=,span= - Adding {logging-channel-adapter:_org.springframework.integration.errorLogger} as a subscriber to the 'errorChannel' channel
2026-06-15 22:39:34.070 [main] INFO  o.s.i.c.PublishSubscribeChannel trace=,span= - Channel 'notification-service.errorChannel' has 1 subscriber(s).
2026-06-15 22:39:34.071 [main] INFO  o.s.i.endpoint.EventDrivenConsumer trace=,span= - started bean '_org.springframework.integration.errorLogger'
2026-06-15 22:39:34.224 [main] INFO  o.a.k.common.config.AbstractConfig trace=,span= - ConsumerConfig values: 
	allow.auto.create.topics = true
	auto.commit.interval.ms = 100
	auto.offset.reset = earliest
	bootstrap.servers = [localhost:9092]
	check.crcs = true
	client.dns.lookup = use_all_dns_ips
	client.id = notification-service
	client.rack = 
	connections.max.idle.ms = 540000
	default.api.timeout.ms = 60000
	enable.auto.commit = false
	enable.metrics.push = true
	exclude.internal.topics = true
	fetch.max.bytes = 52428800
	fetch.max.wait.ms = 500
	fetch.min.bytes = 1
	group.id = notification-service-group
	group.instance.id = null
	group.protocol = classic
	group.remote.assignor = null
	heartbeat.interval.ms = 3000
	interceptor.classes = []
	internal.leave.group.on.close = true
	internal.throw.on.fetch.stable.offset.unsupported = false
	isolation.level = read_uncommitted
	key.deserializer = class org.apache.kafka.common.serialization.ByteArrayDeserializer
	max.partition.fetch.bytes = 1048576
	max.poll.interval.ms = 300000
	max.poll.records = 500
	metadata.max.age.ms = 300000
	metadata.recovery.rebootstrap.trigger.ms = 300000
	metadata.recovery.strategy = rebootstrap
	metric.reporters = [org.apache.kafka.common.metrics.JmxReporter]
	metrics.num.samples = 2
	metrics.recording.level = INFO
	metrics.sample.window.ms = 30000
	partition.assignment.strategy = [class org.apache.kafka.clients.consumer.RangeAssignor, class org.apache.kafka.clients.consumer.CooperativeStickyAssignor]
	receive.buffer.bytes = 65536
	reconnect.backoff.max.ms = 1000
	reconnect.backoff.ms = 50
	request.timeout.ms = 30000
	retry.backoff.max.ms = 1000
	retry.backoff.ms = 100
	sasl.client.callback.handler.class = null
	sasl.jaas.config = null
	sasl.kerberos.kinit.cmd = /usr/bin/kinit
	sasl.kerberos.min.time.before.relogin = 60000
	sasl.kerberos.service.name = null
	sasl.kerberos.ticket.renew.jitter = 0.05
	sasl.kerberos.ticket.renew.window.factor = 0.8
	sasl.login.callback.handler.class = null
	sasl.login.class = null
	sasl.login.connect.timeout.ms = null
	sasl.login.read.timeout.ms = null
	sasl.login.refresh.buffer.seconds = 300
	sasl.login.refresh.min.period.seconds = 60
	sasl.login.refresh.window.factor = 0.8
	sasl.login.refresh.window.jitter = 0.05
	sasl.login.retry.backoff.max.ms = 10000
	sasl.login.retry.backoff.ms = 100
	sasl.mechanism = GSSAPI
	sasl.oauthbearer.assertion.algorithm = RS256
	sasl.oauthbearer.assertion.claim.aud = null
	sasl.oauthbearer.assertion.claim.exp.seconds = 300
	sasl.oauthbearer.assertion.claim.iss = null
	sasl.oauthbearer.assertion.claim.jti.include = false
	sasl.oauthbearer.assertion.claim.nbf.seconds = 60
	sasl.oauthbearer.assertion.claim.sub = null
	sasl.oauthbearer.assertion.file = null
	sasl.oauthbearer.assertion.private.key.file = null
	sasl.oauthbearer.assertion.private.key.passphrase = null
	sasl.oauthbearer.assertion.template.file = null
	sasl.oauthbearer.client.credentials.client.id = null
	sasl.oauthbearer.client.credentials.client.secret = null
	sasl.oauthbearer.clock.skew.seconds = 30
	sasl.oauthbearer.expected.audience = null
	sasl.oauthbearer.expected.issuer = null
	sasl.oauthbearer.header.urlencode = false
	sasl.oauthbearer.jwks.endpoint.refresh.ms = 3600000
	sasl.oauthbearer.jwks.endpoint.retry.backoff.max.ms = 10000
	sasl.oauthbearer.jwks.endpoint.retry.backoff.ms = 100
	sasl.oauthbearer.jwks.endpoint.url = null
	sasl.oauthbearer.jwt.retriever.class = class org.apache.kafka.common.security.oauthbearer.DefaultJwtRetriever
	sasl.oauthbearer.jwt.validator.class = class org.apache.kafka.common.security.oauthbearer.DefaultJwtValidator
	sasl.oauthbearer.scope = null
	sasl.oauthbearer.scope.claim.name = scope
	sasl.oauthbearer.sub.claim.name = sub
	sasl.oauthbearer.token.endpoint.url = null
	security.protocol = PLAINTEXT
	security.providers = null
	send.buffer.bytes = 131072
	session.timeout.ms = 45000
	share.acknowledgement.mode = implicit
	socket.connection.setup.timeout.max.ms = 30000
	socket.connection.setup.timeout.ms = 10000
	ssl.cipher.suites = null
	ssl.enabled.protocols = [TLSv1.2, TLSv1.3]
	ssl.endpoint.identification.algorithm = https
	ssl.engine.factory.class = null
	ssl.key.password = null
	ssl.keymanager.algorithm = SunX509
	ssl.keystore.certificate.chain = null
	ssl.keystore.key = null
	ssl.keystore.location = null
	ssl.keystore.password = null
	ssl.keystore.type = JKS
	ssl.protocol = TLSv1.3
	ssl.provider = null
	ssl.secure.random.implementation = null
	ssl.trustmanager.algorithm = PKIX
	ssl.truststore.certificates = null
	ssl.truststore.location = null
	ssl.truststore.password = null
	ssl.truststore.type = JKS
	value.deserializer = class org.apache.kafka.common.serialization.ByteArrayDeserializer

2026-06-15 22:39:34.269 [main] INFO  o.a.k.c.t.i.KafkaMetricsCollector trace=,span= - initializing Kafka metrics collector
2026-06-15 22:39:34.416 [main] INFO  o.a.kafka.common.utils.AppInfoParser trace=,span= - Kafka version: 4.1.2
2026-06-15 22:39:34.417 [main] INFO  o.a.kafka.common.utils.AppInfoParser trace=,span= - Kafka commitId: c82fd9b934b4c1e6
2026-06-15 22:39:34.417 [main] INFO  o.a.kafka.common.utils.AppInfoParser trace=,span= - Kafka startTimeMs: 1781577574415
2026-06-15 22:39:34.787 [main] INFO  org.apache.kafka.clients.Metadata trace=,span= - [Consumer clientId=notification-service, groupId=notification-service-group] Cluster ID: 5L6g3nShT-eMCtK--X86sw
2026-06-15 22:39:34.791 [main] INFO  o.a.k.c.c.i.ConsumerCoordinator trace=,span= - [Consumer clientId=notification-service, groupId=notification-service-group] Resetting generation and member id due to: consumer pro-actively leaving the group
2026-06-15 22:39:34.791 [main] INFO  o.a.k.c.c.i.ConsumerCoordinator trace=,span= - [Consumer clientId=notification-service, groupId=notification-service-group] Request joining group due to: consumer pro-actively leaving the group
2026-06-15 22:39:34.794 [main] INFO  o.a.kafka.common.metrics.Metrics trace=,span= - Metrics scheduler closed
2026-06-15 22:39:34.794 [main] INFO  o.a.kafka.common.metrics.Metrics trace=,span= - Closing reporter org.apache.kafka.common.metrics.JmxReporter
2026-06-15 22:39:34.794 [main] INFO  o.a.kafka.common.metrics.Metrics trace=,span= - Closing reporter org.apache.kafka.common.telemetry.internals.ClientTelemetryReporter
2026-06-15 22:39:34.794 [main] INFO  o.a.kafka.common.metrics.Metrics trace=,span= - Metrics reporters closed
2026-06-15 22:39:34.798 [main] INFO  o.a.kafka.common.utils.AppInfoParser trace=,span= - App info kafka.consumer for notification-service unregistered
2026-06-15 22:39:34.844 [main] INFO  o.a.k.common.config.AbstractConfig trace=,span= - ConsumerConfig values: 
	allow.auto.create.topics = true
	auto.commit.interval.ms = 100
	auto.offset.reset = earliest
	bootstrap.servers = [localhost:9092]
	check.crcs = true
	client.dns.lookup = use_all_dns_ips
	client.id = notification-service-0
	client.rack = 
	connections.max.idle.ms = 540000
	default.api.timeout.ms = 60000
	enable.auto.commit = false
	enable.metrics.push = true
	exclude.internal.topics = true
	fetch.max.bytes = 52428800
	fetch.max.wait.ms = 500
	fetch.min.bytes = 1
	group.id = notification-service-group
	group.instance.id = null
	group.protocol = classic
	group.remote.assignor = null
	heartbeat.interval.ms = 3000
	interceptor.classes = []
	internal.leave.group.on.close = true
	internal.throw.on.fetch.stable.offset.unsupported = false
	isolation.level = read_uncommitted
	key.deserializer = class org.apache.kafka.common.serialization.ByteArrayDeserializer
	max.partition.fetch.bytes = 1048576
	max.poll.interval.ms = 300000
	max.poll.records = 500
	metadata.max.age.ms = 300000
	metadata.recovery.rebootstrap.trigger.ms = 300000
	metadata.recovery.strategy = rebootstrap
	metric.reporters = [org.apache.kafka.common.metrics.JmxReporter]
	metrics.num.samples = 2
	metrics.recording.level = INFO
	metrics.sample.window.ms = 30000
	partition.assignment.strategy = [class org.apache.kafka.clients.consumer.RangeAssignor, class org.apache.kafka.clients.consumer.CooperativeStickyAssignor]
	receive.buffer.bytes = 65536
	reconnect.backoff.max.ms = 1000
	reconnect.backoff.ms = 50
	request.timeout.ms = 30000
	retry.backoff.max.ms = 1000
	retry.backoff.ms = 100
	sasl.client.callback.handler.class = null
	sasl.jaas.config = null
	sasl.kerberos.kinit.cmd = /usr/bin/kinit
	sasl.kerberos.min.time.before.relogin = 60000
	sasl.kerberos.service.name = null
	sasl.kerberos.ticket.renew.jitter = 0.05
	sasl.kerberos.ticket.renew.window.factor = 0.8
	sasl.login.callback.handler.class = null
	sasl.login.class = null
	sasl.login.connect.timeout.ms = null
	sasl.login.read.timeout.ms = null
	sasl.login.refresh.buffer.seconds = 300
	sasl.login.refresh.min.period.seconds = 60
	sasl.login.refresh.window.factor = 0.8
	sasl.login.refresh.window.jitter = 0.05
	sasl.login.retry.backoff.max.ms = 10000
	sasl.login.retry.backoff.ms = 100
	sasl.mechanism = GSSAPI
	sasl.oauthbearer.assertion.algorithm = RS256
	sasl.oauthbearer.assertion.claim.aud = null
	sasl.oauthbearer.assertion.claim.exp.seconds = 300
	sasl.oauthbearer.assertion.claim.iss = null
	sasl.oauthbearer.assertion.claim.jti.include = false
	sasl.oauthbearer.assertion.claim.nbf.seconds = 60
	sasl.oauthbearer.assertion.claim.sub = null
	sasl.oauthbearer.assertion.file = null
	sasl.oauthbearer.assertion.private.key.file = null
	sasl.oauthbearer.assertion.private.key.passphrase = null
	sasl.oauthbearer.assertion.template.file = null
	sasl.oauthbearer.client.credentials.client.id = null
	sasl.oauthbearer.client.credentials.client.secret = null
	sasl.oauthbearer.clock.skew.seconds = 30
	sasl.oauthbearer.expected.audience = null
	sasl.oauthbearer.expected.issuer = null
	sasl.oauthbearer.header.urlencode = false
	sasl.oauthbearer.jwks.endpoint.refresh.ms = 3600000
	sasl.oauthbearer.jwks.endpoint.retry.backoff.max.ms = 10000
	sasl.oauthbearer.jwks.endpoint.retry.backoff.ms = 100
	sasl.oauthbearer.jwks.endpoint.url = null
	sasl.oauthbearer.jwt.retriever.class = class org.apache.kafka.common.security.oauthbearer.DefaultJwtRetriever
	sasl.oauthbearer.jwt.validator.class = class org.apache.kafka.common.security.oauthbearer.DefaultJwtValidator
	sasl.oauthbearer.scope = null
	sasl.oauthbearer.scope.claim.name = scope
	sasl.oauthbearer.sub.claim.name = sub
	sasl.oauthbearer.token.endpoint.url = null
	security.protocol = PLAINTEXT
	security.providers = null
	send.buffer.bytes = 131072
	session.timeout.ms = 45000
	share.acknowledgement.mode = implicit
	socket.connection.setup.timeout.max.ms = 30000
	socket.connection.setup.timeout.ms = 10000
	ssl.cipher.suites = null
	ssl.enabled.protocols = [TLSv1.2, TLSv1.3]
	ssl.endpoint.identification.algorithm = https
	ssl.engine.factory.class = null
	ssl.key.password = null
	ssl.keymanager.algorithm = SunX509
	ssl.keystore.certificate.chain = null
	ssl.keystore.key = null
	ssl.keystore.location = null
	ssl.keystore.password = null
	ssl.keystore.type = JKS
	ssl.protocol = TLSv1.3
	ssl.provider = null
	ssl.secure.random.implementation = null
	ssl.trustmanager.algorithm = PKIX
	ssl.truststore.certificates = null
	ssl.truststore.location = null
	ssl.truststore.password = null
	ssl.truststore.type = JKS
	value.deserializer = class org.apache.kafka.common.serialization.ByteArrayDeserializer

2026-06-15 22:39:34.845 [main] INFO  o.a.k.c.t.i.KafkaMetricsCollector trace=,span= - initializing Kafka metrics collector
2026-06-15 22:39:34.848 [main] INFO  o.a.kafka.common.utils.AppInfoParser trace=,span= - Kafka version: 4.1.2
2026-06-15 22:39:34.848 [main] INFO  o.a.kafka.common.utils.AppInfoParser trace=,span= - Kafka commitId: c82fd9b934b4c1e6
2026-06-15 22:39:34.848 [main] INFO  o.a.kafka.common.utils.AppInfoParser trace=,span= - Kafka startTimeMs: 1781577574848
2026-06-15 22:39:34.849 [main] INFO  o.a.k.c.c.i.ClassicKafkaConsumer trace=,span= - [Consumer clientId=notification-service-0, groupId=notification-service-group] Subscribed to topic(s): order-events
2026-06-15 22:39:34.855 [main] INFO  o.s.i.k.i.KafkaMessageDrivenChannelAdapter trace=,span= - started org.springframework.integration.kafka.inbound.KafkaMessageDrivenChannelAdapter@4a977146
2026-06-15 22:39:34.857 [main] INFO  o.a.coyote.http11.Http11NioProtocol trace=,span= - Starting ProtocolHandler ["http-nio-8081"]
2026-06-15 22:39:34.867 [main] INFO  o.s.boot.tomcat.TomcatWebServer trace=,span= - Tomcat started on port 8081 (http) with context path '/'
2026-06-15 22:39:34.885 [main] INFO  c.l.n.NotificationServiceApplication trace=,span= - Started NotificationServiceApplication in 3.48 seconds (process running for 6.641)
2026-06-15 22:39:34.886 [KafkaConsumerDestination{consumerDestinationName='order-events', partitions=0, dlqName='null'}.container-0-C-1] INFO  org.apache.kafka.clients.Metadata trace=,span= - [Consumer clientId=notification-service-0, groupId=notification-service-group] Cluster ID: 5L6g3nShT-eMCtK--X86sw
2026-06-15 22:39:34.891 [KafkaConsumerDestination{consumerDestinationName='order-events', partitions=0, dlqName='null'}.container-0-C-1] INFO  o.a.k.c.c.i.ConsumerCoordinator trace=,span= - [Consumer clientId=notification-service-0, groupId=notification-service-group] Discovered group coordinator localhost:9092 (id: 2147483646 rack: null isFenced: false)
2026-06-15 22:39:34.893 [KafkaConsumerDestination{consumerDestinationName='order-events', partitions=0, dlqName='null'}.container-0-C-1] INFO  o.a.k.c.c.i.ConsumerCoordinator trace=,span= - [Consumer clientId=notification-service-0, groupId=notification-service-group] (Re-)joining group
2026-06-15 22:39:34.907 [KafkaConsumerDestination{consumerDestinationName='order-events', partitions=0, dlqName='null'}.container-0-C-1] INFO  o.a.k.c.c.i.ConsumerCoordinator trace=,span= - [Consumer clientId=notification-service-0, groupId=notification-service-group] Request joining group due to: need to re-join with the given member-id: notification-service-0-c80c9426-f153-4f82-b4e2-1fc8a2e23661
2026-06-15 22:39:34.907 [KafkaConsumerDestination{consumerDestinationName='order-events', partitions=0, dlqName='null'}.container-0-C-1] INFO  o.a.k.c.c.i.ConsumerCoordinator trace=,span= - [Consumer clientId=notification-service-0, groupId=notification-service-group] (Re-)joining group
2026-06-15 22:39:37.924 [KafkaConsumerDestination{consumerDestinationName='order-events', partitions=0, dlqName='null'}.container-0-C-1] INFO  o.a.k.c.c.i.ConsumerCoordinator trace=,span= - [Consumer clientId=notification-service-0, groupId=notification-service-group] Successfully joined group with generation Generation{generationId=5, memberId='notification-service-0-c80c9426-f153-4f82-b4e2-1fc8a2e23661', protocol='range'}
2026-06-15 22:39:37.944 [KafkaConsumerDestination{consumerDestinationName='order-events', partitions=0, dlqName='null'}.container-0-C-1] INFO  o.a.k.c.c.i.ConsumerCoordinator trace=,span= - [Consumer clientId=notification-service-0, groupId=notification-service-group] Finished assignment for group at generation 5: {notification-service-0-c80c9426-f153-4f82-b4e2-1fc8a2e23661=Assignment(partitions=[order-events-0])}
2026-06-15 22:39:37.958 [KafkaConsumerDestination{consumerDestinationName='order-events', partitions=0, dlqName='null'}.container-0-C-1] INFO  o.a.k.c.c.i.ConsumerCoordinator trace=,span= - [Consumer clientId=notification-service-0, groupId=notification-service-group] Successfully synced group in generation Generation{generationId=5, memberId='notification-service-0-c80c9426-f153-4f82-b4e2-1fc8a2e23661', protocol='range'}
2026-06-15 22:39:37.958 [KafkaConsumerDestination{consumerDestinationName='order-events', partitions=0, dlqName='null'}.container-0-C-1] INFO  o.a.k.c.c.i.ConsumerCoordinator trace=,span= - [Consumer clientId=notification-service-0, groupId=notification-service-group] Notifying assignor about the new Assignment(partitions=[order-events-0])
2026-06-15 22:39:37.960 [KafkaConsumerDestination{consumerDestinationName='order-events', partitions=0, dlqName='null'}.container-0-C-1] INFO  o.a.k.c.c.i.ConsumerRebalanceListenerInvoker trace=,span= - [Consumer clientId=notification-service-0, groupId=notification-service-group] Adding newly assigned partitions: [order-events-0]
2026-06-15 22:39:37.976 [KafkaConsumerDestination{consumerDestinationName='order-events', partitions=0, dlqName='null'}.container-0-C-1] INFO  o.a.k.c.c.internals.ConsumerUtils trace=,span= - Setting offset for partition order-events-0 to the committed offset FetchPosition{offset=2, offsetEpoch=Optional.empty, currentLeader=LeaderAndEpoch{leader=Optional[localhost:9092 (id: 1 rack: null isFenced: false)], epoch=2}}
2026-06-15 22:39:59.631 [KafkaConsumerDestination{consumerDestinationName='order-events', partitions=0, dlqName='null'}.container-0-C-1] INFO  c.l.n.m.OrderNotificationListener trace=17a1460a7b30e035a9e4be2c17b81a64,span= - Received order event: OrderEventMessage[tenantId=dzianis-tech-inc, orderId=3b7a8b7e-d52b-43f4-9ed7-ef874ebe4614, status=CREATED]
2026-06-15 22:40:35.139 [KafkaConsumerDestination{consumerDestinationName='order-events', partitions=0, dlqName='null'}.container-0-C-1] DEBUG c.l.n.cache.OrderRedisCacheService trace=17a1460a7b30e035a9e4be2c17b81a64,span= - Order is not present in cache: tenantId=dzianis-tech-inc, orderId=3b7a8b7e-d52b-43f4-9ed7-ef874ebe4614
2026-06-15 22:40:35.140 [KafkaConsumerDestination{consumerDestinationName='order-events', partitions=0, dlqName='null'}.container-0-C-1] DEBUG c.l.n.s.OrderNotificationService trace=17a1460a7b30e035a9e4be2c17b81a64,span= - Order not found in cache, using fallback to db stub | orderId=3b7a8b7e-d52b-43f4-9ed7-ef874ebe4614
2026-06-15 22:40:35.140 [KafkaConsumerDestination{consumerDestinationName='order-events', partitions=0, dlqName='null'}.container-0-C-1] INFO  c.l.n.s.OrderNotificationService trace=17a1460a7b30e035a9e4be2c17b81a64,span= - Triggering order receipt notification | orderId=3b7a8b7e-d52b-43f4-9ed7-ef874ebe4614 status=CREATED
2026-06-15 22:40:35.140 [KafkaConsumerDestination{consumerDestinationName='order-events', partitions=0, dlqName='null'}.container-0-C-1] DEBUG c.l.n.s.OrderReceiptNotificationService trace=17a1460a7b30e035a9e4be2c17b81a64,span= - Order receipt notification | tenantId=dzianis-tech-inc orderId=3b7a8b7e-d52b-43f4-9ed7-ef874ebe4614 status=CREATED message='Order receipt: Your order '3b7a8b7e-d52b-43f4-9ed7-ef874ebe4614' has been created. Thank you for choosing us!'
2026-06-15 22:40:35.140 [KafkaConsumerDestination{consumerDestinationName='order-events', partitions=0, dlqName='null'}.container-0-C-1] INFO  c.l.n.s.c.EmailNotificationChannel trace=17a1460a7b30e035a9e4be2c17b81a64,span= - [EMAIL] Sending notification to customer email=some@loadup.com | tenantId=dzianis-tech-inc | orderId=3b7a8b7e-d52b-43f4-9ed7-ef874ebe4614 | message='Order receipt: Your order '3b7a8b7e-d52b-43f4-9ed7-ef874ebe4614' has been created. Thank you for choosing us!'
2026-06-15 22:40:35.140 [KafkaConsumerDestination{consumerDestinationName='order-events', partitions=0, dlqName='null'}.container-0-C-1] INFO  c.l.n.m.OrderNotificationListener trace=17a1460a7b30e035a9e4be2c17b81a64,span= - Order event acknowledged.
2026-06-15 22:46:20.034 [SpringApplicationShutdownHook] INFO  o.s.boot.tomcat.GracefulShutdown trace=,span= - Commencing graceful shutdown. Waiting for active requests to complete
2026-06-15 22:46:22.076 [tomcat-shutdown] INFO  o.s.boot.tomcat.GracefulShutdown trace=,span= - Graceful shutdown complete
2026-06-15 22:46:22.086 [KafkaConsumerDestination{consumerDestinationName='order-events', partitions=0, dlqName='null'}.container-0-C-1] INFO  o.a.k.c.c.i.ConsumerRebalanceListenerInvoker trace=,span= - [Consumer clientId=notification-service-0, groupId=notification-service-group] Revoke previously assigned partitions [order-events-0]
2026-06-15 22:46:22.088 [KafkaConsumerDestination{consumerDestinationName='order-events', partitions=0, dlqName='null'}.container-0-C-1] INFO  o.a.k.c.c.i.ConsumerCoordinator trace=,span= - [Consumer clientId=notification-service-0, groupId=notification-service-group] Member notification-service-0-c80c9426-f153-4f82-b4e2-1fc8a2e23661 sending LeaveGroup request to coordinator localhost:9092 (id: 2147483646 rack: null isFenced: false) due to the consumer unsubscribed from all topics
2026-06-15 22:46:22.089 [KafkaConsumerDestination{consumerDestinationName='order-events', partitions=0, dlqName='null'}.container-0-C-1] INFO  o.a.k.c.c.i.ConsumerCoordinator trace=,span= - [Consumer clientId=notification-service-0, groupId=notification-service-group] Resetting generation and member id due to: consumer pro-actively leaving the group
2026-06-15 22:46:22.089 [KafkaConsumerDestination{consumerDestinationName='order-events', partitions=0, dlqName='null'}.container-0-C-1] INFO  o.a.k.c.c.i.ConsumerCoordinator trace=,span= - [Consumer clientId=notification-service-0, groupId=notification-service-group] Request joining group due to: consumer pro-actively leaving the group
2026-06-15 22:46:22.089 [KafkaConsumerDestination{consumerDestinationName='order-events', partitions=0, dlqName='null'}.container-0-C-1] INFO  o.a.k.c.c.i.ClassicKafkaConsumer trace=,span= - [Consumer clientId=notification-service-0, groupId=notification-service-group] Unsubscribed all topics or patterns and assigned partitions
2026-06-15 22:46:22.090 [KafkaConsumerDestination{consumerDestinationName='order-events', partitions=0, dlqName='null'}.container-0-C-1] INFO  o.a.k.c.c.i.ConsumerCoordinator trace=,span= - [Consumer clientId=notification-service-0, groupId=notification-service-group] Resetting generation and member id due to: consumer pro-actively leaving the group
2026-06-15 22:46:22.090 [KafkaConsumerDestination{consumerDestinationName='order-events', partitions=0, dlqName='null'}.container-0-C-1] INFO  o.a.k.c.c.i.ConsumerCoordinator trace=,span= - [Consumer clientId=notification-service-0, groupId=notification-service-group] Request joining group due to: consumer pro-actively leaving the group
2026-06-15 22:46:22.501 [KafkaConsumerDestination{consumerDestinationName='order-events', partitions=0, dlqName='null'}.container-0-C-1] INFO  o.a.kafka.common.metrics.Metrics trace=,span= - Metrics scheduler closed
2026-06-15 22:46:22.502 [KafkaConsumerDestination{consumerDestinationName='order-events', partitions=0, dlqName='null'}.container-0-C-1] INFO  o.a.kafka.common.metrics.Metrics trace=,span= - Closing reporter org.apache.kafka.common.metrics.JmxReporter
2026-06-15 22:46:22.502 [KafkaConsumerDestination{consumerDestinationName='order-events', partitions=0, dlqName='null'}.container-0-C-1] INFO  o.a.kafka.common.metrics.Metrics trace=,span= - Closing reporter org.apache.kafka.common.telemetry.internals.ClientTelemetryReporter
2026-06-15 22:46:22.502 [KafkaConsumerDestination{consumerDestinationName='order-events', partitions=0, dlqName='null'}.container-0-C-1] INFO  o.a.kafka.common.metrics.Metrics trace=,span= - Metrics reporters closed
2026-06-15 22:46:22.507 [KafkaConsumerDestination{consumerDestinationName='order-events', partitions=0, dlqName='null'}.container-0-C-1] INFO  o.a.kafka.common.utils.AppInfoParser trace=,span= - App info kafka.consumer for notification-service-0 unregistered
2026-06-15 22:46:22.512 [SpringApplicationShutdownHook] INFO  o.s.i.k.i.KafkaMessageDrivenChannelAdapter trace=,span= - stopped org.springframework.integration.kafka.inbound.KafkaMessageDrivenChannelAdapter@4a977146
2026-06-15 22:46:22.536 [SpringApplicationShutdownHook] INFO  o.s.i.endpoint.EventDrivenConsumer trace=,span= - Removing {logging-channel-adapter:_org.springframework.integration.errorLogger} as a subscriber to the 'errorChannel' channel
2026-06-15 22:46:22.536 [SpringApplicationShutdownHook] INFO  o.s.i.c.PublishSubscribeChannel trace=,span= - Channel 'notification-service.errorChannel' has 0 subscriber(s).
2026-06-15 22:46:22.537 [SpringApplicationShutdownHook] INFO  o.s.i.endpoint.EventDrivenConsumer trace=,span= - stopped bean '_org.springframework.integration.errorLogger'
